split,case,group,support,support_bin,morphology,replicate,certificate,decision,reason,failure_class,local_observable,nonpass_pixels,support_pixels,maximum_component_area,maximum_component_span
design,design_dirty_000,contaminated,0.001,<1%,compact_blob,0,global_baseline,PASS,spatial_certificate,A_OBSERVABLE_SPATIALLY_DILUTED,True,1,1,1,1
design,design_dirty_000,contaminated,0.001,<1%,compact_blob,0,tile,PASS,spatial_certificate,A_OBSERVABLE_SPATIALLY_DILUTED,True,1,1,1,1
design,design_dirty_000,contaminated,0.001,<1%,compact_blob,0,multiscale,PASS,spatial_certificate,A_OBSERVABLE_SPATIALLY_DILUTED,True,1,1,1,1
design,design_dirty_000,contaminated,0.001,<1%,compact_blob,0,connected_component,PASS,spatial_certificate,A_OBSERVABLE_SPATIALLY_DILUTED,True,1,1,1,1
design,design_dirty_000,contaminated,0.001,<1%,compact_blob,0,max_local_density,PASS,spatial_certificate,A_OBSERVABLE_SPATIALLY_DILUTED,True,1,1,1,1
design,design_dirty_000,contaminated,0.001,<1%,compact_blob,0,edge_aware,PASS,spatial_certificate,A_OBSERVABLE_SPATIALLY_DILUTED,True,1,1,1,1
design,design_dirty_000,contaminated,0.001,<1%,compact_blob,0,aggressive,PASS,spatial_certificate,A_OBSERVABLE_SPATIALLY_DILUTED,True,1,1,1,1
design,design_dirty_000,contaminated,0.001,<1%,compact_blob,0,balanced,PASS,spatial_certificate,A_OBSERVABLE_SPATIALLY_DILUTED,True,1,1,1,1
design,design_dirty_000,contaminated,0.001,<1%,compact_blob,0,conservative,PASS,spatial_certificate,A_OBSERVABLE_SPATIALLY_DILUTED,True,1,1,1,1
design,design_dirty_001,contaminated,0.001,<1%,compact_blob,1,global_baseline,PASS,spatial_certificate,A_OBSERVABLE_SPATIALLY_DILUTED,True,2,1,1,1
design,design_dirty_001,contaminated,0.001,<1%,compact_blob,1,tile,PASS,spatial_certificate,A_OBSERVABLE_SPATIALLY_DILUTED,True,2,1,1,1
design,design_dirty_001,contaminated,0.001,<1%,compact_blob,1,multiscale,PASS,spatial_certificate,A_OBSERVABLE_SPATIALLY_DILUTED,True,2,1,1,1
design,design_dirty_001,contaminated,0.001,<1%,compact_blob,1,connected_component,PASS,spatial_certificate,A_OBSERVABLE_SPATIALLY_DILUTED,True,2,1,1,1
design,design_dirty_001,contaminated,0.001,<1%,compact_blob,1,max_local_density,PASS,spatial_certificate,A_OBSERVABLE_SPATIALLY_DILUTED,True,2,1,1,1
design,design_dirty_001,contaminated,0.001,<1%,compact_blob,1,edge_aware,PASS,spatial_certificate,A_OBSERVABLE_SPATIALLY_DILUTED,True,2,1,1,1
design,design_dirty_001,contaminated,0.001,<1%,compact_blob,1,aggressive,PASS,spatial_certificate,A_OBSERVABLE_SPATIALLY_DILUTED,True,2,1,1,1
design,design_dirty_001,contaminated,0.001,<1%,compact_blob,1,balanced,PASS,spatial_certificate,A_OBSERVABLE_SPATIALLY_DILUTED,True,2,1,1,1
design,design_dirty_001,contaminated,0.001,<1%,compact_blob,1,conservative,PASS,spatial_certificate,A_OBSERVABLE_SPATIALLY_DILUTED,True,2,1,1,1
design,design_dirty_002,contaminated,0.001,<1%,elongated_streak,0,global_baseline,PASS,spatial_certificate,A_OBSERVABLE_SPATIALLY_DILUTED,True,1,1,1,1
design,design_dirty_002,contaminated,0.001,<1%,elongated_streak,0,tile,PASS,spatial_certificate,A_OBSERVABLE_SPATIALLY_DILUTED,True,1,1,1,1
design,design_dirty_002,contaminated,0.001,<1%,elongated_streak,0,multiscale,PASS,spatial_certificate,A_OBSERVABLE_SPATIALLY_DILUTED,True,1,1,1,1
design,design_dirty_002,contaminated,0.001,<1%,elongated_streak,0,connected_component,PASS,spatial_certificate,A_OBSERVABLE_SPATIALLY_DILUTED,True,1,1,1,1
design,design_dirty_002,contaminated,0.001,<1%,elongated_streak,0,max_local_density,PASS,spatial_certificate,A_OBSERVABLE_SPATIALLY_DILUTED,True,1,1,1,1
design,design_dirty_002,contaminated,0.001,<1%,elongated_streak,0,edge_aware,PASS,spatial_certificate,A_OBSERVABLE_SPATIALLY_DILUTED,True,1,1,1,1
design,design_dirty_002,contaminated,0.001,<1%,elongated_streak,0,aggressive,PASS,spatial_certificate,A_OBSERVABLE_SPATIALLY_DILUTED,True,1,1,1,1
design,design_dirty_002,contaminated,0.001,<1%,elongated_streak,0,balanced,PASS,spatial_certificate,A_OBSERVABLE_SPATIALLY_DILUTED,True,1,1,1,1
design,design_dirty_002,contaminated,0.001,<1%,elongated_streak,0,conservative,PASS,spatial_certificate,A_OBSERVABLE_SPATIALLY_DILUTED,True,1,1,1,1
design,design_dirty_003,contaminated,0.001,<1%,elongated_streak,1,global_baseline,PASS,spatial_certificate,A_OBSERVABLE_SPATIALLY_DILUTED,True,4,1,1,1
design,design_dirty_003,contaminated,0.001,<1%,elongated_streak,1,tile,PASS,spatial_certificate,A_OBSERVABLE_SPATIALLY_DILUTED,True,4,1,1,1
design,design_dirty_003,contaminated,0.001,<1%,elongated_streak,1,multiscale,PASS,spatial_certificate,A_OBSERVABLE_SPATIALLY_DILUTED,True,4,1,1,1
design,design_dirty_003,contaminated,0.001,<1%,elongated_streak,1,connected_component,PASS,spatial_certificate,A_OBSERVABLE_SPATIALLY_DILUTED,True,4,1,1,1
design,design_dirty_003,contaminated,0.001,<1%,elongated_streak,1,max_local_density,PASS,spatial_certificate,A_OBSERVABLE_SPATIALLY_DILUTED,True,4,1,1,1
design,design_dirty_003,contaminated,0.001,<1%,elongated_streak,1,edge_aware,PASS,spatial_certificate,A_OBSERVABLE_SPATIALLY_DILUTED,True,4,1,1,1
design,design_dirty_003,contaminated,0.001,<1%,elongated_streak,1,aggressive,PASS,spatial_certificate,A_OBSERVABLE_SPATIALLY_DILUTED,True,4,1,1,1
design,design_dirty_003,contaminated,0.001,<1%,elongated_streak,1,balanced,PASS,spatial_certificate,A_OBSERVABLE_SPATIALLY_DILUTED,True,4,1,1,1
design,design_dirty_003,contaminated,0.001,<1%,elongated_streak,1,conservative,PASS,spatial_certificate,A_OBSERVABLE_SPATIALLY_DILUTED,True,4,1,1,1
design,design_dirty_004,contaminated,0.001,<1%,edge_blob,0,global_baseline,PASS,spatial_certificate,A_OBSERVABLE_SPATIALLY_DILUTED,True,4,1,1,1
design,design_dirty_004,contaminated,0.001,<1%,edge_blob,0,tile,PASS,spatial_certificate,A_OBSERVABLE_SPATIALLY_DILUTED,True,4,1,1,1
design,design_dirty_004,contaminated,0.001,<1%,edge_blob,0,multiscale,PASS,spatial_certificate,A_OBSERVABLE_SPATIALLY_DILUTED,True,4,1,1,1
design,design_dirty_004,contaminated,0.001,<1%,edge_blob,0,connected_component,PASS,spatial_certificate,A_OBSERVABLE_SPATIALLY_DILUTED,True,4,1,1,1
design,design_dirty_004,contaminated,0.001,<1%,edge_blob,0,max_local_density,PASS,spatial_certificate,A_OBSERVABLE_SPATIALLY_DILUTED,True,4,1,1,1
design,design_dirty_004,contaminated,0.001,<1%,edge_blob,0,edge_aware,PASS,spatial_certificate,A_OBSERVABLE_SPATIALLY_DILUTED,True,4,1,1,1
design,design_dirty_004,contaminated,0.001,<1%,edge_blob,0,aggressive,PASS,spatial_certificate,A_OBSERVABLE_SPATIALLY_DILUTED,True,4,1,1,1
design,design_dirty_004,contaminated,0.001,<1%,edge_blob,0,balanced,PASS,spatial_certificate,A_OBSERVABLE_SPATIALLY_DILUTED,True,4,1,1,1
design,design_dirty_004,contaminated,0.001,<1%,edge_blob,0,conservative,PASS,spatial_certificate,A_OBSERVABLE_SPATIALLY_DILUTED,True,4,1,1,1
design,design_dirty_005,contaminated,0.001,<1%,edge_blob,1,global_baseline,PASS,spatial_certificate,A_OBSERVABLE_SPATIALLY_DILUTED,True,3,1,1,1
design,design_dirty_005,contaminated,0.001,<1%,edge_blob,1,tile,PASS,spatial_certificate,A_OBSERVABLE_SPATIALLY_DILUTED,True,3,1,1,1
design,design_dirty_005,contaminated,0.001,<1%,edge_blob,1,multiscale,PASS,spatial_certificate,A_OBSERVABLE_SPATIALLY_DILUTED,True,3,1,1,1
design,design_dirty_005,contaminated,0.001,<1%,edge_blob,1,connected_component,PASS,spatial_certificate,A_OBSERVABLE_SPATIALLY_DILUTED,True,3,1,1,1
design,design_dirty_005,contaminated,0.001,<1%,edge_blob,1,max_local_density,PASS,spatial_certificate,A_OBSERVABLE_SPATIALLY_DILUTED,True,3,1,1,1
design,design_dirty_005,contaminated,0.001,<1%,edge_blob,1,edge_aware,PASS,spatial_certificate,A_OBSERVABLE_SPATIALLY_DILUTED,True,3,1,1,1
design,design_dirty_005,contaminated,0.001,<1%,edge_blob,1,aggressive,PASS,spatial_certificate,A_OBSERVABLE_SPATIALLY_DILUTED,True,3,1,1,1
design,design_dirty_005,contaminated,0.001,<1%,edge_blob,1,balanced,PASS,spatial_certificate,A_OBSERVABLE_SPATIALLY_DILUTED,True,3,1,1,1
design,design_dirty_005,contaminated,0.001,<1%,edge_blob,1,conservative,PASS,spatial_certificate,A_OBSERVABLE_SPATIALLY_DILUTED,True,3,1,1,1
design,design_dirty_006,contaminated,0.001,<1%,corner_blob,0,global_baseline,PASS,spatial_certificate,A_OBSERVABLE_SPATIALLY_DILUTED,True,2,1,1,1
design,design_dirty_006,contaminated,0.001,<1%,corner_blob,0,tile,PASS,spatial_certificate,A_OBSERVABLE_SPATIALLY_DILUTED,True,2,1,1,1
design,design_dirty_006,contaminated,0.001,<1%,corner_blob,0,multiscale,PASS,spatial_certificate,A_OBSERVABLE_SPATIALLY_DILUTED,True,2,1,1,1
design,design_dirty_006,contaminated,0.001,<1%,corner_blob,0,connected_component,PASS,spatial_certificate,A_OBSERVABLE_SPATIALLY_DILUTED,True,2,1,1,1
design,design_dirty_006,contaminated,0.001,<1%,corner_blob,0,max_local_density,PASS,spatial_certificate,A_OBSERVABLE_SPATIALLY_DILUTED,True,2,1,1,1
design,design_dirty_006,contaminated,0.001,<1%,corner_blob,0,edge_aware,PASS,spatial_certificate,A_OBSERVABLE_SPATIALLY_DILUTED,True,2,1,1,1
design,design_dirty_006,contaminated,0.001,<1%,corner_blob,0,aggressive,PASS,spatial_certificate,A_OBSERVABLE_SPATIALLY_DILUTED,True,2,1,1,1
design,design_dirty_006,contaminated,0.001,<1%,corner_blob,0,balanced,PASS,spatial_certificate,A_OBSERVABLE_SPATIALLY_DILUTED,True,2,1,1,1
design,design_dirty_006,contaminated,0.001,<1%,corner_blob,0,conservative,PASS,spatial_certificate,A_OBSERVABLE_SPATIALLY_DILUTED,True,2,1,1,1
design,design_dirty_007,contaminated,0.001,<1%,corner_blob,1,global_baseline,PASS,spatial_certificate,A_OBSERVABLE_SPATIALLY_DILUTED,True,5,1,1,1
design,design_dirty_007,contaminated,0.001,<1%,corner_blob,1,tile,PASS,spatial_certificate,A_OBSERVABLE_SPATIALLY_DILUTED,True,5,1,1,1
design,design_dirty_007,contaminated,0.001,<1%,corner_blob,1,multiscale,PASS,spatial_certificate,A_OBSERVABLE_SPATIALLY_DILUTED,True,5,1,1,1
design,design_dirty_007,contaminated,0.001,<1%,corner_blob,1,connected_component,PASS,spatial_certificate,A_OBSERVABLE_SPATIALLY_DILUTED,True,5,1,1,1
design,design_dirty_007,contaminated,0.001,<1%,corner_blob,1,max_local_density,PASS,spatial_certificate,A_OBSERVABLE_SPATIALLY_DILUTED,True,5,1,1,1
design,design_dirty_007,contaminated,0.001,<1%,corner_blob,1,edge_aware,PASS,spatial_certificate,A_OBSERVABLE_SPATIALLY_DILUTED,True,5,1,1,1
design,design_dirty_007,contaminated,0.001,<1%,corner_blob,1,aggressive,PASS,spatial_certificate,A_OBSERVABLE_SPATIALLY_DILUTED,True,5,1,1,1
design,design_dirty_007,contaminated,0.001,<1%,corner_blob,1,balanced,PASS,spatial_certificate,A_OBSERVABLE_SPATIALLY_DILUTED,True,5,1,1,1
design,design_dirty_007,contaminated,0.001,<1%,corner_blob,1,conservative,PASS,spatial_certificate,A_OBSERVABLE_SPATIALLY_DILUTED,True,5,1,1,1
design,design_dirty_008,contaminated,0.001,<1%,multiple_droplets,0,global_baseline,FLAG,pixel_flag,NOT_FALSE_CLEAN,True,2,1,-1,-1
design,design_dirty_008,contaminated,0.001,<1%,multiple_droplets,0,tile,FLAG,pixel_flag,NOT_FALSE_CLEAN,True,2,1,-1,-1
design,design_dirty_008,contaminated,0.001,<1%,multiple_droplets,0,multiscale,FLAG,pixel_flag,NOT_FALSE_CLEAN,True,2,1,-1,-1
design,design_dirty_008,contaminated,0.001,<1%,multiple_droplets,0,connected_component,FLAG,pixel_flag,NOT_FALSE_CLEAN,True,2,1,-1,-1
design,design_dirty_008,contaminated,0.001,<1%,multiple_droplets,0,max_local_density,FLAG,pixel_flag,NOT_FALSE_CLEAN,True,2,1,-1,-1
design,design_dirty_008,contaminated,0.001,<1%,multiple_droplets,0,edge_aware,FLAG,pixel_flag,NOT_FALSE_CLEAN,True,2,1,-1,-1
design,design_dirty_008,contaminated,0.001,<1%,multiple_droplets,0,aggressive,FLAG,pixel_flag,NOT_FALSE_CLEAN,True,2,1,-1,-1
design,design_dirty_008,contaminated,0.001,<1%,multiple_droplets,0,balanced,FLAG,pixel_flag,NOT_FALSE_CLEAN,True,2,1,-1,-1
design,design_dirty_008,contaminated,0.001,<1%,multiple_droplets,0,conservative,FLAG,pixel_flag,NOT_FALSE_CLEAN,True,2,1,-1,-1
design,design_dirty_009,contaminated,0.001,<1%,multiple_droplets,1,global_baseline,PASS,spatial_certificate,A_OBSERVABLE_SPATIALLY_DILUTED,True,2,1,1,1
design,design_dirty_009,contaminated,0.001,<1%,multiple_droplets,1,tile,PASS,spatial_certificate,A_OBSERVABLE_SPATIALLY_DILUTED,True,2,1,1,1
design,design_dirty_009,contaminated,0.001,<1%,multiple_droplets,1,multiscale,PASS,spatial_certificate,A_OBSERVABLE_SPATIALLY_DILUTED,True,2,1,1,1
design,design_dirty_009,contaminated,0.001,<1%,multiple_droplets,1,connected_component,PASS,spatial_certificate,A_OBSERVABLE_SPATIALLY_DILUTED,True,2,1,1,1
design,design_dirty_009,contaminated,0.001,<1%,multiple_droplets,1,max_local_density,PASS,spatial_certificate,A_OBSERVABLE_SPATIALLY_DILUTED,True,2,1,1,1
design,design_dirty_009,contaminated,0.001,<1%,multiple_droplets,1,edge_aware,PASS,spatial_certificate,A_OBSERVABLE_SPATIALLY_DILUTED,True,2,1,1,1
design,design_dirty_009,contaminated,0.001,<1%,multiple_droplets,1,aggressive,PASS,spatial_certificate,A_OBSERVABLE_SPATIALLY_DILUTED,True,2,1,1,1
design,design_dirty_009,contaminated,0.001,<1%,multiple_droplets,1,balanced,PASS,spatial_certificate,A_OBSERVABLE_SPATIALLY_DILUTED,True,2,1,1,1
design,design_dirty_009,contaminated,0.001,<1%,multiple_droplets,1,conservative,PASS,spatial_certificate,A_OBSERVABLE_SPATIALLY_DILUTED,True,2,1,1,1
design,design_dirty_010,contaminated,0.001,<1%,dispersed_sparse,0,global_baseline,PASS,spatial_certificate,A_OBSERVABLE_SPATIALLY_DILUTED,True,4,1,1,1
design,design_dirty_010,contaminated,0.001,<1%,dispersed_sparse,0,tile,PASS,spatial_certificate,A_OBSERVABLE_SPATIALLY_DILUTED,True,4,1,1,1
design,design_dirty_010,contaminated,0.001,<1%,dispersed_sparse,0,multiscale,PASS,spatial_certificate,A_OBSERVABLE_SPATIALLY_DILUTED,True,4,1,1,1
design,design_dirty_010,contaminated,0.001,<1%,dispersed_sparse,0,connected_component,PASS,spatial_certificate,A_OBSERVABLE_SPATIALLY_DILUTED,True,4,1,1,1
design,design_dirty_010,contaminated,0.001,<1%,dispersed_sparse,0,max_local_density,PASS,spatial_certificate,A_OBSERVABLE_SPATIALLY_DILUTED,True,4,1,1,1
design,design_dirty_010,contaminated,0.001,<1%,dispersed_sparse,0,edge_aware,PASS,spatial_certificate,A_OBSERVABLE_SPATIALLY_DILUTED,True,4,1,1,1
design,design_dirty_010,contaminated,0.001,<1%,dispersed_sparse,0,aggressive,PASS,spatial_certificate,A_OBSERVABLE_SPATIALLY_DILUTED,True,4,1,1,1
design,design_dirty_010,contaminated,0.001,<1%,dispersed_sparse,0,balanced,PASS,spatial_certificate,A_OBSERVABLE_SPATIALLY_DILUTED,True,4,1,1,1
design,design_dirty_010,contaminated,0.001,<1%,dispersed_sparse,0,conservative,PASS,spatial_certificate,A_OBSERVABLE_SPATIALLY_DILUTED,True,4,1,1,1
design,design_dirty_011,contaminated,0.001,<1%,dispersed_sparse,1,global_baseline,PASS,spatial_certificate,A_OBSERVABLE_SPATIALLY_DILUTED,True,2,1,1,1
design,design_dirty_011,contaminated,0.001,<1%,dispersed_sparse,1,tile,PASS,spatial_certificate,A_OBSERVABLE_SPATIALLY_DILUTED,True,2,1,1,1
design,design_dirty_011,contaminated,0.001,<1%,dispersed_sparse,1,multiscale,PASS,spatial_certificate,A_OBSERVABLE_SPATIALLY_DILUTED,True,2,1,1,1
design,design_dirty_011,contaminated,0.001,<1%,dispersed_sparse,1,connected_component,PASS,spatial_certificate,A_OBSERVABLE_SPATIALLY_DILUTED,True,2,1,1,1
design,design_dirty_011,contaminated,0.001,<1%,dispersed_sparse,1,max_local_density,PASS,spatial_certificate,A_OBSERVABLE_SPATIALLY_DILUTED,True,2,1,1,1
design,design_dirty_011,contaminated,0.001,<1%,dispersed_sparse,1,edge_aware,PASS,spatial_certificate,A_OBSERVABLE_SPATIALLY_DILUTED,True,2,1,1,1
design,design_dirty_011,contaminated,0.001,<1%,dispersed_sparse,1,aggressive,PASS,spatial_certificate,A_OBSERVABLE_SPATIALLY_DILUTED,True,2,1,1,1
design,design_dirty_011,contaminated,0.001,<1%,dispersed_sparse,1,balanced,PASS,spatial_certificate,A_OBSERVABLE_SPATIALLY_DILUTED,True,2,1,1,1
design,design_dirty_011,contaminated,0.001,<1%,dispersed_sparse,1,conservative,PASS,spatial_certificate,A_OBSERVABLE_SPATIALLY_DILUTED,True,2,1,1,1
design,design_dirty_012,contaminated,0.001,<1%,psf_blurred,0,global_baseline,PASS,spatial_certificate,A_OBSERVABLE_SPATIALLY_DILUTED,True,46,16,44,8
design,design_dirty_012,contaminated,0.001,<1%,psf_blurred,0,tile,UNKNOWN,tile_density,A_OBSERVABLE_SPATIALLY_DILUTED,True,46,16,44,8
design,design_dirty_012,contaminated,0.001,<1%,psf_blurred,0,multiscale,UNKNOWN,window_4_density,A_OBSERVABLE_SPATIALLY_DILUTED,True,46,16,44,8
design,design_dirty_012,contaminated,0.001,<1%,psf_blurred,0,connected_component,UNKNOWN,component_area,A_OBSERVABLE_SPATIALLY_DILUTED,True,46,16,44,8
design,design_dirty_012,contaminated,0.001,<1%,psf_blurred,0,max_local_density,UNKNOWN,window_4_density,A_OBSERVABLE_SPATIALLY_DILUTED,True,46,16,44,8
design,design_dirty_012,contaminated,0.001,<1%,psf_blurred,0,edge_aware,PASS,spatial_certificate,A_OBSERVABLE_SPATIALLY_DILUTED,True,46,16,44,8
design,design_dirty_012,contaminated,0.001,<1%,psf_blurred,0,aggressive,UNKNOWN,tile_density,A_OBSERVABLE_SPATIALLY_DILUTED,True,46,16,44,8
design,design_dirty_012,contaminated,0.001,<1%,psf_blurred,0,balanced,UNKNOWN,tile_density,A_OBSERVABLE_SPATIALLY_DILUTED,True,46,16,44,8
design,design_dirty_012,contaminated,0.001,<1%,psf_blurred,0,conservative,UNKNOWN,window_4_density,A_OBSERVABLE_SPATIALLY_DILUTED,True,46,16,44,8
design,design_dirty_013,contaminated,0.001,<1%,psf_blurred,1,global_baseline,PASS,spatial_certificate,A_OBSERVABLE_SPATIALLY_DILUTED,True,21,9,20,5
design,design_dirty_013,contaminated,0.001,<1%,psf_blurred,1,tile,UNKNOWN,tile_density,A_OBSERVABLE_SPATIALLY_DILUTED,True,21,9,20,5
design,design_dirty_013,contaminated,0.001,<1%,psf_blurred,1,multiscale,UNKNOWN,window_4_density,A_OBSERVABLE_SPATIALLY_DILUTED,True,21,9,20,5
design,design_dirty_013,contaminated,0.001,<1%,psf_blurred,1,connected_component,UNKNOWN,component_area,A_OBSERVABLE_SPATIALLY_DILUTED,True,21,9,20,5
design,design_dirty_013,contaminated,0.001,<1%,psf_blurred,1,max_local_density,UNKNOWN,window_4_density,A_OBSERVABLE_SPATIALLY_DILUTED,True,21,9,20,5
design,design_dirty_013,contaminated,0.001,<1%,psf_blurred,1,edge_aware,PASS,spatial_certificate,A_OBSERVABLE_SPATIALLY_DILUTED,True,21,9,20,5
design,design_dirty_013,contaminated,0.001,<1%,psf_blurred,1,aggressive,UNKNOWN,tile_density,A_OBSERVABLE_SPATIALLY_DILUTED,True,21,9,20,5
design,design_dirty_013,contaminated,0.001,<1%,psf_blurred,1,balanced,UNKNOWN,tile_density,A_OBSERVABLE_SPATIALLY_DILUTED,True,21,9,20,5
design,design_dirty_013,contaminated,0.001,<1%,psf_blurred,1,conservative,UNKNOWN,window_4_density,A_OBSERVABLE_SPATIALLY_DILUTED,True,21,9,20,5
design,design_dirty_014,contaminated,0.001,<1%,registration_shifted,0,global_baseline,PASS,spatial_certificate,B_LOCALLY_UNOBSERVABLE,False,1,0,1,1
design,design_dirty_014,contaminated,0.001,<1%,registration_shifted,0,tile,PASS,spatial_certificate,B_LOCALLY_UNOBSERVABLE,False,1,0,1,1
design,design_dirty_014,contaminated,0.001,<1%,registration_shifted,0,multiscale,PASS,spatial_certificate,B_LOCALLY_UNOBSERVABLE,False,1,0,1,1
design,design_dirty_014,contaminated,0.001,<1%,registration_shifted,0,connected_component,PASS,spatial_certificate,B_LOCALLY_UNOBSERVABLE,False,1,0,1,1
design,design_dirty_014,contaminated,0.001,<1%,registration_shifted,0,max_local_density,PASS,spatial_certificate,B_LOCALLY_UNOBSERVABLE,False,1,0,1,1
design,design_dirty_014,contaminated,0.001,<1%,registration_shifted,0,edge_aware,PASS,spatial_certificate,B_LOCALLY_UNOBSERVABLE,False,1,0,1,1
design,design_dirty_014,contaminated,0.001,<1%,registration_shifted,0,aggressive,PASS,spatial_certificate,B_LOCALLY_UNOBSERVABLE,False,1,0,1,1
design,design_dirty_014,contaminated,0.001,<1%,registration_shifted,0,balanced,PASS,spatial_certificate,B_LOCALLY_UNOBSERVABLE,False,1,0,1,1
design,design_dirty_014,contaminated,0.001,<1%,registration_shifted,0,conservative,PASS,spatial_certificate,B_LOCALLY_UNOBSERVABLE,False,1,0,1,1
design,design_dirty_015,contaminated,0.001,<1%,registration_shifted,1,global_baseline,PASS,spatial_certificate,A_OBSERVABLE_SPATIALLY_DILUTED,True,2,1,1,1
design,design_dirty_015,contaminated,0.001,<1%,registration_shifted,1,tile,PASS,spatial_certificate,A_OBSERVABLE_SPATIALLY_DILUTED,True,2,1,1,1
design,design_dirty_015,contaminated,0.001,<1%,registration_shifted,1,multiscale,PASS,spatial_certificate,A_OBSERVABLE_SPATIALLY_DILUTED,True,2,1,1,1
design,design_dirty_015,contaminated,0.001,<1%,registration_shifted,1,connected_component,PASS,spatial_certificate,A_OBSERVABLE_SPATIALLY_DILUTED,True,2,1,1,1
design,design_dirty_015,contaminated,0.001,<1%,registration_shifted,1,max_local_density,PASS,spatial_certificate,A_OBSERVABLE_SPATIALLY_DILUTED,True,2,1,1,1
design,design_dirty_015,contaminated,0.001,<1%,registration_shifted,1,edge_aware,PASS,spatial_certificate,A_OBSERVABLE_SPATIALLY_DILUTED,True,2,1,1,1
design,design_dirty_015,contaminated,0.001,<1%,registration_shifted,1,aggressive,PASS,spatial_certificate,A_OBSERVABLE_SPATIALLY_DILUTED,True,2,1,1,1
design,design_dirty_015,contaminated,0.001,<1%,registration_shifted,1,balanced,PASS,spatial_certificate,A_OBSERVABLE_SPATIALLY_DILUTED,True,2,1,1,1
design,design_dirty_015,contaminated,0.001,<1%,registration_shifted,1,conservative,PASS,spatial_certificate,A_OBSERVABLE_SPATIALLY_DILUTED,True,2,1,1,1
design,design_dirty_016,contaminated,0.0025,<1%,compact_blob,0,global_baseline,PASS,spatial_certificate,A_OBSERVABLE_SPATIALLY_DILUTED,True,4,4,4,2
design,design_dirty_016,contaminated,0.0025,<1%,compact_blob,0,tile,PASS,spatial_certificate,A_OBSERVABLE_SPATIALLY_DILUTED,True,4,4,4,2
design,design_dirty_016,contaminated,0.0025,<1%,compact_blob,0,multiscale,PASS,spatial_certificate,A_OBSERVABLE_SPATIALLY_DILUTED,True,4,4,4,2
design,design_dirty_016,contaminated,0.0025,<1%,compact_blob,0,connected_component,PASS,spatial_certificate,A_OBSERVABLE_SPATIALLY_DILUTED,True,4,4,4,2
design,design_dirty_016,contaminated,0.0025,<1%,compact_blob,0,max_local_density,UNKNOWN,window_4_density,A_OBSERVABLE_SPATIALLY_DILUTED,True,4,4,4,2
design,design_dirty_016,contaminated,0.0025,<1%,compact_blob,0,edge_aware,PASS,spatial_certificate,A_OBSERVABLE_SPATIALLY_DILUTED,True,4,4,4,2
design,design_dirty_016,contaminated,0.0025,<1%,compact_blob,0,aggressive,UNKNOWN,window_4_density,A_OBSERVABLE_SPATIALLY_DILUTED,True,4,4,4,2
design,design_dirty_016,contaminated,0.0025,<1%,compact_blob,0,balanced,PASS,spatial_certificate,A_OBSERVABLE_SPATIALLY_DILUTED,True,4,4,4,2
design,design_dirty_016,contaminated,0.0025,<1%,compact_blob,0,conservative,PASS,spatial_certificate,A_OBSERVABLE_SPATIALLY_DILUTED,True,4,4,4,2
design,design_dirty_017,contaminated,0.0025,<1%,compact_blob,1,global_baseline,FLAG,pixel_flag,NOT_FALSE_CLEAN,True,5,3,-1,-1
design,design_dirty_017,contaminated,0.0025,<1%,compact_blob,1,tile,FLAG,pixel_flag,NOT_FALSE_CLEAN,True,5,3,-1,-1
design,design_dirty_017,contaminated,0.0025,<1%,compact_blob,1,multiscale,FLAG,pixel_flag,NOT_FALSE_CLEAN,True,5,3,-1,-1
design,design_dirty_017,contaminated,0.0025,<1%,compact_blob,1,connected_component,FLAG,pixel_flag,NOT_FALSE_CLEAN,True,5,3,-1,-1
design,design_dirty_017,contaminated,0.0025,<1%,compact_blob,1,max_local_density,FLAG,pixel_flag,NOT_FALSE_CLEAN,True,5,3,-1,-1
design,design_dirty_017,contaminated,0.0025,<1%,compact_blob,1,edge_aware,FLAG,pixel_flag,NOT_FALSE_CLEAN,True,5,3,-1,-1
design,design_dirty_017,contaminated,0.0025,<1%,compact_blob,1,aggressive,FLAG,pixel_flag,NOT_FALSE_CLEAN,True,5,3,-1,-1
design,design_dirty_017,contaminated,0.0025,<1%,compact_blob,1,balanced,FLAG,pixel_flag,NOT_FALSE_CLEAN,True,5,3,-1,-1
design,design_dirty_017,contaminated,0.0025,<1%,compact_blob,1,conservative,FLAG,pixel_flag,NOT_FALSE_CLEAN,True,5,3,-1,-1
design,design_dirty_018,contaminated,0.0025,<1%,elongated_streak,0,global_baseline,PASS,spatial_certificate,A_OBSERVABLE_SPATIALLY_DILUTED,True,5,3,2,2
design,design_dirty_018,contaminated,0.0025,<1%,elongated_streak,0,tile,PASS,spatial_certificate,A_OBSERVABLE_SPATIALLY_DILUTED,True,5,3,2,2
design,design_dirty_018,contaminated,0.0025,<1%,elongated_streak,0,multiscale,PASS,spatial_certificate,A_OBSERVABLE_SPATIALLY_DILUTED,True,5,3,2,2
design,design_dirty_018,contaminated,0.0025,<1%,elongated_streak,0,connected_component,PASS,spatial_certificate,A_OBSERVABLE_SPATIALLY_DILUTED,True,5,3,2,2
design,design_dirty_018,contaminated,0.0025,<1%,elongated_streak,0,max_local_density,PASS,spatial_certificate,A_OBSERVABLE_SPATIALLY_DILUTED,True,5,3,2,2
design,design_dirty_018,contaminated,0.0025,<1%,elongated_streak,0,edge_aware,PASS,spatial_certificate,A_OBSERVABLE_SPATIALLY_DILUTED,True,5,3,2,2
design,design_dirty_018,contaminated,0.0025,<1%,elongated_streak,0,aggressive,UNKNOWN,window_4_density,A_OBSERVABLE_SPATIALLY_DILUTED,True,5,3,2,2
design,design_dirty_018,contaminated,0.0025,<1%,elongated_streak,0,balanced,PASS,spatial_certificate,A_OBSERVABLE_SPATIALLY_DILUTED,True,5,3,2,2
design,design_dirty_018,contaminated,0.0025,<1%,elongated_streak,0,conservative,PASS,spatial_certificate,A_OBSERVABLE_SPATIALLY_DILUTED,True,5,3,2,2
design,design_dirty_019,contaminated,0.0025,<1%,elongated_streak,1,global_baseline,PASS,spatial_certificate,A_OBSERVABLE_SPATIALLY_DILUTED,True,4,3,1,1
design,design_dirty_019,contaminated,0.0025,<1%,elongated_streak,1,tile,PASS,spatial_certificate,A_OBSERVABLE_SPATIALLY_DILUTED,True,4,3,1,1
design,design_dirty_019,contaminated,0.0025,<1%,elongated_streak,1,multiscale,PASS,spatial_certificate,A_OBSERVABLE_SPATIALLY_DILUTED,True,4,3,1,1
design,design_dirty_019,contaminated,0.0025,<1%,elongated_streak,1,connected_component,PASS,spatial_certificate,A_OBSERVABLE_SPATIALLY_DILUTED,True,4,3,1,1
design,design_dirty_019,contaminated,0.0025,<1%,elongated_streak,1,max_local_density,PASS,spatial_certificate,A_OBSERVABLE_SPATIALLY_DILUTED,True,4,3,1,1
design,design_dirty_019,contaminated,0.0025,<1%,elongated_streak,1,edge_aware,PASS,spatial_certificate,A_OBSERVABLE_SPATIALLY_DILUTED,True,4,3,1,1
design,design_dirty_019,contaminated,0.0025,<1%,elongated_streak,1,aggressive,PASS,spatial_certificate,A_OBSERVABLE_SPATIALLY_DILUTED,True,4,3,1,1
design,design_dirty_019,contaminated,0.0025,<1%,elongated_streak,1,balanced,PASS,spatial_certificate,A_OBSERVABLE_SPATIALLY_DILUTED,True,4,3,1,1
design,design_dirty_019,contaminated,0.0025,<1%,elongated_streak,1,conservative,PASS,spatial_certificate,A_OBSERVABLE_SPATIALLY_DILUTED,True,4,3,1,1
design,design_dirty_020,contaminated,0.0025,<1%,edge_blob,0,global_baseline,PASS,spatial_certificate,A_OBSERVABLE_SPATIALLY_DILUTED,True,3,3,3,2
design,design_dirty_020,contaminated,0.0025,<1%,edge_blob,0,tile,PASS,spatial_certificate,A_OBSERVABLE_SPATIALLY_DILUTED,True,3,3,3,2
design,design_dirty_020,contaminated,0.0025,<1%,edge_blob,0,multiscale,PASS,spatial_certificate,A_OBSERVABLE_SPATIALLY_DILUTED,True,3,3,3,2
design,design_dirty_020,contaminated,0.0025,<1%,edge_blob,0,connected_component,PASS,spatial_certificate,A_OBSERVABLE_SPATIALLY_DILUTED,True,3,3,3,2
design,design_dirty_020,contaminated,0.0025,<1%,edge_blob,0,max_local_density,UNKNOWN,window_4_density,A_OBSERVABLE_SPATIALLY_DILUTED,True,3,3,3,2
design,design_dirty_020,contaminated,0.0025,<1%,edge_blob,0,edge_aware,PASS,spatial_certificate,A_OBSERVABLE_SPATIALLY_DILUTED,True,3,3,3,2
design,design_dirty_020,contaminated,0.0025,<1%,edge_blob,0,aggressive,UNKNOWN,window_4_density,A_OBSERVABLE_SPATIALLY_DILUTED,True,3,3,3,2
design,design_dirty_020,contaminated,0.0025,<1%,edge_blob,0,balanced,PASS,spatial_certificate,A_OBSERVABLE_SPATIALLY_DILUTED,True,3,3,3,2
design,design_dirty_020,contaminated,0.0025,<1%,edge_blob,0,conservative,PASS,spatial_certificate,A_OBSERVABLE_SPATIALLY_DILUTED,True,3,3,3,2
design,design_dirty_021,contaminated,0.0025,<1%,edge_blob,1,global_baseline,PASS,spatial_certificate,A_OBSERVABLE_SPATIALLY_DILUTED,True,5,3,3,2
design,design_dirty_021,contaminated,0.0025,<1%,edge_blob,1,tile,PASS,spatial_certificate,A_OBSERVABLE_SPATIALLY_DILUTED,True,5,3,3,2
design,design_dirty_021,contaminated,0.0025,<1%,edge_blob,1,multiscale,PASS,spatial_certificate,A_OBSERVABLE_SPATIALLY_DILUTED,True,5,3,3,2
design,design_dirty_021,contaminated,0.0025,<1%,edge_blob,1,connected_component,PASS,spatial_certificate,A_OBSERVABLE_SPATIALLY_DILUTED,True,5,3,3,2
design,design_dirty_021,contaminated,0.0025,<1%,edge_blob,1,max_local_density,UNKNOWN,window_4_density,A_OBSERVABLE_SPATIALLY_DILUTED,True,5,3,3,2
design,design_dirty_021,contaminated,0.0025,<1%,edge_blob,1,edge_aware,PASS,spatial_certificate,A_OBSERVABLE_SPATIALLY_DILUTED,True,5,3,3,2
design,design_dirty_021,contaminated,0.0025,<1%,edge_blob,1,aggressive,UNKNOWN,window_4_density,A_OBSERVABLE_SPATIALLY_DILUTED,True,5,3,3,2
design,design_dirty_021,contaminated,0.0025,<1%,edge_blob,1,balanced,PASS,spatial_certificate,A_OBSERVABLE_SPATIALLY_DILUTED,True,5,3,3,2
design,design_dirty_021,contaminated,0.0025,<1%,edge_blob,1,conservative,PASS,spatial_certificate,A_OBSERVABLE_SPATIALLY_DILUTED,True,5,3,3,2
design,design_dirty_022,contaminated,0.0025,<1%,corner_blob,0,global_baseline,PASS,spatial_certificate,A_OBSERVABLE_SPATIALLY_DILUTED,True,5,3,3,2
design,design_dirty_022,contaminated,0.0025,<1%,corner_blob,0,tile,PASS,spatial_certificate,A_OBSERVABLE_SPATIALLY_DILUTED,True,5,3,3,2
design,design_dirty_022,contaminated,0.0025,<1%,corner_blob,0,multiscale,PASS,spatial_certificate,A_OBSERVABLE_SPATIALLY_DILUTED,True,5,3,3,2
design,design_dirty_022,contaminated,0.0025,<1%,corner_blob,0,connected_component,PASS,spatial_certificate,A_OBSERVABLE_SPATIALLY_DILUTED,True,5,3,3,2
design,design_dirty_022,contaminated,0.0025,<1%,corner_blob,0,max_local_density,UNKNOWN,window_4_density,A_OBSERVABLE_SPATIALLY_DILUTED,True,5,3,3,2
design,design_dirty_022,contaminated,0.0025,<1%,corner_blob,0,edge_aware,PASS,spatial_certificate,A_OBSERVABLE_SPATIALLY_DILUTED,True,5,3,3,2
design,design_dirty_022,contaminated,0.0025,<1%,corner_blob,0,aggressive,UNKNOWN,window_4_density,A_OBSERVABLE_SPATIALLY_DILUTED,True,5,3,3,2
design,design_dirty_022,contaminated,0.0025,<1%,corner_blob,0,balanced,PASS,spatial_certificate,A_OBSERVABLE_SPATIALLY_DILUTED,True,5,3,3,2
design,design_dirty_022,contaminated,0.0025,<1%,corner_blob,0,conservative,PASS,spatial_certificate,A_OBSERVABLE_SPATIALLY_DILUTED,True,5,3,3,2
design,design_dirty_023,contaminated,0.0025,<1%,corner_blob,1,global_baseline,PASS,spatial_certificate,A_OBSERVABLE_SPATIALLY_DILUTED,True,4,3,3,2
design,design_dirty_023,contaminated,0.0025,<1%,corner_blob,1,tile,PASS,spatial_certificate,A_OBSERVABLE_SPATIALLY_DILUTED,True,4,3,3,2
design,design_dirty_023,contaminated,0.0025,<1%,corner_blob,1,multiscale,PASS,spatial_certificate,A_OBSERVABLE_SPATIALLY_DILUTED,True,4,3,3,2
design,design_dirty_023,contaminated,0.0025,<1%,corner_blob,1,connected_component,PASS,spatial_certificate,A_OBSERVABLE_SPATIALLY_DILUTED,True,4,3,3,2
design,design_dirty_023,contaminated,0.0025,<1%,corner_blob,1,max_local_density,UNKNOWN,window_4_density,A_OBSERVABLE_SPATIALLY_DILUTED,True,4,3,3,2
design,design_dirty_023,contaminated,0.0025,<1%,corner_blob,1,edge_aware,PASS,spatial_certificate,A_OBSERVABLE_SPATIALLY_DILUTED,True,4,3,3,2
design,design_dirty_023,contaminated,0.0025,<1%,corner_blob,1,aggressive,UNKNOWN,window_4_density,A_OBSERVABLE_SPATIALLY_DILUTED,True,4,3,3,2
design,design_dirty_023,contaminated,0.0025,<1%,corner_blob,1,balanced,PASS,spatial_certificate,A_OBSERVABLE_SPATIALLY_DILUTED,True,4,3,3,2
design,design_dirty_023,contaminated,0.0025,<1%,corner_blob,1,conservative,PASS,spatial_certificate,A_OBSERVABLE_SPATIALLY_DILUTED,True,4,3,3,2
design,design_dirty_024,contaminated,0.0025,<1%,multiple_droplets,0,global_baseline,PASS,spatial_certificate,A_OBSERVABLE_SPATIALLY_DILUTED,True,3,3,1,1
design,design_dirty_024,contaminated,0.0025,<1%,multiple_droplets,0,tile,PASS,spatial_certificate,A_OBSERVABLE_SPATIALLY_DILUTED,True,3,3,1,1
design,design_dirty_024,contaminated,0.0025,<1%,multiple_droplets,0,multiscale,PASS,spatial_certificate,A_OBSERVABLE_SPATIALLY_DILUTED,True,3,3,1,1
design,design_dirty_024,contaminated,0.0025,<1%,multiple_droplets,0,connected_component,PASS,spatial_certificate,A_OBSERVABLE_SPATIALLY_DILUTED,True,3,3,1,1
design,design_dirty_024,contaminated,0.0025,<1%,multiple_droplets,0,max_local_density,PASS,spatial_certificate,A_OBSERVABLE_SPATIALLY_DILUTED,True,3,3,1,1
design,design_dirty_024,contaminated,0.0025,<1%,multiple_droplets,0,edge_aware,PASS,spatial_certificate,A_OBSERVABLE_SPATIALLY_DILUTED,True,3,3,1,1
design,design_dirty_024,contaminated,0.0025,<1%,multiple_droplets,0,aggressive,PASS,spatial_certificate,A_OBSERVABLE_SPATIALLY_DILUTED,True,3,3,1,1
design,design_dirty_024,contaminated,0.0025,<1%,multiple_droplets,0,balanced,PASS,spatial_certificate,A_OBSERVABLE_SPATIALLY_DILUTED,True,3,3,1,1
design,design_dirty_024,contaminated,0.0025,<1%,multiple_droplets,0,conservative,PASS,spatial_certificate,A_OBSERVABLE_SPATIALLY_DILUTED,True,3,3,1,1
design,design_dirty_025,contaminated,0.0025,<1%,multiple_droplets,1,global_baseline,PASS,spatial_certificate,A_OBSERVABLE_SPATIALLY_DILUTED,True,4,3,1,1
design,design_dirty_025,contaminated,0.0025,<1%,multiple_droplets,1,tile,PASS,spatial_certificate,A_OBSERVABLE_SPATIALLY_DILUTED,True,4,3,1,1
design,design_dirty_025,contaminated,0.0025,<1%,multiple_droplets,1,multiscale,PASS,spatial_certificate,A_OBSERVABLE_SPATIALLY_DILUTED,True,4,3,1,1
design,design_dirty_025,contaminated,0.0025,<1%,multiple_droplets,1,connected_component,PASS,spatial_certificate,A_OBSERVABLE_SPATIALLY_DILUTED,True,4,3,1,1
design,design_dirty_025,contaminated,0.0025,<1%,multiple_droplets,1,max_local_density,PASS,spatial_certificate,A_OBSERVABLE_SPATIALLY_DILUTED,True,4,3,1,1
design,design_dirty_025,contaminated,0.0025,<1%,multiple_droplets,1,edge_aware,PASS,spatial_certificate,A_OBSERVABLE_SPATIALLY_DILUTED,True,4,3,1,1
design,design_dirty_025,contaminated,0.0025,<1%,multiple_droplets,1,aggressive,PASS,spatial_certificate,A_OBSERVABLE_SPATIALLY_DILUTED,True,4,3,1,1
design,design_dirty_025,contaminated,0.0025,<1%,multiple_droplets,1,balanced,PASS,spatial_certificate,A_OBSERVABLE_SPATIALLY_DILUTED,True,4,3,1,1
design,design_dirty_025,contaminated,0.0025,<1%,multiple_droplets,1,conservative,PASS,spatial_certificate,A_OBSERVABLE_SPATIALLY_DILUTED,True,4,3,1,1
design,design_dirty_026,contaminated,0.0025,<1%,dispersed_sparse,0,global_baseline,PASS,spatial_certificate,A_OBSERVABLE_SPATIALLY_DILUTED,True,4,3,1,1
design,design_dirty_026,contaminated,0.0025,<1%,dispersed_sparse,0,tile,PASS,spatial_certificate,A_OBSERVABLE_SPATIALLY_DILUTED,True,4,3,1,1
design,design_dirty_026,contaminated,0.0025,<1%,dispersed_sparse,0,multiscale,PASS,spatial_certificate,A_OBSERVABLE_SPATIALLY_DILUTED,True,4,3,1,1
design,design_dirty_026,contaminated,0.0025,<1%,dispersed_sparse,0,connected_component,PASS,spatial_certificate,A_OBSERVABLE_SPATIALLY_DILUTED,True,4,3,1,1
design,design_dirty_026,contaminated,0.0025,<1%,dispersed_sparse,0,max_local_density,PASS,spatial_certificate,A_OBSERVABLE_SPATIALLY_DILUTED,True,4,3,1,1
design,design_dirty_026,contaminated,0.0025,<1%,dispersed_sparse,0,edge_aware,PASS,spatial_certificate,A_OBSERVABLE_SPATIALLY_DILUTED,True,4,3,1,1
design,design_dirty_026,contaminated,0.0025,<1%,dispersed_sparse,0,aggressive,UNKNOWN,window_4_density,A_OBSERVABLE_SPATIALLY_DILUTED,True,4,3,1,1
design,design_dirty_026,contaminated,0.0025,<1%,dispersed_sparse,0,balanced,PASS,spatial_certificate,A_OBSERVABLE_SPATIALLY_DILUTED,True,4,3,1,1
design,design_dirty_026,contaminated,0.0025,<1%,dispersed_sparse,0,conservative,PASS,spatial_certificate,A_OBSERVABLE_SPATIALLY_DILUTED,True,4,3,1,1
design,design_dirty_027,contaminated,0.0025,<1%,dispersed_sparse,1,global_baseline,PASS,spatial_certificate,A_OBSERVABLE_SPATIALLY_DILUTED,True,4,3,1,1
design,design_dirty_027,contaminated,0.0025,<1%,dispersed_sparse,1,tile,PASS,spatial_certificate,A_OBSERVABLE_SPATIALLY_DILUTED,True,4,3,1,1
design,design_dirty_027,contaminated,0.0025,<1%,dispersed_sparse,1,multiscale,PASS,spatial_certificate,A_OBSERVABLE_SPATIALLY_DILUTED,True,4,3,1,1
design,design_dirty_027,contaminated,0.0025,<1%,dispersed_sparse,1,connected_component,PASS,spatial_certificate,A_OBSERVABLE_SPATIALLY_DILUTED,True,4,3,1,1
design,design_dirty_027,contaminated,0.0025,<1%,dispersed_sparse,1,max_local_density,PASS,spatial_certificate,A_OBSERVABLE_SPATIALLY_DILUTED,True,4,3,1,1
design,design_dirty_027,contaminated,0.0025,<1%,dispersed_sparse,1,edge_aware,PASS,spatial_certificate,A_OBSERVABLE_SPATIALLY_DILUTED,True,4,3,1,1
design,design_dirty_027,contaminated,0.0025,<1%,dispersed_sparse,1,aggressive,PASS,spatial_certificate,A_OBSERVABLE_SPATIALLY_DILUTED,True,4,3,1,1
design,design_dirty_027,contaminated,0.0025,<1%,dispersed_sparse,1,balanced,PASS,spatial_certificate,A_OBSERVABLE_SPATIALLY_DILUTED,True,4,3,1,1
design,design_dirty_027,contaminated,0.0025,<1%,dispersed_sparse,1,conservative,PASS,spatial_certificate,A_OBSERVABLE_SPATIALLY_DILUTED,True,4,3,1,1
design,design_dirty_028,contaminated,0.0025,<1%,psf_blurred,0,global_baseline,PASS,spatial_certificate,A_OBSERVABLE_SPATIALLY_DILUTED,True,22,8,22,6
design,design_dirty_028,contaminated,0.0025,<1%,psf_blurred,0,tile,UNKNOWN,tile_density,A_OBSERVABLE_SPATIALLY_DILUTED,True,22,8,22,6
design,design_dirty_028,contaminated,0.0025,<1%,psf_blurred,0,multiscale,UNKNOWN,window_4_density,A_OBSERVABLE_SPATIALLY_DILUTED,True,22,8,22,6
design,design_dirty_028,contaminated,0.0025,<1%,psf_blurred,0,connected_component,UNKNOWN,component_area,A_OBSERVABLE_SPATIALLY_DILUTED,True,22,8,22,6
design,design_dirty_028,contaminated,0.0025,<1%,psf_blurred,0,max_local_density,UNKNOWN,window_4_density,A_OBSERVABLE_SPATIALLY_DILUTED,True,22,8,22,6
design,design_dirty_028,contaminated,0.0025,<1%,psf_blurred,0,edge_aware,PASS,spatial_certificate,A_OBSERVABLE_SPATIALLY_DILUTED,True,22,8,22,6
design,design_dirty_028,contaminated,0.0025,<1%,psf_blurred,0,aggressive,UNKNOWN,tile_density,A_OBSERVABLE_SPATIALLY_DILUTED,True,22,8,22,6
design,design_dirty_028,contaminated,0.0025,<1%,psf_blurred,0,balanced,UNKNOWN,tile_density,A_OBSERVABLE_SPATIALLY_DILUTED,True,22,8,22,6
design,design_dirty_028,contaminated,0.0025,<1%,psf_blurred,0,conservative,UNKNOWN,window_4_density,A_OBSERVABLE_SPATIALLY_DILUTED,True,22,8,22,6
design,design_dirty_029,contaminated,0.0025,<1%,psf_blurred,1,global_baseline,PASS,spatial_certificate,A_OBSERVABLE_SPATIALLY_DILUTED,True,8,2,8,4
design,design_dirty_029,contaminated,0.0025,<1%,psf_blurred,1,tile,UNKNOWN,tile_density,A_OBSERVABLE_SPATIALLY_DILUTED,True,8,2,8,4
design,design_dirty_029,contaminated,0.0025,<1%,psf_blurred,1,multiscale,UNKNOWN,window_4_density,A_OBSERVABLE_SPATIALLY_DILUTED,True,8,2,8,4
design,design_dirty_029,contaminated,0.0025,<1%,psf_blurred,1,connected_component,UNKNOWN,component_area,A_OBSERVABLE_SPATIALLY_DILUTED,True,8,2,8,4
design,design_dirty_029,contaminated,0.0025,<1%,psf_blurred,1,max_local_density,UNKNOWN,window_4_density,A_OBSERVABLE_SPATIALLY_DILUTED,True,8,2,8,4
design,design_dirty_029,contaminated,0.0025,<1%,psf_blurred,1,edge_aware,PASS,spatial_certificate,A_OBSERVABLE_SPATIALLY_DILUTED,True,8,2,8,4
design,design_dirty_029,contaminated,0.0025,<1%,psf_blurred,1,aggressive,UNKNOWN,tile_density,A_OBSERVABLE_SPATIALLY_DILUTED,True,8,2,8,4
design,design_dirty_029,contaminated,0.0025,<1%,psf_blurred,1,balanced,PASS,spatial_certificate,A_OBSERVABLE_SPATIALLY_DILUTED,True,8,2,8,4
design,design_dirty_029,contaminated,0.0025,<1%,psf_blurred,1,conservative,PASS,spatial_certificate,A_OBSERVABLE_SPATIALLY_DILUTED,True,8,2,8,4
design,design_dirty_030,contaminated,0.0025,<1%,registration_shifted,0,global_baseline,PASS,spatial_certificate,A_OBSERVABLE_SPATIALLY_DILUTED,True,4,2,2,2
design,design_dirty_030,contaminated,0.0025,<1%,registration_shifted,0,tile,PASS,spatial_certificate,A_OBSERVABLE_SPATIALLY_DILUTED,True,4,2,2,2
design,design_dirty_030,contaminated,0.0025,<1%,registration_shifted,0,multiscale,PASS,spatial_certificate,A_OBSERVABLE_SPATIALLY_DILUTED,True,4,2,2,2
design,design_dirty_030,contaminated,0.0025,<1%,registration_shifted,0,connected_component,PASS,spatial_certificate,A_OBSERVABLE_SPATIALLY_DILUTED,True,4,2,2,2
design,design_dirty_030,contaminated,0.0025,<1%,registration_shifted,0,max_local_density,PASS,spatial_certificate,A_OBSERVABLE_SPATIALLY_DILUTED,True,4,2,2,2
design,design_dirty_030,contaminated,0.0025,<1%,registration_shifted,0,edge_aware,PASS,spatial_certificate,A_OBSERVABLE_SPATIALLY_DILUTED,True,4,2,2,2
design,design_dirty_030,contaminated,0.0025,<1%,registration_shifted,0,aggressive,UNKNOWN,window_4_density,A_OBSERVABLE_SPATIALLY_DILUTED,True,4,2,2,2
design,design_dirty_030,contaminated,0.0025,<1%,registration_shifted,0,balanced,PASS,spatial_certificate,A_OBSERVABLE_SPATIALLY_DILUTED,True,4,2,2,2
design,design_dirty_030,contaminated,0.0025,<1%,registration_shifted,0,conservative,PASS,spatial_certificate,A_OBSERVABLE_SPATIALLY_DILUTED,True,4,2,2,2
design,design_dirty_031,contaminated,0.0025,<1%,registration_shifted,1,global_baseline,PASS,spatial_certificate,A_OBSERVABLE_SPATIALLY_DILUTED,True,3,2,2,2
design,design_dirty_031,contaminated,0.0025,<1%,registration_shifted,1,tile,PASS,spatial_certificate,A_OBSERVABLE_SPATIALLY_DILUTED,True,3,2,2,2
design,design_dirty_031,contaminated,0.0025,<1%,registration_shifted,1,multiscale,PASS,spatial_certificate,A_OBSERVABLE_SPATIALLY_DILUTED,True,3,2,2,2
design,design_dirty_031,contaminated,0.0025,<1%,registration_shifted,1,connected_component,PASS,spatial_certificate,A_OBSERVABLE_SPATIALLY_DILUTED,True,3,2,2,2
design,design_dirty_031,contaminated,0.0025,<1%,registration_shifted,1,max_local_density,PASS,spatial_certificate,A_OBSERVABLE_SPATIALLY_DILUTED,True,3,2,2,2
design,design_dirty_031,contaminated,0.0025,<1%,registration_shifted,1,edge_aware,PASS,spatial_certificate,A_OBSERVABLE_SPATIALLY_DILUTED,True,3,2,2,2
design,design_dirty_031,contaminated,0.0025,<1%,registration_shifted,1,aggressive,UNKNOWN,window_4_density,A_OBSERVABLE_SPATIALLY_DILUTED,True,3,2,2,2
design,design_dirty_031,contaminated,0.0025,<1%,registration_shifted,1,balanced,PASS,spatial_certificate,A_OBSERVABLE_SPATIALLY_DILUTED,True,3,2,2,2
design,design_dirty_031,contaminated,0.0025,<1%,registration_shifted,1,conservative,PASS,spatial_certificate,A_OBSERVABLE_SPATIALLY_DILUTED,True,3,2,2,2
design,design_dirty_032,contaminated,0.005,<1%,compact_blob,0,global_baseline,FLAG,pixel_flag,NOT_FALSE_CLEAN,True,7,4,-1,-1
design,design_dirty_032,contaminated,0.005,<1%,compact_blob,0,tile,FLAG,pixel_flag,NOT_FALSE_CLEAN,True,7,4,-1,-1
design,design_dirty_032,contaminated,0.005,<1%,compact_blob,0,multiscale,FLAG,pixel_flag,NOT_FALSE_CLEAN,True,7,4,-1,-1
design,design_dirty_032,contaminated,0.005,<1%,compact_blob,0,connected_component,FLAG,pixel_flag,NOT_FALSE_CLEAN,True,7,4,-1,-1
design,design_dirty_032,contaminated,0.005,<1%,compact_blob,0,max_local_density,FLAG,pixel_flag,NOT_FALSE_CLEAN,True,7,4,-1,-1
design,design_dirty_032,contaminated,0.005,<1%,compact_blob,0,edge_aware,FLAG,pixel_flag,NOT_FALSE_CLEAN,True,7,4,-1,-1
design,design_dirty_032,contaminated,0.005,<1%,compact_blob,0,aggressive,FLAG,pixel_flag,NOT_FALSE_CLEAN,True,7,4,-1,-1
design,design_dirty_032,contaminated,0.005,<1%,compact_blob,0,balanced,FLAG,pixel_flag,NOT_FALSE_CLEAN,True,7,4,-1,-1
design,design_dirty_032,contaminated,0.005,<1%,compact_blob,0,conservative,FLAG,pixel_flag,NOT_FALSE_CLEAN,True,7,4,-1,-1
design,design_dirty_033,contaminated,0.005,<1%,compact_blob,1,global_baseline,PASS,spatial_certificate,A_OBSERVABLE_SPATIALLY_DILUTED,True,6,4,4,2
design,design_dirty_033,contaminated,0.005,<1%,compact_blob,1,tile,PASS,spatial_certificate,A_OBSERVABLE_SPATIALLY_DILUTED,True,6,4,4,2
design,design_dirty_033,contaminated,0.005,<1%,compact_blob,1,multiscale,PASS,spatial_certificate,A_OBSERVABLE_SPATIALLY_DILUTED,True,6,4,4,2
design,design_dirty_033,contaminated,0.005,<1%,compact_blob,1,connected_component,PASS,spatial_certificate,A_OBSERVABLE_SPATIALLY_DILUTED,True,6,4,4,2
design,design_dirty_033,contaminated,0.005,<1%,compact_blob,1,max_local_density,UNKNOWN,window_4_density,A_OBSERVABLE_SPATIALLY_DILUTED,True,6,4,4,2
design,design_dirty_033,contaminated,0.005,<1%,compact_blob,1,edge_aware,PASS,spatial_certificate,A_OBSERVABLE_SPATIALLY_DILUTED,True,6,4,4,2
design,design_dirty_033,contaminated,0.005,<1%,compact_blob,1,aggressive,UNKNOWN,window_4_density,A_OBSERVABLE_SPATIALLY_DILUTED,True,6,4,4,2
design,design_dirty_033,contaminated,0.005,<1%,compact_blob,1,balanced,PASS,spatial_certificate,A_OBSERVABLE_SPATIALLY_DILUTED,True,6,4,4,2
design,design_dirty_033,contaminated,0.005,<1%,compact_blob,1,conservative,PASS,spatial_certificate,A_OBSERVABLE_SPATIALLY_DILUTED,True,6,4,4,2
design,design_dirty_034,contaminated,0.005,<1%,elongated_streak,0,global_baseline,PASS,spatial_certificate,A_OBSERVABLE_SPATIALLY_DILUTED,True,8,5,3,3
design,design_dirty_034,contaminated,0.005,<1%,elongated_streak,0,tile,PASS,spatial_certificate,A_OBSERVABLE_SPATIALLY_DILUTED,True,8,5,3,3
design,design_dirty_034,contaminated,0.005,<1%,elongated_streak,0,multiscale,PASS,spatial_certificate,A_OBSERVABLE_SPATIALLY_DILUTED,True,8,5,3,3
design,design_dirty_034,contaminated,0.005,<1%,elongated_streak,0,connected_component,PASS,spatial_certificate,A_OBSERVABLE_SPATIALLY_DILUTED,True,8,5,3,3
design,design_dirty_034,contaminated,0.005,<1%,elongated_streak,0,max_local_density,PASS,spatial_certificate,A_OBSERVABLE_SPATIALLY_DILUTED,True,8,5,3,3
design,design_dirty_034,contaminated,0.005,<1%,elongated_streak,0,edge_aware,PASS,spatial_certificate,A_OBSERVABLE_SPATIALLY_DILUTED,True,8,5,3,3
design,design_dirty_034,contaminated,0.005,<1%,elongated_streak,0,aggressive,UNKNOWN,window_4_density,A_OBSERVABLE_SPATIALLY_DILUTED,True,8,5,3,3
design,design_dirty_034,contaminated,0.005,<1%,elongated_streak,0,balanced,PASS,spatial_certificate,A_OBSERVABLE_SPATIALLY_DILUTED,True,8,5,3,3
design,design_dirty_034,contaminated,0.005,<1%,elongated_streak,0,conservative,PASS,spatial_certificate,A_OBSERVABLE_SPATIALLY_DILUTED,True,8,5,3,3
design,design_dirty_035,contaminated,0.005,<1%,elongated_streak,1,global_baseline,FLAG,pixel_flag,NOT_FALSE_CLEAN,True,5,5,-1,-1
design,design_dirty_035,contaminated,0.005,<1%,elongated_streak,1,tile,FLAG,pixel_flag,NOT_FALSE_CLEAN,True,5,5,-1,-1
design,design_dirty_035,contaminated,0.005,<1%,elongated_streak,1,multiscale,FLAG,pixel_flag,NOT_FALSE_CLEAN,True,5,5,-1,-1
design,design_dirty_035,contaminated,0.005,<1%,elongated_streak,1,connected_component,FLAG,pixel_flag,NOT_FALSE_CLEAN,True,5,5,-1,-1
design,design_dirty_035,contaminated,0.005,<1%,elongated_streak,1,max_local_density,FLAG,pixel_flag,NOT_FALSE_CLEAN,True,5,5,-1,-1
design,design_dirty_035,contaminated,0.005,<1%,elongated_streak,1,edge_aware,FLAG,pixel_flag,NOT_FALSE_CLEAN,True,5,5,-1,-1
design,design_dirty_035,contaminated,0.005,<1%,elongated_streak,1,aggressive,FLAG,pixel_flag,NOT_FALSE_CLEAN,True,5,5,-1,-1
design,design_dirty_035,contaminated,0.005,<1%,elongated_streak,1,balanced,FLAG,pixel_flag,NOT_FALSE_CLEAN,True,5,5,-1,-1
design,design_dirty_035,contaminated,0.005,<1%,elongated_streak,1,conservative,FLAG,pixel_flag,NOT_FALSE_CLEAN,True,5,5,-1,-1
design,design_dirty_036,contaminated,0.005,<1%,edge_blob,0,global_baseline,FLAG,pixel_flag,NOT_FALSE_CLEAN,True,6,5,-1,-1
design,design_dirty_036,contaminated,0.005,<1%,edge_blob,0,tile,FLAG,pixel_flag,NOT_FALSE_CLEAN,True,6,5,-1,-1
design,design_dirty_036,contaminated,0.005,<1%,edge_blob,0,multiscale,FLAG,pixel_flag,NOT_FALSE_CLEAN,True,6,5,-1,-1
design,design_dirty_036,contaminated,0.005,<1%,edge_blob,0,connected_component,FLAG,pixel_flag,NOT_FALSE_CLEAN,True,6,5,-1,-1
design,design_dirty_036,contaminated,0.005,<1%,edge_blob,0,max_local_density,FLAG,pixel_flag,NOT_FALSE_CLEAN,True,6,5,-1,-1
design,design_dirty_036,contaminated,0.005,<1%,edge_blob,0,edge_aware,FLAG,pixel_flag,NOT_FALSE_CLEAN,True,6,5,-1,-1
design,design_dirty_036,contaminated,0.005,<1%,edge_blob,0,aggressive,FLAG,pixel_flag,NOT_FALSE_CLEAN,True,6,5,-1,-1
design,design_dirty_036,contaminated,0.005,<1%,edge_blob,0,balanced,FLAG,pixel_flag,NOT_FALSE_CLEAN,True,6,5,-1,-1
design,design_dirty_036,contaminated,0.005,<1%,edge_blob,0,conservative,FLAG,pixel_flag,NOT_FALSE_CLEAN,True,6,5,-1,-1
design,design_dirty_037,contaminated,0.005,<1%,edge_blob,1,global_baseline,FLAG,pixel_flag,NOT_FALSE_CLEAN,True,5,5,-1,-1
design,design_dirty_037,contaminated,0.005,<1%,edge_blob,1,tile,FLAG,pixel_flag,NOT_FALSE_CLEAN,True,5,5,-1,-1
design,design_dirty_037,contaminated,0.005,<1%,edge_blob,1,multiscale,FLAG,pixel_flag,NOT_FALSE_CLEAN,True,5,5,-1,-1
design,design_dirty_037,contaminated,0.005,<1%,edge_blob,1,connected_component,FLAG,pixel_flag,NOT_FALSE_CLEAN,True,5,5,-1,-1
design,design_dirty_037,contaminated,0.005,<1%,edge_blob,1,max_local_density,FLAG,pixel_flag,NOT_FALSE_CLEAN,True,5,5,-1,-1
design,design_dirty_037,contaminated,0.005,<1%,edge_blob,1,edge_aware,FLAG,pixel_flag,NOT_FALSE_CLEAN,True,5,5,-1,-1
design,design_dirty_037,contaminated,0.005,<1%,edge_blob,1,aggressive,FLAG,pixel_flag,NOT_FALSE_CLEAN,True,5,5,-1,-1
design,design_dirty_037,contaminated,0.005,<1%,edge_blob,1,balanced,FLAG,pixel_flag,NOT_FALSE_CLEAN,True,5,5,-1,-1
design,design_dirty_037,contaminated,0.005,<1%,edge_blob,1,conservative,FLAG,pixel_flag,NOT_FALSE_CLEAN,True,5,5,-1,-1
design,design_dirty_038,contaminated,0.005,<1%,corner_blob,0,global_baseline,PASS,spatial_certificate,A_OBSERVABLE_SPATIALLY_DILUTED,True,5,5,5,3
design,design_dirty_038,contaminated,0.005,<1%,corner_blob,0,tile,PASS,spatial_certificate,A_OBSERVABLE_SPATIALLY_DILUTED,True,5,5,5,3
design,design_dirty_038,contaminated,0.005,<1%,corner_blob,0,multiscale,UNKNOWN,window_4_density,A_OBSERVABLE_SPATIALLY_DILUTED,True,5,5,5,3
design,design_dirty_038,contaminated,0.005,<1%,corner_blob,0,connected_component,PASS,spatial_certificate,A_OBSERVABLE_SPATIALLY_DILUTED,True,5,5,5,3
design,design_dirty_038,contaminated,0.005,<1%,corner_blob,0,max_local_density,UNKNOWN,window_4_density,A_OBSERVABLE_SPATIALLY_DILUTED,True,5,5,5,3
design,design_dirty_038,contaminated,0.005,<1%,corner_blob,0,edge_aware,PASS,spatial_certificate,A_OBSERVABLE_SPATIALLY_DILUTED,True,5,5,5,3
design,design_dirty_038,contaminated,0.005,<1%,corner_blob,0,aggressive,UNKNOWN,window_4_density,A_OBSERVABLE_SPATIALLY_DILUTED,True,5,5,5,3
design,design_dirty_038,contaminated,0.005,<1%,corner_blob,0,balanced,PASS,spatial_certificate,A_OBSERVABLE_SPATIALLY_DILUTED,True,5,5,5,3
design,design_dirty_038,contaminated,0.005,<1%,corner_blob,0,conservative,PASS,spatial_certificate,A_OBSERVABLE_SPATIALLY_DILUTED,True,5,5,5,3
design,design_dirty_039,contaminated,0.005,<1%,corner_blob,1,global_baseline,PASS,spatial_certificate,A_OBSERVABLE_SPATIALLY_DILUTED,True,6,5,5,3
design,design_dirty_039,contaminated,0.005,<1%,corner_blob,1,tile,PASS,spatial_certificate,A_OBSERVABLE_SPATIALLY_DILUTED,True,6,5,5,3
design,design_dirty_039,contaminated,0.005,<1%,corner_blob,1,multiscale,UNKNOWN,window_4_density,A_OBSERVABLE_SPATIALLY_DILUTED,True,6,5,5,3
design,design_dirty_039,contaminated,0.005,<1%,corner_blob,1,connected_component,PASS,spatial_certificate,A_OBSERVABLE_SPATIALLY_DILUTED,True,6,5,5,3
design,design_dirty_039,contaminated,0.005,<1%,corner_blob,1,max_local_density,UNKNOWN,window_4_density,A_OBSERVABLE_SPATIALLY_DILUTED,True,6,5,5,3
design,design_dirty_039,contaminated,0.005,<1%,corner_blob,1,edge_aware,PASS,spatial_certificate,A_OBSERVABLE_SPATIALLY_DILUTED,True,6,5,5,3
design,design_dirty_039,contaminated,0.005,<1%,corner_blob,1,aggressive,UNKNOWN,window_4_density,A_OBSERVABLE_SPATIALLY_DILUTED,True,6,5,5,3
design,design_dirty_039,contaminated,0.005,<1%,corner_blob,1,balanced,PASS,spatial_certificate,A_OBSERVABLE_SPATIALLY_DILUTED,True,6,5,5,3
design,design_dirty_039,contaminated,0.005,<1%,corner_blob,1,conservative,PASS,spatial_certificate,A_OBSERVABLE_SPATIALLY_DILUTED,True,6,5,5,3
design,design_dirty_040,contaminated,0.005,<1%,multiple_droplets,0,global_baseline,PASS,spatial_certificate,A_OBSERVABLE_SPATIALLY_DILUTED,True,5,5,2,2
design,design_dirty_040,contaminated,0.005,<1%,multiple_droplets,0,tile,PASS,spatial_certificate,A_OBSERVABLE_SPATIALLY_DILUTED,True,5,5,2,2
design,design_dirty_040,contaminated,0.005,<1%,multiple_droplets,0,multiscale,PASS,spatial_certificate,A_OBSERVABLE_SPATIALLY_DILUTED,True,5,5,2,2
design,design_dirty_040,contaminated,0.005,<1%,multiple_droplets,0,connected_component,PASS,spatial_certificate,A_OBSERVABLE_SPATIALLY_DILUTED,True,5,5,2,2
design,design_dirty_040,contaminated,0.005,<1%,multiple_droplets,0,max_local_density,PASS,spatial_certificate,A_OBSERVABLE_SPATIALLY_DILUTED,True,5,5,2,2
design,design_dirty_040,contaminated,0.005,<1%,multiple_droplets,0,edge_aware,PASS,spatial_certificate,A_OBSERVABLE_SPATIALLY_DILUTED,True,5,5,2,2
design,design_dirty_040,contaminated,0.005,<1%,multiple_droplets,0,aggressive,UNKNOWN,window_4_density,A_OBSERVABLE_SPATIALLY_DILUTED,True,5,5,2,2
design,design_dirty_040,contaminated,0.005,<1%,multiple_droplets,0,balanced,PASS,spatial_certificate,A_OBSERVABLE_SPATIALLY_DILUTED,True,5,5,2,2
design,design_dirty_040,contaminated,0.005,<1%,multiple_droplets,0,conservative,PASS,spatial_certificate,A_OBSERVABLE_SPATIALLY_DILUTED,True,5,5,2,2
design,design_dirty_041,contaminated,0.005,<1%,multiple_droplets,1,global_baseline,PASS,spatial_certificate,A_OBSERVABLE_SPATIALLY_DILUTED,True,5,5,2,2
design,design_dirty_041,contaminated,0.005,<1%,multiple_droplets,1,tile,PASS,spatial_certificate,A_OBSERVABLE_SPATIALLY_DILUTED,True,5,5,2,2
design,design_dirty_041,contaminated,0.005,<1%,multiple_droplets,1,multiscale,PASS,spatial_certificate,A_OBSERVABLE_SPATIALLY_DILUTED,True,5,5,2,2
design,design_dirty_041,contaminated,0.005,<1%,multiple_droplets,1,connected_component,PASS,spatial_certificate,A_OBSERVABLE_SPATIALLY_DILUTED,True,5,5,2,2
design,design_dirty_041,contaminated,0.005,<1%,multiple_droplets,1,max_local_density,PASS,spatial_certificate,A_OBSERVABLE_SPATIALLY_DILUTED,True,5,5,2,2
design,design_dirty_041,contaminated,0.005,<1%,multiple_droplets,1,edge_aware,PASS,spatial_certificate,A_OBSERVABLE_SPATIALLY_DILUTED,True,5,5,2,2
design,design_dirty_041,contaminated,0.005,<1%,multiple_droplets,1,aggressive,UNKNOWN,window_4_density,A_OBSERVABLE_SPATIALLY_DILUTED,True,5,5,2,2
design,design_dirty_041,contaminated,0.005,<1%,multiple_droplets,1,balanced,PASS,spatial_certificate,A_OBSERVABLE_SPATIALLY_DILUTED,True,5,5,2,2
design,design_dirty_041,contaminated,0.005,<1%,multiple_droplets,1,conservative,PASS,spatial_certificate,A_OBSERVABLE_SPATIALLY_DILUTED,True,5,5,2,2
design,design_dirty_042,contaminated,0.005,<1%,dispersed_sparse,0,global_baseline,PASS,spatial_certificate,A_OBSERVABLE_SPATIALLY_DILUTED,True,5,5,1,1
design,design_dirty_042,contaminated,0.005,<1%,dispersed_sparse,0,tile,PASS,spatial_certificate,A_OBSERVABLE_SPATIALLY_DILUTED,True,5,5,1,1
design,design_dirty_042,contaminated,0.005,<1%,dispersed_sparse,0,multiscale,PASS,spatial_certificate,A_OBSERVABLE_SPATIALLY_DILUTED,True,5,5,1,1
design,design_dirty_042,contaminated,0.005,<1%,dispersed_sparse,0,connected_component,PASS,spatial_certificate,A_OBSERVABLE_SPATIALLY_DILUTED,True,5,5,1,1
design,design_dirty_042,contaminated,0.005,<1%,dispersed_sparse,0,max_local_density,PASS,spatial_certificate,A_OBSERVABLE_SPATIALLY_DILUTED,True,5,5,1,1
design,design_dirty_042,contaminated,0.005,<1%,dispersed_sparse,0,edge_aware,PASS,spatial_certificate,A_OBSERVABLE_SPATIALLY_DILUTED,True,5,5,1,1
design,design_dirty_042,contaminated,0.005,<1%,dispersed_sparse,0,aggressive,PASS,spatial_certificate,A_OBSERVABLE_SPATIALLY_DILUTED,True,5,5,1,1
design,design_dirty_042,contaminated,0.005,<1%,dispersed_sparse,0,balanced,PASS,spatial_certificate,A_OBSERVABLE_SPATIALLY_DILUTED,True,5,5,1,1
design,design_dirty_042,contaminated,0.005,<1%,dispersed_sparse,0,conservative,PASS,spatial_certificate,A_OBSERVABLE_SPATIALLY_DILUTED,True,5,5,1,1
design,design_dirty_043,contaminated,0.005,<1%,dispersed_sparse,1,global_baseline,FLAG,pixel_flag,NOT_FALSE_CLEAN,True,5,5,-1,-1
design,design_dirty_043,contaminated,0.005,<1%,dispersed_sparse,1,tile,FLAG,pixel_flag,NOT_FALSE_CLEAN,True,5,5,-1,-1
design,design_dirty_043,contaminated,0.005,<1%,dispersed_sparse,1,multiscale,FLAG,pixel_flag,NOT_FALSE_CLEAN,True,5,5,-1,-1
design,design_dirty_043,contaminated,0.005,<1%,dispersed_sparse,1,connected_component,FLAG,pixel_flag,NOT_FALSE_CLEAN,True,5,5,-1,-1
design,design_dirty_043,contaminated,0.005,<1%,dispersed_sparse,1,max_local_density,FLAG,pixel_flag,NOT_FALSE_CLEAN,True,5,5,-1,-1
design,design_dirty_043,contaminated,0.005,<1%,dispersed_sparse,1,edge_aware,FLAG,pixel_flag,NOT_FALSE_CLEAN,True,5,5,-1,-1
design,design_dirty_043,contaminated,0.005,<1%,dispersed_sparse,1,aggressive,FLAG,pixel_flag,NOT_FALSE_CLEAN,True,5,5,-1,-1
design,design_dirty_043,contaminated,0.005,<1%,dispersed_sparse,1,balanced,FLAG,pixel_flag,NOT_FALSE_CLEAN,True,5,5,-1,-1
design,design_dirty_043,contaminated,0.005,<1%,dispersed_sparse,1,conservative,FLAG,pixel_flag,NOT_FALSE_CLEAN,True,5,5,-1,-1
design,design_dirty_044,contaminated,0.005,<1%,psf_blurred,0,global_baseline,FLAG,pixel_flag,NOT_FALSE_CLEAN,True,33,12,-1,-1
design,design_dirty_044,contaminated,0.005,<1%,psf_blurred,0,tile,FLAG,pixel_flag,NOT_FALSE_CLEAN,True,33,12,-1,-1
design,design_dirty_044,contaminated,0.005,<1%,psf_blurred,0,multiscale,FLAG,pixel_flag,NOT_FALSE_CLEAN,True,33,12,-1,-1
design,design_dirty_044,contaminated,0.005,<1%,psf_blurred,0,connected_component,FLAG,pixel_flag,NOT_FALSE_CLEAN,True,33,12,-1,-1
design,design_dirty_044,contaminated,0.005,<1%,psf_blurred,0,max_local_density,FLAG,pixel_flag,NOT_FALSE_CLEAN,True,33,12,-1,-1
design,design_dirty_044,contaminated,0.005,<1%,psf_blurred,0,edge_aware,FLAG,pixel_flag,NOT_FALSE_CLEAN,True,33,12,-1,-1
design,design_dirty_044,contaminated,0.005,<1%,psf_blurred,0,aggressive,FLAG,pixel_flag,NOT_FALSE_CLEAN,True,33,12,-1,-1
design,design_dirty_044,contaminated,0.005,<1%,psf_blurred,0,balanced,FLAG,pixel_flag,NOT_FALSE_CLEAN,True,33,12,-1,-1
design,design_dirty_044,contaminated,0.005,<1%,psf_blurred,0,conservative,FLAG,pixel_flag,NOT_FALSE_CLEAN,True,33,12,-1,-1
design,design_dirty_045,contaminated,0.005,<1%,psf_blurred,1,global_baseline,PASS,spatial_certificate,A_OBSERVABLE_SPATIALLY_DILUTED,True,19,4,17,5
design,design_dirty_045,contaminated,0.005,<1%,psf_blurred,1,tile,UNKNOWN,tile_density,A_OBSERVABLE_SPATIALLY_DILUTED,True,19,4,17,5
design,design_dirty_045,contaminated,0.005,<1%,psf_blurred,1,multiscale,UNKNOWN,window_4_density,A_OBSERVABLE_SPATIALLY_DILUTED,True,19,4,17,5
design,design_dirty_045,contaminated,0.005,<1%,psf_blurred,1,connected_component,UNKNOWN,component_area,A_OBSERVABLE_SPATIALLY_DILUTED,True,19,4,17,5
design,design_dirty_045,contaminated,0.005,<1%,psf_blurred,1,max_local_density,UNKNOWN,window_4_density,A_OBSERVABLE_SPATIALLY_DILUTED,True,19,4,17,5
design,design_dirty_045,contaminated,0.005,<1%,psf_blurred,1,edge_aware,PASS,spatial_certificate,A_OBSERVABLE_SPATIALLY_DILUTED,True,19,4,17,5
design,design_dirty_045,contaminated,0.005,<1%,psf_blurred,1,aggressive,UNKNOWN,tile_density,A_OBSERVABLE_SPATIALLY_DILUTED,True,19,4,17,5
design,design_dirty_045,contaminated,0.005,<1%,psf_blurred,1,balanced,UNKNOWN,tile_density,A_OBSERVABLE_SPATIALLY_DILUTED,True,19,4,17,5
design,design_dirty_045,contaminated,0.005,<1%,psf_blurred,1,conservative,UNKNOWN,window_4_density,A_OBSERVABLE_SPATIALLY_DILUTED,True,19,4,17,5
design,design_dirty_046,contaminated,0.005,<1%,registration_shifted,0,global_baseline,PASS,spatial_certificate,A_OBSERVABLE_SPATIALLY_DILUTED,True,6,6,6,3
design,design_dirty_046,contaminated,0.005,<1%,registration_shifted,0,tile,PASS,spatial_certificate,A_OBSERVABLE_SPATIALLY_DILUTED,True,6,6,6,3
design,design_dirty_046,contaminated,0.005,<1%,registration_shifted,0,multiscale,UNKNOWN,window_4_density,A_OBSERVABLE_SPATIALLY_DILUTED,True,6,6,6,3
design,design_dirty_046,contaminated,0.005,<1%,registration_shifted,0,connected_component,PASS,spatial_certificate,A_OBSERVABLE_SPATIALLY_DILUTED,True,6,6,6,3
design,design_dirty_046,contaminated,0.005,<1%,registration_shifted,0,max_local_density,UNKNOWN,window_4_density,A_OBSERVABLE_SPATIALLY_DILUTED,True,6,6,6,3
design,design_dirty_046,contaminated,0.005,<1%,registration_shifted,0,edge_aware,PASS,spatial_certificate,A_OBSERVABLE_SPATIALLY_DILUTED,True,6,6,6,3
design,design_dirty_046,contaminated,0.005,<1%,registration_shifted,0,aggressive,UNKNOWN,tile_density,A_OBSERVABLE_SPATIALLY_DILUTED,True,6,6,6,3
design,design_dirty_046,contaminated,0.005,<1%,registration_shifted,0,balanced,PASS,spatial_certificate,A_OBSERVABLE_SPATIALLY_DILUTED,True,6,6,6,3
design,design_dirty_046,contaminated,0.005,<1%,registration_shifted,0,conservative,PASS,spatial_certificate,A_OBSERVABLE_SPATIALLY_DILUTED,True,6,6,6,3
design,design_dirty_047,contaminated,0.005,<1%,registration_shifted,1,global_baseline,FLAG,pixel_flag,NOT_FALSE_CLEAN,True,4,4,-1,-1
design,design_dirty_047,contaminated,0.005,<1%,registration_shifted,1,tile,FLAG,pixel_flag,NOT_FALSE_CLEAN,True,4,4,-1,-1
design,design_dirty_047,contaminated,0.005,<1%,registration_shifted,1,multiscale,FLAG,pixel_flag,NOT_FALSE_CLEAN,True,4,4,-1,-1
design,design_dirty_047,contaminated,0.005,<1%,registration_shifted,1,connected_component,FLAG,pixel_flag,NOT_FALSE_CLEAN,True,4,4,-1,-1
design,design_dirty_047,contaminated,0.005,<1%,registration_shifted,1,max_local_density,FLAG,pixel_flag,NOT_FALSE_CLEAN,True,4,4,-1,-1
design,design_dirty_047,contaminated,0.005,<1%,registration_shifted,1,edge_aware,FLAG,pixel_flag,NOT_FALSE_CLEAN,True,4,4,-1,-1
design,design_dirty_047,contaminated,0.005,<1%,registration_shifted,1,aggressive,FLAG,pixel_flag,NOT_FALSE_CLEAN,True,4,4,-1,-1
design,design_dirty_047,contaminated,0.005,<1%,registration_shifted,1,balanced,FLAG,pixel_flag,NOT_FALSE_CLEAN,True,4,4,-1,-1
design,design_dirty_047,contaminated,0.005,<1%,registration_shifted,1,conservative,FLAG,pixel_flag,NOT_FALSE_CLEAN,True,4,4,-1,-1
design,design_dirty_048,contaminated,0.01,1-2%,compact_blob,0,global_baseline,PASS,spatial_certificate,A_OBSERVABLE_SPATIALLY_DILUTED,True,13,10,10,4
design,design_dirty_048,contaminated,0.01,1-2%,compact_blob,0,tile,UNKNOWN,tile_density,A_OBSERVABLE_SPATIALLY_DILUTED,True,13,10,10,4
design,design_dirty_048,contaminated,0.01,1-2%,compact_blob,0,multiscale,UNKNOWN,window_4_density,A_OBSERVABLE_SPATIALLY_DILUTED,True,13,10,10,4
design,design_dirty_048,contaminated,0.01,1-2%,compact_blob,0,connected_component,UNKNOWN,component_area,A_OBSERVABLE_SPATIALLY_DILUTED,True,13,10,10,4
design,design_dirty_048,contaminated,0.01,1-2%,compact_blob,0,max_local_density,UNKNOWN,window_4_density,A_OBSERVABLE_SPATIALLY_DILUTED,True,13,10,10,4
design,design_dirty_048,contaminated,0.01,1-2%,compact_blob,0,edge_aware,PASS,spatial_certificate,A_OBSERVABLE_SPATIALLY_DILUTED,True,13,10,10,4
design,design_dirty_048,contaminated,0.01,1-2%,compact_blob,0,aggressive,UNKNOWN,tile_density,A_OBSERVABLE_SPATIALLY_DILUTED,True,13,10,10,4
design,design_dirty_048,contaminated,0.01,1-2%,compact_blob,0,balanced,PASS,spatial_certificate,A_OBSERVABLE_SPATIALLY_DILUTED,True,13,10,10,4
design,design_dirty_048,contaminated,0.01,1-2%,compact_blob,0,conservative,PASS,spatial_certificate,A_OBSERVABLE_SPATIALLY_DILUTED,True,13,10,10,4
design,design_dirty_049,contaminated,0.01,1-2%,compact_blob,1,global_baseline,PASS,spatial_certificate,A_OBSERVABLE_SPATIALLY_DILUTED,True,12,10,10,4
design,design_dirty_049,contaminated,0.01,1-2%,compact_blob,1,tile,UNKNOWN,tile_density,A_OBSERVABLE_SPATIALLY_DILUTED,True,12,10,10,4
design,design_dirty_049,contaminated,0.01,1-2%,compact_blob,1,multiscale,UNKNOWN,window_4_density,A_OBSERVABLE_SPATIALLY_DILUTED,True,12,10,10,4
design,design_dirty_049,contaminated,0.01,1-2%,compact_blob,1,connected_component,UNKNOWN,component_area,A_OBSERVABLE_SPATIALLY_DILUTED,True,12,10,10,4
design,design_dirty_049,contaminated,0.01,1-2%,compact_blob,1,max_local_density,UNKNOWN,window_4_density,A_OBSERVABLE_SPATIALLY_DILUTED,True,12,10,10,4
design,design_dirty_049,contaminated,0.01,1-2%,compact_blob,1,edge_aware,PASS,spatial_certificate,A_OBSERVABLE_SPATIALLY_DILUTED,True,12,10,10,4
design,design_dirty_049,contaminated,0.01,1-2%,compact_blob,1,aggressive,UNKNOWN,tile_density,A_OBSERVABLE_SPATIALLY_DILUTED,True,12,10,10,4
design,design_dirty_049,contaminated,0.01,1-2%,compact_blob,1,balanced,PASS,spatial_certificate,A_OBSERVABLE_SPATIALLY_DILUTED,True,12,10,10,4
design,design_dirty_049,contaminated,0.01,1-2%,compact_blob,1,conservative,PASS,spatial_certificate,A_OBSERVABLE_SPATIALLY_DILUTED,True,12,10,10,4
design,design_dirty_050,contaminated,0.01,1-2%,elongated_streak,0,global_baseline,FLAG,pixel_flag,NOT_FALSE_CLEAN,True,11,10,-1,-1
design,design_dirty_050,contaminated,0.01,1-2%,elongated_streak,0,tile,FLAG,pixel_flag,NOT_FALSE_CLEAN,True,11,10,-1,-1
design,design_dirty_050,contaminated,0.01,1-2%,elongated_streak,0,multiscale,FLAG,pixel_flag,NOT_FALSE_CLEAN,True,11,10,-1,-1
design,design_dirty_050,contaminated,0.01,1-2%,elongated_streak,0,connected_component,FLAG,pixel_flag,NOT_FALSE_CLEAN,True,11,10,-1,-1
design,design_dirty_050,contaminated,0.01,1-2%,elongated_streak,0,max_local_density,FLAG,pixel_flag,NOT_FALSE_CLEAN,True,11,10,-1,-1
design,design_dirty_050,contaminated,0.01,1-2%,elongated_streak,0,edge_aware,FLAG,pixel_flag,NOT_FALSE_CLEAN,True,11,10,-1,-1
design,design_dirty_050,contaminated,0.01,1-2%,elongated_streak,0,aggressive,FLAG,pixel_flag,NOT_FALSE_CLEAN,True,11,10,-1,-1
design,design_dirty_050,contaminated,0.01,1-2%,elongated_streak,0,balanced,FLAG,pixel_flag,NOT_FALSE_CLEAN,True,11,10,-1,-1
design,design_dirty_050,contaminated,0.01,1-2%,elongated_streak,0,conservative,FLAG,pixel_flag,NOT_FALSE_CLEAN,True,11,10,-1,-1
design,design_dirty_051,contaminated,0.01,1-2%,elongated_streak,1,global_baseline,PASS,spatial_certificate,A_OBSERVABLE_SPATIALLY_DILUTED,True,11,10,9,9
design,design_dirty_051,contaminated,0.01,1-2%,elongated_streak,1,tile,PASS,spatial_certificate,A_OBSERVABLE_SPATIALLY_DILUTED,True,11,10,9,9
design,design_dirty_051,contaminated,0.01,1-2%,elongated_streak,1,multiscale,UNKNOWN,window_8_density,A_OBSERVABLE_SPATIALLY_DILUTED,True,11,10,9,9
design,design_dirty_051,contaminated,0.01,1-2%,elongated_streak,1,connected_component,UNKNOWN,component_area,A_OBSERVABLE_SPATIALLY_DILUTED,True,11,10,9,9
design,design_dirty_051,contaminated,0.01,1-2%,elongated_streak,1,max_local_density,UNKNOWN,window_4_density,A_OBSERVABLE_SPATIALLY_DILUTED,True,11,10,9,9
design,design_dirty_051,contaminated,0.01,1-2%,elongated_streak,1,edge_aware,PASS,spatial_certificate,A_OBSERVABLE_SPATIALLY_DILUTED,True,11,10,9,9
design,design_dirty_051,contaminated,0.01,1-2%,elongated_streak,1,aggressive,UNKNOWN,tile_density,A_OBSERVABLE_SPATIALLY_DILUTED,True,11,10,9,9
design,design_dirty_051,contaminated,0.01,1-2%,elongated_streak,1,balanced,PASS,spatial_certificate,A_OBSERVABLE_SPATIALLY_DILUTED,True,11,10,9,9
design,design_dirty_051,contaminated,0.01,1-2%,elongated_streak,1,conservative,PASS,spatial_certificate,A_OBSERVABLE_SPATIALLY_DILUTED,True,11,10,9,9
design,design_dirty_052,contaminated,0.01,1-2%,edge_blob,0,global_baseline,FLAG,pixel_flag,NOT_FALSE_CLEAN,True,10,10,-1,-1
design,design_dirty_052,contaminated,0.01,1-2%,edge_blob,0,tile,FLAG,pixel_flag,NOT_FALSE_CLEAN,True,10,10,-1,-1
design,design_dirty_052,contaminated,0.01,1-2%,edge_blob,0,multiscale,FLAG,pixel_flag,NOT_FALSE_CLEAN,True,10,10,-1,-1
design,design_dirty_052,contaminated,0.01,1-2%,edge_blob,0,connected_component,FLAG,pixel_flag,NOT_FALSE_CLEAN,True,10,10,-1,-1
design,design_dirty_052,contaminated,0.01,1-2%,edge_blob,0,max_local_density,FLAG,pixel_flag,NOT_FALSE_CLEAN,True,10,10,-1,-1
design,design_dirty_052,contaminated,0.01,1-2%,edge_blob,0,edge_aware,FLAG,pixel_flag,NOT_FALSE_CLEAN,True,10,10,-1,-1
design,design_dirty_052,contaminated,0.01,1-2%,edge_blob,0,aggressive,FLAG,pixel_flag,NOT_FALSE_CLEAN,True,10,10,-1,-1
design,design_dirty_052,contaminated,0.01,1-2%,edge_blob,0,balanced,FLAG,pixel_flag,NOT_FALSE_CLEAN,True,10,10,-1,-1
design,design_dirty_052,contaminated,0.01,1-2%,edge_blob,0,conservative,FLAG,pixel_flag,NOT_FALSE_CLEAN,True,10,10,-1,-1
design,design_dirty_053,contaminated,0.01,1-2%,edge_blob,1,global_baseline,PASS,spatial_certificate,A_OBSERVABLE_SPATIALLY_DILUTED,True,10,10,10,4
design,design_dirty_053,contaminated,0.01,1-2%,edge_blob,1,tile,UNKNOWN,tile_density,A_OBSERVABLE_SPATIALLY_DILUTED,True,10,10,10,4
design,design_dirty_053,contaminated,0.01,1-2%,edge_blob,1,multiscale,UNKNOWN,window_4_density,A_OBSERVABLE_SPATIALLY_DILUTED,True,10,10,10,4
design,design_dirty_053,contaminated,0.01,1-2%,edge_blob,1,connected_component,UNKNOWN,component_area,A_OBSERVABLE_SPATIALLY_DILUTED,True,10,10,10,4
design,design_dirty_053,contaminated,0.01,1-2%,edge_blob,1,max_local_density,UNKNOWN,window_4_density,A_OBSERVABLE_SPATIALLY_DILUTED,True,10,10,10,4
design,design_dirty_053,contaminated,0.01,1-2%,edge_blob,1,edge_aware,PASS,spatial_certificate,A_OBSERVABLE_SPATIALLY_DILUTED,True,10,10,10,4
design,design_dirty_053,contaminated,0.01,1-2%,edge_blob,1,aggressive,UNKNOWN,tile_density,A_OBSERVABLE_SPATIALLY_DILUTED,True,10,10,10,4
design,design_dirty_053,contaminated,0.01,1-2%,edge_blob,1,balanced,PASS,spatial_certificate,A_OBSERVABLE_SPATIALLY_DILUTED,True,10,10,10,4
design,design_dirty_053,contaminated,0.01,1-2%,edge_blob,1,conservative,PASS,spatial_certificate,A_OBSERVABLE_SPATIALLY_DILUTED,True,10,10,10,4
design,design_dirty_054,contaminated,0.01,1-2%,corner_blob,0,global_baseline,PASS,spatial_certificate,A_OBSERVABLE_SPATIALLY_DILUTED,True,12,10,10,4
design,design_dirty_054,contaminated,0.01,1-2%,corner_blob,0,tile,UNKNOWN,tile_density,A_OBSERVABLE_SPATIALLY_DILUTED,True,12,10,10,4
design,design_dirty_054,contaminated,0.01,1-2%,corner_blob,0,multiscale,UNKNOWN,window_4_density,A_OBSERVABLE_SPATIALLY_DILUTED,True,12,10,10,4
design,design_dirty_054,contaminated,0.01,1-2%,corner_blob,0,connected_component,UNKNOWN,component_area,A_OBSERVABLE_SPATIALLY_DILUTED,True,12,10,10,4
design,design_dirty_054,contaminated,0.01,1-2%,corner_blob,0,max_local_density,UNKNOWN,window_4_density,A_OBSERVABLE_SPATIALLY_DILUTED,True,12,10,10,4
design,design_dirty_054,contaminated,0.01,1-2%,corner_blob,0,edge_aware,PASS,spatial_certificate,A_OBSERVABLE_SPATIALLY_DILUTED,True,12,10,10,4
design,design_dirty_054,contaminated,0.01,1-2%,corner_blob,0,aggressive,UNKNOWN,tile_density,A_OBSERVABLE_SPATIALLY_DILUTED,True,12,10,10,4
design,design_dirty_054,contaminated,0.01,1-2%,corner_blob,0,balanced,PASS,spatial_certificate,A_OBSERVABLE_SPATIALLY_DILUTED,True,12,10,10,4
design,design_dirty_054,contaminated,0.01,1-2%,corner_blob,0,conservative,PASS,spatial_certificate,A_OBSERVABLE_SPATIALLY_DILUTED,True,12,10,10,4
design,design_dirty_055,contaminated,0.01,1-2%,corner_blob,1,global_baseline,FLAG,pixel_flag,NOT_FALSE_CLEAN,True,11,10,-1,-1
design,design_dirty_055,contaminated,0.01,1-2%,corner_blob,1,tile,FLAG,pixel_flag,NOT_FALSE_CLEAN,True,11,10,-1,-1
design,design_dirty_055,contaminated,0.01,1-2%,corner_blob,1,multiscale,FLAG,pixel_flag,NOT_FALSE_CLEAN,True,11,10,-1,-1
design,design_dirty_055,contaminated,0.01,1-2%,corner_blob,1,connected_component,FLAG,pixel_flag,NOT_FALSE_CLEAN,True,11,10,-1,-1
design,design_dirty_055,contaminated,0.01,1-2%,corner_blob,1,max_local_density,FLAG,pixel_flag,NOT_FALSE_CLEAN,True,11,10,-1,-1
design,design_dirty_055,contaminated,0.01,1-2%,corner_blob,1,edge_aware,FLAG,pixel_flag,NOT_FALSE_CLEAN,True,11,10,-1,-1
design,design_dirty_055,contaminated,0.01,1-2%,corner_blob,1,aggressive,FLAG,pixel_flag,NOT_FALSE_CLEAN,True,11,10,-1,-1
design,design_dirty_055,contaminated,0.01,1-2%,corner_blob,1,balanced,FLAG,pixel_flag,NOT_FALSE_CLEAN,True,11,10,-1,-1
design,design_dirty_055,contaminated,0.01,1-2%,corner_blob,1,conservative,FLAG,pixel_flag,NOT_FALSE_CLEAN,True,11,10,-1,-1
design,design_dirty_056,contaminated,0.01,1-2%,multiple_droplets,0,global_baseline,PASS,spatial_certificate,A_OBSERVABLE_SPATIALLY_DILUTED,True,10,10,3,2
design,design_dirty_056,contaminated,0.01,1-2%,multiple_droplets,0,tile,PASS,spatial_certificate,A_OBSERVABLE_SPATIALLY_DILUTED,True,10,10,3,2
design,design_dirty_056,contaminated,0.01,1-2%,multiple_droplets,0,multiscale,PASS,spatial_certificate,A_OBSERVABLE_SPATIALLY_DILUTED,True,10,10,3,2
design,design_dirty_056,contaminated,0.01,1-2%,multiple_droplets,0,connected_component,PASS,spatial_certificate,A_OBSERVABLE_SPATIALLY_DILUTED,True,10,10,3,2
design,design_dirty_056,contaminated,0.01,1-2%,multiple_droplets,0,max_local_density,PASS,spatial_certificate,A_OBSERVABLE_SPATIALLY_DILUTED,True,10,10,3,2
design,design_dirty_056,contaminated,0.01,1-2%,multiple_droplets,0,edge_aware,PASS,spatial_certificate,A_OBSERVABLE_SPATIALLY_DILUTED,True,10,10,3,2
design,design_dirty_056,contaminated,0.01,1-2%,multiple_droplets,0,aggressive,UNKNOWN,window_4_density,A_OBSERVABLE_SPATIALLY_DILUTED,True,10,10,3,2
design,design_dirty_056,contaminated,0.01,1-2%,multiple_droplets,0,balanced,PASS,spatial_certificate,A_OBSERVABLE_SPATIALLY_DILUTED,True,10,10,3,2
design,design_dirty_056,contaminated,0.01,1-2%,multiple_droplets,0,conservative,PASS,spatial_certificate,A_OBSERVABLE_SPATIALLY_DILUTED,True,10,10,3,2
design,design_dirty_057,contaminated,0.01,1-2%,multiple_droplets,1,global_baseline,PASS,spatial_certificate,A_OBSERVABLE_SPATIALLY_DILUTED,True,10,10,3,2
design,design_dirty_057,contaminated,0.01,1-2%,multiple_droplets,1,tile,PASS,spatial_certificate,A_OBSERVABLE_SPATIALLY_DILUTED,True,10,10,3,2
design,design_dirty_057,contaminated,0.01,1-2%,multiple_droplets,1,multiscale,PASS,spatial_certificate,A_OBSERVABLE_SPATIALLY_DILUTED,True,10,10,3,2
design,design_dirty_057,contaminated,0.01,1-2%,multiple_droplets,1,connected_component,PASS,spatial_certificate,A_OBSERVABLE_SPATIALLY_DILUTED,True,10,10,3,2
design,design_dirty_057,contaminated,0.01,1-2%,multiple_droplets,1,max_local_density,UNKNOWN,window_4_density,A_OBSERVABLE_SPATIALLY_DILUTED,True,10,10,3,2
design,design_dirty_057,contaminated,0.01,1-2%,multiple_droplets,1,edge_aware,PASS,spatial_certificate,A_OBSERVABLE_SPATIALLY_DILUTED,True,10,10,3,2
design,design_dirty_057,contaminated,0.01,1-2%,multiple_droplets,1,aggressive,UNKNOWN,window_4_density,A_OBSERVABLE_SPATIALLY_DILUTED,True,10,10,3,2
design,design_dirty_057,contaminated,0.01,1-2%,multiple_droplets,1,balanced,PASS,spatial_certificate,A_OBSERVABLE_SPATIALLY_DILUTED,True,10,10,3,2
design,design_dirty_057,contaminated,0.01,1-2%,multiple_droplets,1,conservative,PASS,spatial_certificate,A_OBSERVABLE_SPATIALLY_DILUTED,True,10,10,3,2
design,design_dirty_058,contaminated,0.01,1-2%,dispersed_sparse,0,global_baseline,PASS,spatial_certificate,A_OBSERVABLE_SPATIALLY_DILUTED,True,10,10,1,1
design,design_dirty_058,contaminated,0.01,1-2%,dispersed_sparse,0,tile,PASS,spatial_certificate,A_OBSERVABLE_SPATIALLY_DILUTED,True,10,10,1,1
design,design_dirty_058,contaminated,0.01,1-2%,dispersed_sparse,0,multiscale,PASS,spatial_certificate,A_OBSERVABLE_SPATIALLY_DILUTED,True,10,10,1,1
design,design_dirty_058,contaminated,0.01,1-2%,dispersed_sparse,0,connected_component,PASS,spatial_certificate,A_OBSERVABLE_SPATIALLY_DILUTED,True,10,10,1,1
design,design_dirty_058,contaminated,0.01,1-2%,dispersed_sparse,0,max_local_density,PASS,spatial_certificate,A_OBSERVABLE_SPATIALLY_DILUTED,True,10,10,1,1
design,design_dirty_058,contaminated,0.01,1-2%,dispersed_sparse,0,edge_aware,PASS,spatial_certificate,A_OBSERVABLE_SPATIALLY_DILUTED,True,10,10,1,1
design,design_dirty_058,contaminated,0.01,1-2%,dispersed_sparse,0,aggressive,UNKNOWN,window_4_density,A_OBSERVABLE_SPATIALLY_DILUTED,True,10,10,1,1
design,design_dirty_058,contaminated,0.01,1-2%,dispersed_sparse,0,balanced,PASS,spatial_certificate,A_OBSERVABLE_SPATIALLY_DILUTED,True,10,10,1,1
design,design_dirty_058,contaminated,0.01,1-2%,dispersed_sparse,0,conservative,PASS,spatial_certificate,A_OBSERVABLE_SPATIALLY_DILUTED,True,10,10,1,1
design,design_dirty_059,contaminated,0.01,1-2%,dispersed_sparse,1,global_baseline,PASS,spatial_certificate,A_OBSERVABLE_SPATIALLY_DILUTED,True,11,10,1,1
design,design_dirty_059,contaminated,0.01,1-2%,dispersed_sparse,1,tile,PASS,spatial_certificate,A_OBSERVABLE_SPATIALLY_DILUTED,True,11,10,1,1
design,design_dirty_059,contaminated,0.01,1-2%,dispersed_sparse,1,multiscale,PASS,spatial_certificate,A_OBSERVABLE_SPATIALLY_DILUTED,True,11,10,1,1
design,design_dirty_059,contaminated,0.01,1-2%,dispersed_sparse,1,connected_component,PASS,spatial_certificate,A_OBSERVABLE_SPATIALLY_DILUTED,True,11,10,1,1
design,design_dirty_059,contaminated,0.01,1-2%,dispersed_sparse,1,max_local_density,PASS,spatial_certificate,A_OBSERVABLE_SPATIALLY_DILUTED,True,11,10,1,1
design,design_dirty_059,contaminated,0.01,1-2%,dispersed_sparse,1,edge_aware,PASS,spatial_certificate,A_OBSERVABLE_SPATIALLY_DILUTED,True,11,10,1,1
design,design_dirty_059,contaminated,0.01,1-2%,dispersed_sparse,1,aggressive,UNKNOWN,window_4_density,A_OBSERVABLE_SPATIALLY_DILUTED,True,11,10,1,1
design,design_dirty_059,contaminated,0.01,1-2%,dispersed_sparse,1,balanced,PASS,spatial_certificate,A_OBSERVABLE_SPATIALLY_DILUTED,True,11,10,1,1
design,design_dirty_059,contaminated,0.01,1-2%,dispersed_sparse,1,conservative,PASS,spatial_certificate,A_OBSERVABLE_SPATIALLY_DILUTED,True,11,10,1,1
design,design_dirty_060,contaminated,0.01,1-2%,psf_blurred,0,global_baseline,FLAG,pixel_flag,NOT_FALSE_CLEAN,True,65,17,-1,-1
design,design_dirty_060,contaminated,0.01,1-2%,psf_blurred,0,tile,FLAG,pixel_flag,NOT_FALSE_CLEAN,True,65,17,-1,-1
design,design_dirty_060,contaminated,0.01,1-2%,psf_blurred,0,multiscale,FLAG,pixel_flag,NOT_FALSE_CLEAN,True,65,17,-1,-1
design,design_dirty_060,contaminated,0.01,1-2%,psf_blurred,0,connected_component,FLAG,pixel_flag,NOT_FALSE_CLEAN,True,65,17,-1,-1
design,design_dirty_060,contaminated,0.01,1-2%,psf_blurred,0,max_local_density,FLAG,pixel_flag,NOT_FALSE_CLEAN,True,65,17,-1,-1
design,design_dirty_060,contaminated,0.01,1-2%,psf_blurred,0,edge_aware,FLAG,pixel_flag,NOT_FALSE_CLEAN,True,65,17,-1,-1
design,design_dirty_060,contaminated,0.01,1-2%,psf_blurred,0,aggressive,FLAG,pixel_flag,NOT_FALSE_CLEAN,True,65,17,-1,-1
design,design_dirty_060,contaminated,0.01,1-2%,psf_blurred,0,balanced,FLAG,pixel_flag,NOT_FALSE_CLEAN,True,65,17,-1,-1
design,design_dirty_060,contaminated,0.01,1-2%,psf_blurred,0,conservative,FLAG,pixel_flag,NOT_FALSE_CLEAN,True,65,17,-1,-1
design,design_dirty_061,contaminated,0.01,1-2%,psf_blurred,1,global_baseline,FLAG,pixel_flag,NOT_FALSE_CLEAN,True,48,13,-1,-1
design,design_dirty_061,contaminated,0.01,1-2%,psf_blurred,1,tile,FLAG,pixel_flag,NOT_FALSE_CLEAN,True,48,13,-1,-1
design,design_dirty_061,contaminated,0.01,1-2%,psf_blurred,1,multiscale,FLAG,pixel_flag,NOT_FALSE_CLEAN,True,48,13,-1,-1
design,design_dirty_061,contaminated,0.01,1-2%,psf_blurred,1,connected_component,FLAG,pixel_flag,NOT_FALSE_CLEAN,True,48,13,-1,-1
design,design_dirty_061,contaminated,0.01,1-2%,psf_blurred,1,max_local_density,FLAG,pixel_flag,NOT_FALSE_CLEAN,True,48,13,-1,-1
design,design_dirty_061,contaminated,0.01,1-2%,psf_blurred,1,edge_aware,FLAG,pixel_flag,NOT_FALSE_CLEAN,True,48,13,-1,-1
design,design_dirty_061,contaminated,0.01,1-2%,psf_blurred,1,aggressive,FLAG,pixel_flag,NOT_FALSE_CLEAN,True,48,13,-1,-1
design,design_dirty_061,contaminated,0.01,1-2%,psf_blurred,1,balanced,FLAG,pixel_flag,NOT_FALSE_CLEAN,True,48,13,-1,-1
design,design_dirty_061,contaminated,0.01,1-2%,psf_blurred,1,conservative,FLAG,pixel_flag,NOT_FALSE_CLEAN,True,48,13,-1,-1
design,design_dirty_062,contaminated,0.01,1-2%,registration_shifted,0,global_baseline,FLAG,pixel_flag,NOT_FALSE_CLEAN,True,12,10,-1,-1
design,design_dirty_062,contaminated,0.01,1-2%,registration_shifted,0,tile,FLAG,pixel_flag,NOT_FALSE_CLEAN,True,12,10,-1,-1
design,design_dirty_062,contaminated,0.01,1-2%,registration_shifted,0,multiscale,FLAG,pixel_flag,NOT_FALSE_CLEAN,True,12,10,-1,-1
design,design_dirty_062,contaminated,0.01,1-2%,registration_shifted,0,connected_component,FLAG,pixel_flag,NOT_FALSE_CLEAN,True,12,10,-1,-1
design,design_dirty_062,contaminated,0.01,1-2%,registration_shifted,0,max_local_density,FLAG,pixel_flag,NOT_FALSE_CLEAN,True,12,10,-1,-1
design,design_dirty_062,contaminated,0.01,1-2%,registration_shifted,0,edge_aware,FLAG,pixel_flag,NOT_FALSE_CLEAN,True,12,10,-1,-1
design,design_dirty_062,contaminated,0.01,1-2%,registration_shifted,0,aggressive,FLAG,pixel_flag,NOT_FALSE_CLEAN,True,12,10,-1,-1
design,design_dirty_062,contaminated,0.01,1-2%,registration_shifted,0,balanced,FLAG,pixel_flag,NOT_FALSE_CLEAN,True,12,10,-1,-1
design,design_dirty_062,contaminated,0.01,1-2%,registration_shifted,0,conservative,FLAG,pixel_flag,NOT_FALSE_CLEAN,True,12,10,-1,-1
design,design_dirty_063,contaminated,0.01,1-2%,registration_shifted,1,global_baseline,PASS,spatial_certificate,A_OBSERVABLE_SPATIALLY_DILUTED,True,15,12,12,4
design,design_dirty_063,contaminated,0.01,1-2%,registration_shifted,1,tile,UNKNOWN,tile_density,A_OBSERVABLE_SPATIALLY_DILUTED,True,15,12,12,4
design,design_dirty_063,contaminated,0.01,1-2%,registration_shifted,1,multiscale,UNKNOWN,window_4_density,A_OBSERVABLE_SPATIALLY_DILUTED,True,15,12,12,4
design,design_dirty_063,contaminated,0.01,1-2%,registration_shifted,1,connected_component,UNKNOWN,component_area,A_OBSERVABLE_SPATIALLY_DILUTED,True,15,12,12,4
design,design_dirty_063,contaminated,0.01,1-2%,registration_shifted,1,max_local_density,UNKNOWN,window_4_density,A_OBSERVABLE_SPATIALLY_DILUTED,True,15,12,12,4
design,design_dirty_063,contaminated,0.01,1-2%,registration_shifted,1,edge_aware,PASS,spatial_certificate,A_OBSERVABLE_SPATIALLY_DILUTED,True,15,12,12,4
design,design_dirty_063,contaminated,0.01,1-2%,registration_shifted,1,aggressive,UNKNOWN,tile_density,A_OBSERVABLE_SPATIALLY_DILUTED,True,15,12,12,4
design,design_dirty_063,contaminated,0.01,1-2%,registration_shifted,1,balanced,PASS,spatial_certificate,A_OBSERVABLE_SPATIALLY_DILUTED,True,15,12,12,4
design,design_dirty_063,contaminated,0.01,1-2%,registration_shifted,1,conservative,PASS,spatial_certificate,A_OBSERVABLE_SPATIALLY_DILUTED,True,15,12,12,4
design,design_dirty_064,contaminated,0.02,2-5%,compact_blob,0,global_baseline,PASS,spatial_certificate,A_OBSERVABLE_SPATIALLY_DILUTED,True,21,20,20,5
design,design_dirty_064,contaminated,0.02,2-5%,compact_blob,0,tile,UNKNOWN,tile_density,A_OBSERVABLE_SPATIALLY_DILUTED,True,21,20,20,5
design,design_dirty_064,contaminated,0.02,2-5%,compact_blob,0,multiscale,UNKNOWN,window_4_density,A_OBSERVABLE_SPATIALLY_DILUTED,True,21,20,20,5
design,design_dirty_064,contaminated,0.02,2-5%,compact_blob,0,connected_component,UNKNOWN,component_area,A_OBSERVABLE_SPATIALLY_DILUTED,True,21,20,20,5
design,design_dirty_064,contaminated,0.02,2-5%,compact_blob,0,max_local_density,UNKNOWN,window_4_density,A_OBSERVABLE_SPATIALLY_DILUTED,True,21,20,20,5
design,design_dirty_064,contaminated,0.02,2-5%,compact_blob,0,edge_aware,PASS,spatial_certificate,A_OBSERVABLE_SPATIALLY_DILUTED,True,21,20,20,5
design,design_dirty_064,contaminated,0.02,2-5%,compact_blob,0,aggressive,UNKNOWN,tile_density,A_OBSERVABLE_SPATIALLY_DILUTED,True,21,20,20,5
design,design_dirty_064,contaminated,0.02,2-5%,compact_blob,0,balanced,UNKNOWN,window_4_density,A_OBSERVABLE_SPATIALLY_DILUTED,True,21,20,20,5
design,design_dirty_064,contaminated,0.02,2-5%,compact_blob,0,conservative,UNKNOWN,window_4_density,A_OBSERVABLE_SPATIALLY_DILUTED,True,21,20,20,5
design,design_dirty_065,contaminated,0.02,2-5%,compact_blob,1,global_baseline,PASS,spatial_certificate,A_OBSERVABLE_SPATIALLY_DILUTED,True,21,21,21,5
design,design_dirty_065,contaminated,0.02,2-5%,compact_blob,1,tile,UNKNOWN,tile_density,A_OBSERVABLE_SPATIALLY_DILUTED,True,21,21,21,5
design,design_dirty_065,contaminated,0.02,2-5%,compact_blob,1,multiscale,UNKNOWN,window_4_density,A_OBSERVABLE_SPATIALLY_DILUTED,True,21,21,21,5
design,design_dirty_065,contaminated,0.02,2-5%,compact_blob,1,connected_component,UNKNOWN,component_area,A_OBSERVABLE_SPATIALLY_DILUTED,True,21,21,21,5
design,design_dirty_065,contaminated,0.02,2-5%,compact_blob,1,max_local_density,UNKNOWN,window_4_density,A_OBSERVABLE_SPATIALLY_DILUTED,True,21,21,21,5
design,design_dirty_065,contaminated,0.02,2-5%,compact_blob,1,edge_aware,PASS,spatial_certificate,A_OBSERVABLE_SPATIALLY_DILUTED,True,21,21,21,5
design,design_dirty_065,contaminated,0.02,2-5%,compact_blob,1,aggressive,UNKNOWN,tile_density,A_OBSERVABLE_SPATIALLY_DILUTED,True,21,21,21,5
design,design_dirty_065,contaminated,0.02,2-5%,compact_blob,1,balanced,UNKNOWN,tile_density,A_OBSERVABLE_SPATIALLY_DILUTED,True,21,21,21,5
design,design_dirty_065,contaminated,0.02,2-5%,compact_blob,1,conservative,UNKNOWN,window_4_density,A_OBSERVABLE_SPATIALLY_DILUTED,True,21,21,21,5
design,design_dirty_066,contaminated,0.02,2-5%,elongated_streak,0,global_baseline,FLAG,pixel_flag,NOT_FALSE_CLEAN,True,21,20,-1,-1
design,design_dirty_066,contaminated,0.02,2-5%,elongated_streak,0,tile,FLAG,pixel_flag,NOT_FALSE_CLEAN,True,21,20,-1,-1
design,design_dirty_066,contaminated,0.02,2-5%,elongated_streak,0,multiscale,FLAG,pixel_flag,NOT_FALSE_CLEAN,True,21,20,-1,-1
design,design_dirty_066,contaminated,0.02,2-5%,elongated_streak,0,connected_component,FLAG,pixel_flag,NOT_FALSE_CLEAN,True,21,20,-1,-1
design,design_dirty_066,contaminated,0.02,2-5%,elongated_streak,0,max_local_density,FLAG,pixel_flag,NOT_FALSE_CLEAN,True,21,20,-1,-1
design,design_dirty_066,contaminated,0.02,2-5%,elongated_streak,0,edge_aware,FLAG,pixel_flag,NOT_FALSE_CLEAN,True,21,20,-1,-1
design,design_dirty_066,contaminated,0.02,2-5%,elongated_streak,0,aggressive,FLAG,pixel_flag,NOT_FALSE_CLEAN,True,21,20,-1,-1
design,design_dirty_066,contaminated,0.02,2-5%,elongated_streak,0,balanced,FLAG,pixel_flag,NOT_FALSE_CLEAN,True,21,20,-1,-1
design,design_dirty_066,contaminated,0.02,2-5%,elongated_streak,0,conservative,FLAG,pixel_flag,NOT_FALSE_CLEAN,True,21,20,-1,-1
design,design_dirty_067,contaminated,0.02,2-5%,elongated_streak,1,global_baseline,PASS,spatial_certificate,A_OBSERVABLE_SPATIALLY_DILUTED,True,21,20,5,5
design,design_dirty_067,contaminated,0.02,2-5%,elongated_streak,1,tile,PASS,spatial_certificate,A_OBSERVABLE_SPATIALLY_DILUTED,True,21,20,5,5
design,design_dirty_067,contaminated,0.02,2-5%,elongated_streak,1,multiscale,PASS,spatial_certificate,A_OBSERVABLE_SPATIALLY_DILUTED,True,21,20,5,5
design,design_dirty_067,contaminated,0.02,2-5%,elongated_streak,1,connected_component,PASS,spatial_certificate,A_OBSERVABLE_SPATIALLY_DILUTED,True,21,20,5,5
design,design_dirty_067,contaminated,0.02,2-5%,elongated_streak,1,max_local_density,UNKNOWN,window_4_density,A_OBSERVABLE_SPATIALLY_DILUTED,True,21,20,5,5
design,design_dirty_067,contaminated,0.02,2-5%,elongated_streak,1,edge_aware,PASS,spatial_certificate,A_OBSERVABLE_SPATIALLY_DILUTED,True,21,20,5,5
design,design_dirty_067,contaminated,0.02,2-5%,elongated_streak,1,aggressive,UNKNOWN,tile_density,A_OBSERVABLE_SPATIALLY_DILUTED,True,21,20,5,5
design,design_dirty_067,contaminated,0.02,2-5%,elongated_streak,1,balanced,PASS,spatial_certificate,A_OBSERVABLE_SPATIALLY_DILUTED,True,21,20,5,5
design,design_dirty_067,contaminated,0.02,2-5%,elongated_streak,1,conservative,PASS,spatial_certificate,A_OBSERVABLE_SPATIALLY_DILUTED,True,21,20,5,5
design,design_dirty_068,contaminated,0.02,2-5%,edge_blob,0,global_baseline,FLAG,pixel_flag,NOT_FALSE_CLEAN,True,20,20,-1,-1
design,design_dirty_068,contaminated,0.02,2-5%,edge_blob,0,tile,FLAG,pixel_flag,NOT_FALSE_CLEAN,True,20,20,-1,-1
design,design_dirty_068,contaminated,0.02,2-5%,edge_blob,0,multiscale,FLAG,pixel_flag,NOT_FALSE_CLEAN,True,20,20,-1,-1
design,design_dirty_068,contaminated,0.02,2-5%,edge_blob,0,connected_component,FLAG,pixel_flag,NOT_FALSE_CLEAN,True,20,20,-1,-1
design,design_dirty_068,contaminated,0.02,2-5%,edge_blob,0,max_local_density,FLAG,pixel_flag,NOT_FALSE_CLEAN,True,20,20,-1,-1
design,design_dirty_068,contaminated,0.02,2-5%,edge_blob,0,edge_aware,FLAG,pixel_flag,NOT_FALSE_CLEAN,True,20,20,-1,-1
design,design_dirty_068,contaminated,0.02,2-5%,edge_blob,0,aggressive,FLAG,pixel_flag,NOT_FALSE_CLEAN,True,20,20,-1,-1
design,design_dirty_068,contaminated,0.02,2-5%,edge_blob,0,balanced,FLAG,pixel_flag,NOT_FALSE_CLEAN,True,20,20,-1,-1
design,design_dirty_068,contaminated,0.02,2-5%,edge_blob,0,conservative,FLAG,pixel_flag,NOT_FALSE_CLEAN,True,20,20,-1,-1
design,design_dirty_069,contaminated,0.02,2-5%,edge_blob,1,global_baseline,PASS,spatial_certificate,A_OBSERVABLE_SPATIALLY_DILUTED,True,22,20,20,7
design,design_dirty_069,contaminated,0.02,2-5%,edge_blob,1,tile,UNKNOWN,tile_density,A_OBSERVABLE_SPATIALLY_DILUTED,True,22,20,20,7
design,design_dirty_069,contaminated,0.02,2-5%,edge_blob,1,multiscale,UNKNOWN,window_4_density,A_OBSERVABLE_SPATIALLY_DILUTED,True,22,20,20,7
design,design_dirty_069,contaminated,0.02,2-5%,edge_blob,1,connected_component,UNKNOWN,component_area,A_OBSERVABLE_SPATIALLY_DILUTED,True,22,20,20,7
design,design_dirty_069,contaminated,0.02,2-5%,edge_blob,1,max_local_density,UNKNOWN,window_4_density,A_OBSERVABLE_SPATIALLY_DILUTED,True,22,20,20,7
design,design_dirty_069,contaminated,0.02,2-5%,edge_blob,1,edge_aware,PASS,spatial_certificate,A_OBSERVABLE_SPATIALLY_DILUTED,True,22,20,20,7
design,design_dirty_069,contaminated,0.02,2-5%,edge_blob,1,aggressive,UNKNOWN,tile_density,A_OBSERVABLE_SPATIALLY_DILUTED,True,22,20,20,7
design,design_dirty_069,contaminated,0.02,2-5%,edge_blob,1,balanced,UNKNOWN,tile_density,A_OBSERVABLE_SPATIALLY_DILUTED,True,22,20,20,7
design,design_dirty_069,contaminated,0.02,2-5%,edge_blob,1,conservative,PASS,spatial_certificate,A_OBSERVABLE_SPATIALLY_DILUTED,True,22,20,20,7
design,design_dirty_070,contaminated,0.02,2-5%,corner_blob,0,global_baseline,PASS,spatial_certificate,A_OBSERVABLE_SPATIALLY_DILUTED,True,22,20,20,5
design,design_dirty_070,contaminated,0.02,2-5%,corner_blob,0,tile,UNKNOWN,tile_density,A_OBSERVABLE_SPATIALLY_DILUTED,True,22,20,20,5
design,design_dirty_070,contaminated,0.02,2-5%,corner_blob,0,multiscale,UNKNOWN,window_4_density,A_OBSERVABLE_SPATIALLY_DILUTED,True,22,20,20,5
design,design_dirty_070,contaminated,0.02,2-5%,corner_blob,0,connected_component,UNKNOWN,component_area,A_OBSERVABLE_SPATIALLY_DILUTED,True,22,20,20,5
design,design_dirty_070,contaminated,0.02,2-5%,corner_blob,0,max_local_density,UNKNOWN,window_4_density,A_OBSERVABLE_SPATIALLY_DILUTED,True,22,20,20,5
design,design_dirty_070,contaminated,0.02,2-5%,corner_blob,0,edge_aware,PASS,spatial_certificate,A_OBSERVABLE_SPATIALLY_DILUTED,True,22,20,20,5
design,design_dirty_070,contaminated,0.02,2-5%,corner_blob,0,aggressive,UNKNOWN,tile_density,A_OBSERVABLE_SPATIALLY_DILUTED,True,22,20,20,5
design,design_dirty_070,contaminated,0.02,2-5%,corner_blob,0,balanced,UNKNOWN,tile_density,A_OBSERVABLE_SPATIALLY_DILUTED,True,22,20,20,5
design,design_dirty_070,contaminated,0.02,2-5%,corner_blob,0,conservative,UNKNOWN,window_4_density,A_OBSERVABLE_SPATIALLY_DILUTED,True,22,20,20,5
design,design_dirty_071,contaminated,0.02,2-5%,corner_blob,1,global_baseline,PASS,spatial_certificate,A_OBSERVABLE_SPATIALLY_DILUTED,True,22,20,20,5
design,design_dirty_071,contaminated,0.02,2-5%,corner_blob,1,tile,UNKNOWN,tile_density,A_OBSERVABLE_SPATIALLY_DILUTED,True,22,20,20,5
design,design_dirty_071,contaminated,0.02,2-5%,corner_blob,1,multiscale,UNKNOWN,window_4_density,A_OBSERVABLE_SPATIALLY_DILUTED,True,22,20,20,5
design,design_dirty_071,contaminated,0.02,2-5%,corner_blob,1,connected_component,UNKNOWN,component_area,A_OBSERVABLE_SPATIALLY_DILUTED,True,22,20,20,5
design,design_dirty_071,contaminated,0.02,2-5%,corner_blob,1,max_local_density,UNKNOWN,window_4_density,A_OBSERVABLE_SPATIALLY_DILUTED,True,22,20,20,5
design,design_dirty_071,contaminated,0.02,2-5%,corner_blob,1,edge_aware,PASS,spatial_certificate,A_OBSERVABLE_SPATIALLY_DILUTED,True,22,20,20,5
design,design_dirty_071,contaminated,0.02,2-5%,corner_blob,1,aggressive,UNKNOWN,tile_density,A_OBSERVABLE_SPATIALLY_DILUTED,True,22,20,20,5
design,design_dirty_071,contaminated,0.02,2-5%,corner_blob,1,balanced,UNKNOWN,tile_density,A_OBSERVABLE_SPATIALLY_DILUTED,True,22,20,20,5
design,design_dirty_071,contaminated,0.02,2-5%,corner_blob,1,conservative,UNKNOWN,window_4_density,A_OBSERVABLE_SPATIALLY_DILUTED,True,22,20,20,5
design,design_dirty_072,contaminated,0.02,2-5%,multiple_droplets,0,global_baseline,FLAG,pixel_flag,NOT_FALSE_CLEAN,True,22,20,-1,-1
design,design_dirty_072,contaminated,0.02,2-5%,multiple_droplets,0,tile,FLAG,pixel_flag,NOT_FALSE_CLEAN,True,22,20,-1,-1
design,design_dirty_072,contaminated,0.02,2-5%,multiple_droplets,0,multiscale,FLAG,pixel_flag,NOT_FALSE_CLEAN,True,22,20,-1,-1
design,design_dirty_072,contaminated,0.02,2-5%,multiple_droplets,0,connected_component,FLAG,pixel_flag,NOT_FALSE_CLEAN,True,22,20,-1,-1
design,design_dirty_072,contaminated,0.02,2-5%,multiple_droplets,0,max_local_density,FLAG,pixel_flag,NOT_FALSE_CLEAN,True,22,20,-1,-1
design,design_dirty_072,contaminated,0.02,2-5%,multiple_droplets,0,edge_aware,FLAG,pixel_flag,NOT_FALSE_CLEAN,True,22,20,-1,-1
design,design_dirty_072,contaminated,0.02,2-5%,multiple_droplets,0,aggressive,FLAG,pixel_flag,NOT_FALSE_CLEAN,True,22,20,-1,-1
design,design_dirty_072,contaminated,0.02,2-5%,multiple_droplets,0,balanced,FLAG,pixel_flag,NOT_FALSE_CLEAN,True,22,20,-1,-1
design,design_dirty_072,contaminated,0.02,2-5%,multiple_droplets,0,conservative,FLAG,pixel_flag,NOT_FALSE_CLEAN,True,22,20,-1,-1
design,design_dirty_073,contaminated,0.02,2-5%,multiple_droplets,1,global_baseline,FLAG,pixel_flag,NOT_FALSE_CLEAN,True,21,20,-1,-1
design,design_dirty_073,contaminated,0.02,2-5%,multiple_droplets,1,tile,FLAG,pixel_flag,NOT_FALSE_CLEAN,True,21,20,-1,-1
design,design_dirty_073,contaminated,0.02,2-5%,multiple_droplets,1,multiscale,FLAG,pixel_flag,NOT_FALSE_CLEAN,True,21,20,-1,-1
design,design_dirty_073,contaminated,0.02,2-5%,multiple_droplets,1,connected_component,FLAG,pixel_flag,NOT_FALSE_CLEAN,True,21,20,-1,-1
design,design_dirty_073,contaminated,0.02,2-5%,multiple_droplets,1,max_local_density,FLAG,pixel_flag,NOT_FALSE_CLEAN,True,21,20,-1,-1
design,design_dirty_073,contaminated,0.02,2-5%,multiple_droplets,1,edge_aware,FLAG,pixel_flag,NOT_FALSE_CLEAN,True,21,20,-1,-1
design,design_dirty_073,contaminated,0.02,2-5%,multiple_droplets,1,aggressive,FLAG,pixel_flag,NOT_FALSE_CLEAN,True,21,20,-1,-1
design,design_dirty_073,contaminated,0.02,2-5%,multiple_droplets,1,balanced,FLAG,pixel_flag,NOT_FALSE_CLEAN,True,21,20,-1,-1
design,design_dirty_073,contaminated,0.02,2-5%,multiple_droplets,1,conservative,FLAG,pixel_flag,NOT_FALSE_CLEAN,True,21,20,-1,-1
design,design_dirty_074,contaminated,0.02,2-5%,dispersed_sparse,0,global_baseline,PASS,spatial_certificate,A_OBSERVABLE_SPATIALLY_DILUTED,True,23,20,2,2
design,design_dirty_074,contaminated,0.02,2-5%,dispersed_sparse,0,tile,PASS,spatial_certificate,A_OBSERVABLE_SPATIALLY_DILUTED,True,23,20,2,2
design,design_dirty_074,contaminated,0.02,2-5%,dispersed_sparse,0,multiscale,PASS,spatial_certificate,A_OBSERVABLE_SPATIALLY_DILUTED,True,23,20,2,2
design,design_dirty_074,contaminated,0.02,2-5%,dispersed_sparse,0,connected_component,PASS,spatial_certificate,A_OBSERVABLE_SPATIALLY_DILUTED,True,23,20,2,2
design,design_dirty_074,contaminated,0.02,2-5%,dispersed_sparse,0,max_local_density,PASS,spatial_certificate,A_OBSERVABLE_SPATIALLY_DILUTED,True,23,20,2,2
design,design_dirty_074,contaminated,0.02,2-5%,dispersed_sparse,0,edge_aware,PASS,spatial_certificate,A_OBSERVABLE_SPATIALLY_DILUTED,True,23,20,2,2
design,design_dirty_074,contaminated,0.02,2-5%,dispersed_sparse,0,aggressive,UNKNOWN,window_4_density,A_OBSERVABLE_SPATIALLY_DILUTED,True,23,20,2,2
design,design_dirty_074,contaminated,0.02,2-5%,dispersed_sparse,0,balanced,PASS,spatial_certificate,A_OBSERVABLE_SPATIALLY_DILUTED,True,23,20,2,2
design,design_dirty_074,contaminated,0.02,2-5%,dispersed_sparse,0,conservative,PASS,spatial_certificate,A_OBSERVABLE_SPATIALLY_DILUTED,True,23,20,2,2
design,design_dirty_075,contaminated,0.02,2-5%,dispersed_sparse,1,global_baseline,PASS,spatial_certificate,A_OBSERVABLE_SPATIALLY_DILUTED,True,21,20,2,2
design,design_dirty_075,contaminated,0.02,2-5%,dispersed_sparse,1,tile,PASS,spatial_certificate,A_OBSERVABLE_SPATIALLY_DILUTED,True,21,20,2,2
design,design_dirty_075,contaminated,0.02,2-5%,dispersed_sparse,1,multiscale,PASS,spatial_certificate,A_OBSERVABLE_SPATIALLY_DILUTED,True,21,20,2,2
design,design_dirty_075,contaminated,0.02,2-5%,dispersed_sparse,1,connected_component,PASS,spatial_certificate,A_OBSERVABLE_SPATIALLY_DILUTED,True,21,20,2,2
design,design_dirty_075,contaminated,0.02,2-5%,dispersed_sparse,1,max_local_density,PASS,spatial_certificate,A_OBSERVABLE_SPATIALLY_DILUTED,True,21,20,2,2
design,design_dirty_075,contaminated,0.02,2-5%,dispersed_sparse,1,edge_aware,PASS,spatial_certificate,A_OBSERVABLE_SPATIALLY_DILUTED,True,21,20,2,2
design,design_dirty_075,contaminated,0.02,2-5%,dispersed_sparse,1,aggressive,UNKNOWN,window_4_density,A_OBSERVABLE_SPATIALLY_DILUTED,True,21,20,2,2
design,design_dirty_075,contaminated,0.02,2-5%,dispersed_sparse,1,balanced,PASS,spatial_certificate,A_OBSERVABLE_SPATIALLY_DILUTED,True,21,20,2,2
design,design_dirty_075,contaminated,0.02,2-5%,dispersed_sparse,1,conservative,PASS,spatial_certificate,A_OBSERVABLE_SPATIALLY_DILUTED,True,21,20,2,2
design,design_dirty_076,contaminated,0.02,2-5%,psf_blurred,0,global_baseline,UNKNOWN,global_pass_fraction,NOT_FALSE_CLEAN,True,64,20,64,9
design,design_dirty_076,contaminated,0.02,2-5%,psf_blurred,0,tile,UNKNOWN,global_pass_fraction,NOT_FALSE_CLEAN,True,64,20,64,9
design,design_dirty_076,contaminated,0.02,2-5%,psf_blurred,0,multiscale,UNKNOWN,global_pass_fraction,NOT_FALSE_CLEAN,True,64,20,64,9
design,design_dirty_076,contaminated,0.02,2-5%,psf_blurred,0,connected_component,UNKNOWN,global_pass_fraction,NOT_FALSE_CLEAN,True,64,20,64,9
design,design_dirty_076,contaminated,0.02,2-5%,psf_blurred,0,max_local_density,UNKNOWN,global_pass_fraction,NOT_FALSE_CLEAN,True,64,20,64,9
design,design_dirty_076,contaminated,0.02,2-5%,psf_blurred,0,edge_aware,UNKNOWN,global_pass_fraction,NOT_FALSE_CLEAN,True,64,20,64,9
design,design_dirty_076,contaminated,0.02,2-5%,psf_blurred,0,aggressive,UNKNOWN,global_pass_fraction,NOT_FALSE_CLEAN,True,64,20,64,9
design,design_dirty_076,contaminated,0.02,2-5%,psf_blurred,0,balanced,UNKNOWN,global_pass_fraction,NOT_FALSE_CLEAN,True,64,20,64,9
design,design_dirty_076,contaminated,0.02,2-5%,psf_blurred,0,conservative,UNKNOWN,global_pass_fraction,NOT_FALSE_CLEAN,True,64,20,64,9
design,design_dirty_077,contaminated,0.02,2-5%,psf_blurred,1,global_baseline,PASS,spatial_certificate,A_OBSERVABLE_SPATIALLY_DILUTED,True,43,22,40,7
design,design_dirty_077,contaminated,0.02,2-5%,psf_blurred,1,tile,UNKNOWN,tile_density,A_OBSERVABLE_SPATIALLY_DILUTED,True,43,22,40,7
design,design_dirty_077,contaminated,0.02,2-5%,psf_blurred,1,multiscale,UNKNOWN,window_4_density,A_OBSERVABLE_SPATIALLY_DILUTED,True,43,22,40,7
design,design_dirty_077,contaminated,0.02,2-5%,psf_blurred,1,connected_component,UNKNOWN,component_area,A_OBSERVABLE_SPATIALLY_DILUTED,True,43,22,40,7
design,design_dirty_077,contaminated,0.02,2-5%,psf_blurred,1,max_local_density,UNKNOWN,window_4_density,A_OBSERVABLE_SPATIALLY_DILUTED,True,43,22,40,7
design,design_dirty_077,contaminated,0.02,2-5%,psf_blurred,1,edge_aware,PASS,spatial_certificate,A_OBSERVABLE_SPATIALLY_DILUTED,True,43,22,40,7
design,design_dirty_077,contaminated,0.02,2-5%,psf_blurred,1,aggressive,UNKNOWN,tile_density,A_OBSERVABLE_SPATIALLY_DILUTED,True,43,22,40,7
design,design_dirty_077,contaminated,0.02,2-5%,psf_blurred,1,balanced,UNKNOWN,tile_density,A_OBSERVABLE_SPATIALLY_DILUTED,True,43,22,40,7
design,design_dirty_077,contaminated,0.02,2-5%,psf_blurred,1,conservative,UNKNOWN,window_4_density,A_OBSERVABLE_SPATIALLY_DILUTED,True,43,22,40,7
design,design_dirty_078,contaminated,0.02,2-5%,registration_shifted,0,global_baseline,FLAG,pixel_flag,NOT_FALSE_CLEAN,True,20,20,-1,-1
design,design_dirty_078,contaminated,0.02,2-5%,registration_shifted,0,tile,FLAG,pixel_flag,NOT_FALSE_CLEAN,True,20,20,-1,-1
design,design_dirty_078,contaminated,0.02,2-5%,registration_shifted,0,multiscale,FLAG,pixel_flag,NOT_FALSE_CLEAN,True,20,20,-1,-1
design,design_dirty_078,contaminated,0.02,2-5%,registration_shifted,0,connected_component,FLAG,pixel_flag,NOT_FALSE_CLEAN,True,20,20,-1,-1
design,design_dirty_078,contaminated,0.02,2-5%,registration_shifted,0,max_local_density,FLAG,pixel_flag,NOT_FALSE_CLEAN,True,20,20,-1,-1
design,design_dirty_078,contaminated,0.02,2-5%,registration_shifted,0,edge_aware,FLAG,pixel_flag,NOT_FALSE_CLEAN,True,20,20,-1,-1
design,design_dirty_078,contaminated,0.02,2-5%,registration_shifted,0,aggressive,FLAG,pixel_flag,NOT_FALSE_CLEAN,True,20,20,-1,-1
design,design_dirty_078,contaminated,0.02,2-5%,registration_shifted,0,balanced,FLAG,pixel_flag,NOT_FALSE_CLEAN,True,20,20,-1,-1
design,design_dirty_078,contaminated,0.02,2-5%,registration_shifted,0,conservative,FLAG,pixel_flag,NOT_FALSE_CLEAN,True,20,20,-1,-1
design,design_dirty_079,contaminated,0.02,2-5%,registration_shifted,1,global_baseline,PASS,spatial_certificate,A_OBSERVABLE_SPATIALLY_DILUTED,True,23,21,21,5
design,design_dirty_079,contaminated,0.02,2-5%,registration_shifted,1,tile,UNKNOWN,tile_density,A_OBSERVABLE_SPATIALLY_DILUTED,True,23,21,21,5
design,design_dirty_079,contaminated,0.02,2-5%,registration_shifted,1,multiscale,UNKNOWN,window_4_density,A_OBSERVABLE_SPATIALLY_DILUTED,True,23,21,21,5
design,design_dirty_079,contaminated,0.02,2-5%,registration_shifted,1,connected_component,UNKNOWN,component_area,A_OBSERVABLE_SPATIALLY_DILUTED,True,23,21,21,5
design,design_dirty_079,contaminated,0.02,2-5%,registration_shifted,1,max_local_density,UNKNOWN,window_4_density,A_OBSERVABLE_SPATIALLY_DILUTED,True,23,21,21,5
design,design_dirty_079,contaminated,0.02,2-5%,registration_shifted,1,edge_aware,PASS,spatial_certificate,A_OBSERVABLE_SPATIALLY_DILUTED,True,23,21,21,5
design,design_dirty_079,contaminated,0.02,2-5%,registration_shifted,1,aggressive,UNKNOWN,tile_density,A_OBSERVABLE_SPATIALLY_DILUTED,True,23,21,21,5
design,design_dirty_079,contaminated,0.02,2-5%,registration_shifted,1,balanced,UNKNOWN,tile_density,A_OBSERVABLE_SPATIALLY_DILUTED,True,23,21,21,5
design,design_dirty_079,contaminated,0.02,2-5%,registration_shifted,1,conservative,UNKNOWN,window_4_density,A_OBSERVABLE_SPATIALLY_DILUTED,True,23,21,21,5
design,design_dirty_080,contaminated,0.03,2-5%,compact_blob,0,global_baseline,PASS,spatial_certificate,A_OBSERVABLE_SPATIALLY_DILUTED,True,32,29,29,6
design,design_dirty_080,contaminated,0.03,2-5%,compact_blob,0,tile,UNKNOWN,tile_density,A_OBSERVABLE_SPATIALLY_DILUTED,True,32,29,29,6
design,design_dirty_080,contaminated,0.03,2-5%,compact_blob,0,multiscale,UNKNOWN,window_4_density,A_OBSERVABLE_SPATIALLY_DILUTED,True,32,29,29,6
design,design_dirty_080,contaminated,0.03,2-5%,compact_blob,0,connected_component,UNKNOWN,component_area,A_OBSERVABLE_SPATIALLY_DILUTED,True,32,29,29,6
design,design_dirty_080,contaminated,0.03,2-5%,compact_blob,0,max_local_density,UNKNOWN,window_4_density,A_OBSERVABLE_SPATIALLY_DILUTED,True,32,29,29,6
design,design_dirty_080,contaminated,0.03,2-5%,compact_blob,0,edge_aware,PASS,spatial_certificate,A_OBSERVABLE_SPATIALLY_DILUTED,True,32,29,29,6
design,design_dirty_080,contaminated,0.03,2-5%,compact_blob,0,aggressive,UNKNOWN,tile_density,A_OBSERVABLE_SPATIALLY_DILUTED,True,32,29,29,6
design,design_dirty_080,contaminated,0.03,2-5%,compact_blob,0,balanced,UNKNOWN,tile_density,A_OBSERVABLE_SPATIALLY_DILUTED,True,32,29,29,6
design,design_dirty_080,contaminated,0.03,2-5%,compact_blob,0,conservative,UNKNOWN,window_4_density,A_OBSERVABLE_SPATIALLY_DILUTED,True,32,29,29,6
design,design_dirty_081,contaminated,0.03,2-5%,compact_blob,1,global_baseline,PASS,spatial_certificate,A_OBSERVABLE_SPATIALLY_DILUTED,True,33,32,32,7
design,design_dirty_081,contaminated,0.03,2-5%,compact_blob,1,tile,UNKNOWN,tile_density,A_OBSERVABLE_SPATIALLY_DILUTED,True,33,32,32,7
design,design_dirty_081,contaminated,0.03,2-5%,compact_blob,1,multiscale,UNKNOWN,window_4_density,A_OBSERVABLE_SPATIALLY_DILUTED,True,33,32,32,7
design,design_dirty_081,contaminated,0.03,2-5%,compact_blob,1,connected_component,UNKNOWN,component_area,A_OBSERVABLE_SPATIALLY_DILUTED,True,33,32,32,7
design,design_dirty_081,contaminated,0.03,2-5%,compact_blob,1,max_local_density,UNKNOWN,window_4_density,A_OBSERVABLE_SPATIALLY_DILUTED,True,33,32,32,7
design,design_dirty_081,contaminated,0.03,2-5%,compact_blob,1,edge_aware,PASS,spatial_certificate,A_OBSERVABLE_SPATIALLY_DILUTED,True,33,32,32,7
design,design_dirty_081,contaminated,0.03,2-5%,compact_blob,1,aggressive,UNKNOWN,tile_density,A_OBSERVABLE_SPATIALLY_DILUTED,True,33,32,32,7
design,design_dirty_081,contaminated,0.03,2-5%,compact_blob,1,balanced,UNKNOWN,tile_density,A_OBSERVABLE_SPATIALLY_DILUTED,True,33,32,32,7
design,design_dirty_081,contaminated,0.03,2-5%,compact_blob,1,conservative,UNKNOWN,window_4_density,A_OBSERVABLE_SPATIALLY_DILUTED,True,33,32,32,7
design,design_dirty_082,contaminated,0.03,2-5%,elongated_streak,0,global_baseline,FLAG,pixel_flag,NOT_FALSE_CLEAN,True,32,31,-1,-1
design,design_dirty_082,contaminated,0.03,2-5%,elongated_streak,0,tile,FLAG,pixel_flag,NOT_FALSE_CLEAN,True,32,31,-1,-1
design,design_dirty_082,contaminated,0.03,2-5%,elongated_streak,0,multiscale,FLAG,pixel_flag,NOT_FALSE_CLEAN,True,32,31,-1,-1
design,design_dirty_082,contaminated,0.03,2-5%,elongated_streak,0,connected_component,FLAG,pixel_flag,NOT_FALSE_CLEAN,True,32,31,-1,-1
design,design_dirty_082,contaminated,0.03,2-5%,elongated_streak,0,max_local_density,FLAG,pixel_flag,NOT_FALSE_CLEAN,True,32,31,-1,-1
design,design_dirty_082,contaminated,0.03,2-5%,elongated_streak,0,edge_aware,FLAG,pixel_flag,NOT_FALSE_CLEAN,True,32,31,-1,-1
design,design_dirty_082,contaminated,0.03,2-5%,elongated_streak,0,aggressive,FLAG,pixel_flag,NOT_FALSE_CLEAN,True,32,31,-1,-1
design,design_dirty_082,contaminated,0.03,2-5%,elongated_streak,0,balanced,FLAG,pixel_flag,NOT_FALSE_CLEAN,True,32,31,-1,-1
design,design_dirty_082,contaminated,0.03,2-5%,elongated_streak,0,conservative,FLAG,pixel_flag,NOT_FALSE_CLEAN,True,32,31,-1,-1
design,design_dirty_083,contaminated,0.03,2-5%,elongated_streak,1,global_baseline,PASS,spatial_certificate,A_OBSERVABLE_SPATIALLY_DILUTED,True,33,31,27,24
design,design_dirty_083,contaminated,0.03,2-5%,elongated_streak,1,tile,UNKNOWN,tile_density,A_OBSERVABLE_SPATIALLY_DILUTED,True,33,31,27,24
design,design_dirty_083,contaminated,0.03,2-5%,elongated_streak,1,multiscale,UNKNOWN,window_4_density,A_OBSERVABLE_SPATIALLY_DILUTED,True,33,31,27,24
design,design_dirty_083,contaminated,0.03,2-5%,elongated_streak,1,connected_component,UNKNOWN,component_area,A_OBSERVABLE_SPATIALLY_DILUTED,True,33,31,27,24
design,design_dirty_083,contaminated,0.03,2-5%,elongated_streak,1,max_local_density,UNKNOWN,window_4_density,A_OBSERVABLE_SPATIALLY_DILUTED,True,33,31,27,24
design,design_dirty_083,contaminated,0.03,2-5%,elongated_streak,1,edge_aware,PASS,spatial_certificate,A_OBSERVABLE_SPATIALLY_DILUTED,True,33,31,27,24
design,design_dirty_083,contaminated,0.03,2-5%,elongated_streak,1,aggressive,UNKNOWN,tile_density,A_OBSERVABLE_SPATIALLY_DILUTED,True,33,31,27,24
design,design_dirty_083,contaminated,0.03,2-5%,elongated_streak,1,balanced,UNKNOWN,component_area,A_OBSERVABLE_SPATIALLY_DILUTED,True,33,31,27,24
design,design_dirty_083,contaminated,0.03,2-5%,elongated_streak,1,conservative,UNKNOWN,component_area,A_OBSERVABLE_SPATIALLY_DILUTED,True,33,31,27,24
design,design_dirty_084,contaminated,0.03,2-5%,edge_blob,0,global_baseline,PASS,spatial_certificate,A_OBSERVABLE_SPATIALLY_DILUTED,True,33,31,31,8
design,design_dirty_084,contaminated,0.03,2-5%,edge_blob,0,tile,UNKNOWN,tile_density,A_OBSERVABLE_SPATIALLY_DILUTED,True,33,31,31,8
design,design_dirty_084,contaminated,0.03,2-5%,edge_blob,0,multiscale,UNKNOWN,window_4_density,A_OBSERVABLE_SPATIALLY_DILUTED,True,33,31,31,8
design,design_dirty_084,contaminated,0.03,2-5%,edge_blob,0,connected_component,UNKNOWN,component_area,A_OBSERVABLE_SPATIALLY_DILUTED,True,33,31,31,8
design,design_dirty_084,contaminated,0.03,2-5%,edge_blob,0,max_local_density,UNKNOWN,window_4_density,A_OBSERVABLE_SPATIALLY_DILUTED,True,33,31,31,8
design,design_dirty_084,contaminated,0.03,2-5%,edge_blob,0,edge_aware,PASS,spatial_certificate,A_OBSERVABLE_SPATIALLY_DILUTED,True,33,31,31,8
design,design_dirty_084,contaminated,0.03,2-5%,edge_blob,0,aggressive,UNKNOWN,tile_density,A_OBSERVABLE_SPATIALLY_DILUTED,True,33,31,31,8
design,design_dirty_084,contaminated,0.03,2-5%,edge_blob,0,balanced,UNKNOWN,tile_density,A_OBSERVABLE_SPATIALLY_DILUTED,True,33,31,31,8
design,design_dirty_084,contaminated,0.03,2-5%,edge_blob,0,conservative,UNKNOWN,tile_density,A_OBSERVABLE_SPATIALLY_DILUTED,True,33,31,31,8
design,design_dirty_085,contaminated,0.03,2-5%,edge_blob,1,global_baseline,PASS,spatial_certificate,A_OBSERVABLE_SPATIALLY_DILUTED,True,31,31,31,8
design,design_dirty_085,contaminated,0.03,2-5%,edge_blob,1,tile,UNKNOWN,tile_density,A_OBSERVABLE_SPATIALLY_DILUTED,True,31,31,31,8
design,design_dirty_085,contaminated,0.03,2-5%,edge_blob,1,multiscale,UNKNOWN,window_4_density,A_OBSERVABLE_SPATIALLY_DILUTED,True,31,31,31,8
design,design_dirty_085,contaminated,0.03,2-5%,edge_blob,1,connected_component,UNKNOWN,component_area,A_OBSERVABLE_SPATIALLY_DILUTED,True,31,31,31,8
design,design_dirty_085,contaminated,0.03,2-5%,edge_blob,1,max_local_density,UNKNOWN,window_4_density,A_OBSERVABLE_SPATIALLY_DILUTED,True,31,31,31,8
design,design_dirty_085,contaminated,0.03,2-5%,edge_blob,1,edge_aware,PASS,spatial_certificate,A_OBSERVABLE_SPATIALLY_DILUTED,True,31,31,31,8
design,design_dirty_085,contaminated,0.03,2-5%,edge_blob,1,aggressive,UNKNOWN,tile_density,A_OBSERVABLE_SPATIALLY_DILUTED,True,31,31,31,8
design,design_dirty_085,contaminated,0.03,2-5%,edge_blob,1,balanced,UNKNOWN,tile_density,A_OBSERVABLE_SPATIALLY_DILUTED,True,31,31,31,8
design,design_dirty_085,contaminated,0.03,2-5%,edge_blob,1,conservative,UNKNOWN,window_4_density,A_OBSERVABLE_SPATIALLY_DILUTED,True,31,31,31,8
design,design_dirty_086,contaminated,0.03,2-5%,corner_blob,0,global_baseline,PASS,spatial_certificate,A_OBSERVABLE_SPATIALLY_DILUTED,True,31,31,31,6
design,design_dirty_086,contaminated,0.03,2-5%,corner_blob,0,tile,UNKNOWN,tile_density,A_OBSERVABLE_SPATIALLY_DILUTED,True,31,31,31,6
design,design_dirty_086,contaminated,0.03,2-5%,corner_blob,0,multiscale,UNKNOWN,window_4_density,A_OBSERVABLE_SPATIALLY_DILUTED,True,31,31,31,6
design,design_dirty_086,contaminated,0.03,2-5%,corner_blob,0,connected_component,UNKNOWN,component_area,A_OBSERVABLE_SPATIALLY_DILUTED,True,31,31,31,6
design,design_dirty_086,contaminated,0.03,2-5%,corner_blob,0,max_local_density,UNKNOWN,window_4_density,A_OBSERVABLE_SPATIALLY_DILUTED,True,31,31,31,6
design,design_dirty_086,contaminated,0.03,2-5%,corner_blob,0,edge_aware,PASS,spatial_certificate,A_OBSERVABLE_SPATIALLY_DILUTED,True,31,31,31,6
design,design_dirty_086,contaminated,0.03,2-5%,corner_blob,0,aggressive,UNKNOWN,tile_density,A_OBSERVABLE_SPATIALLY_DILUTED,True,31,31,31,6
design,design_dirty_086,contaminated,0.03,2-5%,corner_blob,0,balanced,UNKNOWN,tile_density,A_OBSERVABLE_SPATIALLY_DILUTED,True,31,31,31,6
design,design_dirty_086,contaminated,0.03,2-5%,corner_blob,0,conservative,UNKNOWN,tile_density,A_OBSERVABLE_SPATIALLY_DILUTED,True,31,31,31,6
design,design_dirty_087,contaminated,0.03,2-5%,corner_blob,1,global_baseline,PASS,spatial_certificate,A_OBSERVABLE_SPATIALLY_DILUTED,True,33,31,31,6
design,design_dirty_087,contaminated,0.03,2-5%,corner_blob,1,tile,UNKNOWN,tile_density,A_OBSERVABLE_SPATIALLY_DILUTED,True,33,31,31,6
design,design_dirty_087,contaminated,0.03,2-5%,corner_blob,1,multiscale,UNKNOWN,window_4_density,A_OBSERVABLE_SPATIALLY_DILUTED,True,33,31,31,6
design,design_dirty_087,contaminated,0.03,2-5%,corner_blob,1,connected_component,UNKNOWN,component_area,A_OBSERVABLE_SPATIALLY_DILUTED,True,33,31,31,6
design,design_dirty_087,contaminated,0.03,2-5%,corner_blob,1,max_local_density,UNKNOWN,window_4_density,A_OBSERVABLE_SPATIALLY_DILUTED,True,33,31,31,6
design,design_dirty_087,contaminated,0.03,2-5%,corner_blob,1,edge_aware,PASS,spatial_certificate,A_OBSERVABLE_SPATIALLY_DILUTED,True,33,31,31,6
design,design_dirty_087,contaminated,0.03,2-5%,corner_blob,1,aggressive,UNKNOWN,tile_density,A_OBSERVABLE_SPATIALLY_DILUTED,True,33,31,31,6
design,design_dirty_087,contaminated,0.03,2-5%,corner_blob,1,balanced,UNKNOWN,tile_density,A_OBSERVABLE_SPATIALLY_DILUTED,True,33,31,31,6
design,design_dirty_087,contaminated,0.03,2-5%,corner_blob,1,conservative,UNKNOWN,tile_density,A_OBSERVABLE_SPATIALLY_DILUTED,True,33,31,31,6
design,design_dirty_088,contaminated,0.03,2-5%,multiple_droplets,0,global_baseline,FLAG,pixel_flag,NOT_FALSE_CLEAN,True,34,31,-1,-1
design,design_dirty_088,contaminated,0.03,2-5%,multiple_droplets,0,tile,FLAG,pixel_flag,NOT_FALSE_CLEAN,True,34,31,-1,-1
design,design_dirty_088,contaminated,0.03,2-5%,multiple_droplets,0,multiscale,FLAG,pixel_flag,NOT_FALSE_CLEAN,True,34,31,-1,-1
design,design_dirty_088,contaminated,0.03,2-5%,multiple_droplets,0,connected_component,FLAG,pixel_flag,NOT_FALSE_CLEAN,True,34,31,-1,-1
design,design_dirty_088,contaminated,0.03,2-5%,multiple_droplets,0,max_local_density,FLAG,pixel_flag,NOT_FALSE_CLEAN,True,34,31,-1,-1
design,design_dirty_088,contaminated,0.03,2-5%,multiple_droplets,0,edge_aware,FLAG,pixel_flag,NOT_FALSE_CLEAN,True,34,31,-1,-1
design,design_dirty_088,contaminated,0.03,2-5%,multiple_droplets,0,aggressive,FLAG,pixel_flag,NOT_FALSE_CLEAN,True,34,31,-1,-1
design,design_dirty_088,contaminated,0.03,2-5%,multiple_droplets,0,balanced,FLAG,pixel_flag,NOT_FALSE_CLEAN,True,34,31,-1,-1
design,design_dirty_088,contaminated,0.03,2-5%,multiple_droplets,0,conservative,FLAG,pixel_flag,NOT_FALSE_CLEAN,True,34,31,-1,-1
design,design_dirty_089,contaminated,0.03,2-5%,multiple_droplets,1,global_baseline,PASS,spatial_certificate,A_OBSERVABLE_SPATIALLY_DILUTED,True,33,31,15,6
design,design_dirty_089,contaminated,0.03,2-5%,multiple_droplets,1,tile,UNKNOWN,tile_density,A_OBSERVABLE_SPATIALLY_DILUTED,True,33,31,15,6
design,design_dirty_089,contaminated,0.03,2-5%,multiple_droplets,1,multiscale,UNKNOWN,window_4_density,A_OBSERVABLE_SPATIALLY_DILUTED,True,33,31,15,6
design,design_dirty_089,contaminated,0.03,2-5%,multiple_droplets,1,connected_component,UNKNOWN,component_area,A_OBSERVABLE_SPATIALLY_DILUTED,True,33,31,15,6
design,design_dirty_089,contaminated,0.03,2-5%,multiple_droplets,1,max_local_density,UNKNOWN,window_4_density,A_OBSERVABLE_SPATIALLY_DILUTED,True,33,31,15,6
design,design_dirty_089,contaminated,0.03,2-5%,multiple_droplets,1,edge_aware,PASS,spatial_certificate,A_OBSERVABLE_SPATIALLY_DILUTED,True,33,31,15,6
design,design_dirty_089,contaminated,0.03,2-5%,multiple_droplets,1,aggressive,UNKNOWN,tile_density,A_OBSERVABLE_SPATIALLY_DILUTED,True,33,31,15,6
design,design_dirty_089,contaminated,0.03,2-5%,multiple_droplets,1,balanced,UNKNOWN,window_16_density,A_OBSERVABLE_SPATIALLY_DILUTED,True,33,31,15,6
design,design_dirty_089,contaminated,0.03,2-5%,multiple_droplets,1,conservative,PASS,spatial_certificate,A_OBSERVABLE_SPATIALLY_DILUTED,True,33,31,15,6
design,design_dirty_090,contaminated,0.03,2-5%,dispersed_sparse,0,global_baseline,PASS,spatial_certificate,A_OBSERVABLE_SPATIALLY_DILUTED,True,32,31,3,3
design,design_dirty_090,contaminated,0.03,2-5%,dispersed_sparse,0,tile,PASS,spatial_certificate,A_OBSERVABLE_SPATIALLY_DILUTED,True,32,31,3,3
design,design_dirty_090,contaminated,0.03,2-5%,dispersed_sparse,0,multiscale,PASS,spatial_certificate,A_OBSERVABLE_SPATIALLY_DILUTED,True,32,31,3,3
design,design_dirty_090,contaminated,0.03,2-5%,dispersed_sparse,0,connected_component,PASS,spatial_certificate,A_OBSERVABLE_SPATIALLY_DILUTED,True,32,31,3,3
design,design_dirty_090,contaminated,0.03,2-5%,dispersed_sparse,0,max_local_density,UNKNOWN,window_8_density,A_OBSERVABLE_SPATIALLY_DILUTED,True,32,31,3,3
design,design_dirty_090,contaminated,0.03,2-5%,dispersed_sparse,0,edge_aware,PASS,spatial_certificate,A_OBSERVABLE_SPATIALLY_DILUTED,True,32,31,3,3
design,design_dirty_090,contaminated,0.03,2-5%,dispersed_sparse,0,aggressive,UNKNOWN,window_4_density,A_OBSERVABLE_SPATIALLY_DILUTED,True,32,31,3,3
design,design_dirty_090,contaminated,0.03,2-5%,dispersed_sparse,0,balanced,PASS,spatial_certificate,A_OBSERVABLE_SPATIALLY_DILUTED,True,32,31,3,3
design,design_dirty_090,contaminated,0.03,2-5%,dispersed_sparse,0,conservative,PASS,spatial_certificate,A_OBSERVABLE_SPATIALLY_DILUTED,True,32,31,3,3
design,design_dirty_091,contaminated,0.03,2-5%,dispersed_sparse,1,global_baseline,FLAG,pixel_flag,NOT_FALSE_CLEAN,True,31,31,-1,-1
design,design_dirty_091,contaminated,0.03,2-5%,dispersed_sparse,1,tile,FLAG,pixel_flag,NOT_FALSE_CLEAN,True,31,31,-1,-1
design,design_dirty_091,contaminated,0.03,2-5%,dispersed_sparse,1,multiscale,FLAG,pixel_flag,NOT_FALSE_CLEAN,True,31,31,-1,-1
design,design_dirty_091,contaminated,0.03,2-5%,dispersed_sparse,1,connected_component,FLAG,pixel_flag,NOT_FALSE_CLEAN,True,31,31,-1,-1
design,design_dirty_091,contaminated,0.03,2-5%,dispersed_sparse,1,max_local_density,FLAG,pixel_flag,NOT_FALSE_CLEAN,True,31,31,-1,-1
design,design_dirty_091,contaminated,0.03,2-5%,dispersed_sparse,1,edge_aware,FLAG,pixel_flag,NOT_FALSE_CLEAN,True,31,31,-1,-1
design,design_dirty_091,contaminated,0.03,2-5%,dispersed_sparse,1,aggressive,FLAG,pixel_flag,NOT_FALSE_CLEAN,True,31,31,-1,-1
design,design_dirty_091,contaminated,0.03,2-5%,dispersed_sparse,1,balanced,FLAG,pixel_flag,NOT_FALSE_CLEAN,True,31,31,-1,-1
design,design_dirty_091,contaminated,0.03,2-5%,dispersed_sparse,1,conservative,FLAG,pixel_flag,NOT_FALSE_CLEAN,True,31,31,-1,-1
design,design_dirty_092,contaminated,0.03,2-5%,psf_blurred,0,global_baseline,FLAG,pixel_flag,NOT_FALSE_CLEAN,True,88,28,-1,-1
design,design_dirty_092,contaminated,0.03,2-5%,psf_blurred,0,tile,FLAG,pixel_flag,NOT_FALSE_CLEAN,True,88,28,-1,-1
design,design_dirty_092,contaminated,0.03,2-5%,psf_blurred,0,multiscale,FLAG,pixel_flag,NOT_FALSE_CLEAN,True,88,28,-1,-1
design,design_dirty_092,contaminated,0.03,2-5%,psf_blurred,0,connected_component,FLAG,pixel_flag,NOT_FALSE_CLEAN,True,88,28,-1,-1
design,design_dirty_092,contaminated,0.03,2-5%,psf_blurred,0,max_local_density,FLAG,pixel_flag,NOT_FALSE_CLEAN,True,88,28,-1,-1
design,design_dirty_092,contaminated,0.03,2-5%,psf_blurred,0,edge_aware,FLAG,pixel_flag,NOT_FALSE_CLEAN,True,88,28,-1,-1
design,design_dirty_092,contaminated,0.03,2-5%,psf_blurred,0,aggressive,FLAG,pixel_flag,NOT_FALSE_CLEAN,True,88,28,-1,-1
design,design_dirty_092,contaminated,0.03,2-5%,psf_blurred,0,balanced,FLAG,pixel_flag,NOT_FALSE_CLEAN,True,88,28,-1,-1
design,design_dirty_092,contaminated,0.03,2-5%,psf_blurred,0,conservative,FLAG,pixel_flag,NOT_FALSE_CLEAN,True,88,28,-1,-1
design,design_dirty_093,contaminated,0.03,2-5%,psf_blurred,1,global_baseline,UNKNOWN,global_pass_fraction,NOT_FALSE_CLEAN,True,52,30,51,8
design,design_dirty_093,contaminated,0.03,2-5%,psf_blurred,1,tile,UNKNOWN,global_pass_fraction,NOT_FALSE_CLEAN,True,52,30,51,8
design,design_dirty_093,contaminated,0.03,2-5%,psf_blurred,1,multiscale,UNKNOWN,global_pass_fraction,NOT_FALSE_CLEAN,True,52,30,51,8
design,design_dirty_093,contaminated,0.03,2-5%,psf_blurred,1,connected_component,UNKNOWN,global_pass_fraction,NOT_FALSE_CLEAN,True,52,30,51,8
design,design_dirty_093,contaminated,0.03,2-5%,psf_blurred,1,max_local_density,UNKNOWN,global_pass_fraction,NOT_FALSE_CLEAN,True,52,30,51,8
design,design_dirty_093,contaminated,0.03,2-5%,psf_blurred,1,edge_aware,UNKNOWN,global_pass_fraction,NOT_FALSE_CLEAN,True,52,30,51,8
design,design_dirty_093,contaminated,0.03,2-5%,psf_blurred,1,aggressive,UNKNOWN,global_pass_fraction,NOT_FALSE_CLEAN,True,52,30,51,8
design,design_dirty_093,contaminated,0.03,2-5%,psf_blurred,1,balanced,UNKNOWN,global_pass_fraction,NOT_FALSE_CLEAN,True,52,30,51,8
design,design_dirty_093,contaminated,0.03,2-5%,psf_blurred,1,conservative,UNKNOWN,global_pass_fraction,NOT_FALSE_CLEAN,True,52,30,51,8
design,design_dirty_094,contaminated,0.03,2-5%,registration_shifted,0,global_baseline,FLAG,pixel_flag,NOT_FALSE_CLEAN,True,32,30,-1,-1
design,design_dirty_094,contaminated,0.03,2-5%,registration_shifted,0,tile,FLAG,pixel_flag,NOT_FALSE_CLEAN,True,32,30,-1,-1
design,design_dirty_094,contaminated,0.03,2-5%,registration_shifted,0,multiscale,FLAG,pixel_flag,NOT_FALSE_CLEAN,True,32,30,-1,-1
design,design_dirty_094,contaminated,0.03,2-5%,registration_shifted,0,connected_component,FLAG,pixel_flag,NOT_FALSE_CLEAN,True,32,30,-1,-1
design,design_dirty_094,contaminated,0.03,2-5%,registration_shifted,0,max_local_density,FLAG,pixel_flag,NOT_FALSE_CLEAN,True,32,30,-1,-1
design,design_dirty_094,contaminated,0.03,2-5%,registration_shifted,0,edge_aware,FLAG,pixel_flag,NOT_FALSE_CLEAN,True,32,30,-1,-1
design,design_dirty_094,contaminated,0.03,2-5%,registration_shifted,0,aggressive,FLAG,pixel_flag,NOT_FALSE_CLEAN,True,32,30,-1,-1
design,design_dirty_094,contaminated,0.03,2-5%,registration_shifted,0,balanced,FLAG,pixel_flag,NOT_FALSE_CLEAN,True,32,30,-1,-1
design,design_dirty_094,contaminated,0.03,2-5%,registration_shifted,0,conservative,FLAG,pixel_flag,NOT_FALSE_CLEAN,True,32,30,-1,-1
design,design_dirty_095,contaminated,0.03,2-5%,registration_shifted,1,global_baseline,FLAG,pixel_flag,NOT_FALSE_CLEAN,True,32,30,-1,-1
design,design_dirty_095,contaminated,0.03,2-5%,registration_shifted,1,tile,FLAG,pixel_flag,NOT_FALSE_CLEAN,True,32,30,-1,-1
design,design_dirty_095,contaminated,0.03,2-5%,registration_shifted,1,multiscale,FLAG,pixel_flag,NOT_FALSE_CLEAN,True,32,30,-1,-1
design,design_dirty_095,contaminated,0.03,2-5%,registration_shifted,1,connected_component,FLAG,pixel_flag,NOT_FALSE_CLEAN,True,32,30,-1,-1
design,design_dirty_095,contaminated,0.03,2-5%,registration_shifted,1,max_local_density,FLAG,pixel_flag,NOT_FALSE_CLEAN,True,32,30,-1,-1
design,design_dirty_095,contaminated,0.03,2-5%,registration_shifted,1,edge_aware,FLAG,pixel_flag,NOT_FALSE_CLEAN,True,32,30,-1,-1
design,design_dirty_095,contaminated,0.03,2-5%,registration_shifted,1,aggressive,FLAG,pixel_flag,NOT_FALSE_CLEAN,True,32,30,-1,-1
design,design_dirty_095,contaminated,0.03,2-5%,registration_shifted,1,balanced,FLAG,pixel_flag,NOT_FALSE_CLEAN,True,32,30,-1,-1
design,design_dirty_095,contaminated,0.03,2-5%,registration_shifted,1,conservative,FLAG,pixel_flag,NOT_FALSE_CLEAN,True,32,30,-1,-1
design,design_dirty_096,contaminated,0.04,2-5%,compact_blob,0,global_baseline,PASS,spatial_certificate,A_OBSERVABLE_SPATIALLY_DILUTED,True,40,40,40,8
design,design_dirty_096,contaminated,0.04,2-5%,compact_blob,0,tile,UNKNOWN,tile_density,A_OBSERVABLE_SPATIALLY_DILUTED,True,40,40,40,8
design,design_dirty_096,contaminated,0.04,2-5%,compact_blob,0,multiscale,UNKNOWN,window_4_density,A_OBSERVABLE_SPATIALLY_DILUTED,True,40,40,40,8
design,design_dirty_096,contaminated,0.04,2-5%,compact_blob,0,connected_component,UNKNOWN,component_area,A_OBSERVABLE_SPATIALLY_DILUTED,True,40,40,40,8
design,design_dirty_096,contaminated,0.04,2-5%,compact_blob,0,max_local_density,UNKNOWN,window_4_density,A_OBSERVABLE_SPATIALLY_DILUTED,True,40,40,40,8
design,design_dirty_096,contaminated,0.04,2-5%,compact_blob,0,edge_aware,PASS,spatial_certificate,A_OBSERVABLE_SPATIALLY_DILUTED,True,40,40,40,8
design,design_dirty_096,contaminated,0.04,2-5%,compact_blob,0,aggressive,UNKNOWN,tile_density,A_OBSERVABLE_SPATIALLY_DILUTED,True,40,40,40,8
design,design_dirty_096,contaminated,0.04,2-5%,compact_blob,0,balanced,UNKNOWN,tile_density,A_OBSERVABLE_SPATIALLY_DILUTED,True,40,40,40,8
design,design_dirty_096,contaminated,0.04,2-5%,compact_blob,0,conservative,UNKNOWN,window_4_density,A_OBSERVABLE_SPATIALLY_DILUTED,True,40,40,40,8
design,design_dirty_097,contaminated,0.04,2-5%,compact_blob,1,global_baseline,PASS,spatial_certificate,A_OBSERVABLE_SPATIALLY_DILUTED,True,43,41,41,7
design,design_dirty_097,contaminated,0.04,2-5%,compact_blob,1,tile,UNKNOWN,tile_density,A_OBSERVABLE_SPATIALLY_DILUTED,True,43,41,41,7
design,design_dirty_097,contaminated,0.04,2-5%,compact_blob,1,multiscale,UNKNOWN,window_4_density,A_OBSERVABLE_SPATIALLY_DILUTED,True,43,41,41,7
design,design_dirty_097,contaminated,0.04,2-5%,compact_blob,1,connected_component,UNKNOWN,component_area,A_OBSERVABLE_SPATIALLY_DILUTED,True,43,41,41,7
design,design_dirty_097,contaminated,0.04,2-5%,compact_blob,1,max_local_density,UNKNOWN,window_4_density,A_OBSERVABLE_SPATIALLY_DILUTED,True,43,41,41,7
design,design_dirty_097,contaminated,0.04,2-5%,compact_blob,1,edge_aware,PASS,spatial_certificate,A_OBSERVABLE_SPATIALLY_DILUTED,True,43,41,41,7
design,design_dirty_097,contaminated,0.04,2-5%,compact_blob,1,aggressive,UNKNOWN,tile_density,A_OBSERVABLE_SPATIALLY_DILUTED,True,43,41,41,7
design,design_dirty_097,contaminated,0.04,2-5%,compact_blob,1,balanced,UNKNOWN,tile_density,A_OBSERVABLE_SPATIALLY_DILUTED,True,43,41,41,7
design,design_dirty_097,contaminated,0.04,2-5%,compact_blob,1,conservative,UNKNOWN,tile_density,A_OBSERVABLE_SPATIALLY_DILUTED,True,43,41,41,7
design,design_dirty_098,contaminated,0.04,2-5%,elongated_streak,0,global_baseline,PASS,spatial_certificate,A_OBSERVABLE_SPATIALLY_DILUTED,True,41,41,41,32
design,design_dirty_098,contaminated,0.04,2-5%,elongated_streak,0,tile,UNKNOWN,tile_density,A_OBSERVABLE_SPATIALLY_DILUTED,True,41,41,41,32
design,design_dirty_098,contaminated,0.04,2-5%,elongated_streak,0,multiscale,UNKNOWN,window_4_density,A_OBSERVABLE_SPATIALLY_DILUTED,True,41,41,41,32
design,design_dirty_098,contaminated,0.04,2-5%,elongated_streak,0,connected_component,UNKNOWN,component_area,A_OBSERVABLE_SPATIALLY_DILUTED,True,41,41,41,32
design,design_dirty_098,contaminated,0.04,2-5%,elongated_streak,0,max_local_density,UNKNOWN,window_4_density,A_OBSERVABLE_SPATIALLY_DILUTED,True,41,41,41,32
design,design_dirty_098,contaminated,0.04,2-5%,elongated_streak,0,edge_aware,PASS,spatial_certificate,A_OBSERVABLE_SPATIALLY_DILUTED,True,41,41,41,32
design,design_dirty_098,contaminated,0.04,2-5%,elongated_streak,0,aggressive,UNKNOWN,tile_density,A_OBSERVABLE_SPATIALLY_DILUTED,True,41,41,41,32
design,design_dirty_098,contaminated,0.04,2-5%,elongated_streak,0,balanced,UNKNOWN,window_16_density,A_OBSERVABLE_SPATIALLY_DILUTED,True,41,41,41,32
design,design_dirty_098,contaminated,0.04,2-5%,elongated_streak,0,conservative,UNKNOWN,component_area,A_OBSERVABLE_SPATIALLY_DILUTED,True,41,41,41,32
design,design_dirty_099,contaminated,0.04,2-5%,elongated_streak,1,global_baseline,PASS,spatial_certificate,A_OBSERVABLE_SPATIALLY_DILUTED,True,42,41,41,32
design,design_dirty_099,contaminated,0.04,2-5%,elongated_streak,1,tile,UNKNOWN,tile_density,A_OBSERVABLE_SPATIALLY_DILUTED,True,42,41,41,32
design,design_dirty_099,contaminated,0.04,2-5%,elongated_streak,1,multiscale,UNKNOWN,window_4_density,A_OBSERVABLE_SPATIALLY_DILUTED,True,42,41,41,32
design,design_dirty_099,contaminated,0.04,2-5%,elongated_streak,1,connected_component,UNKNOWN,component_area,A_OBSERVABLE_SPATIALLY_DILUTED,True,42,41,41,32
design,design_dirty_099,contaminated,0.04,2-5%,elongated_streak,1,max_local_density,UNKNOWN,window_4_density,A_OBSERVABLE_SPATIALLY_DILUTED,True,42,41,41,32
design,design_dirty_099,contaminated,0.04,2-5%,elongated_streak,1,edge_aware,PASS,spatial_certificate,A_OBSERVABLE_SPATIALLY_DILUTED,True,42,41,41,32
design,design_dirty_099,contaminated,0.04,2-5%,elongated_streak,1,aggressive,UNKNOWN,tile_density,A_OBSERVABLE_SPATIALLY_DILUTED,True,42,41,41,32
design,design_dirty_099,contaminated,0.04,2-5%,elongated_streak,1,balanced,UNKNOWN,window_16_density,A_OBSERVABLE_SPATIALLY_DILUTED,True,42,41,41,32
design,design_dirty_099,contaminated,0.04,2-5%,elongated_streak,1,conservative,UNKNOWN,component_area,A_OBSERVABLE_SPATIALLY_DILUTED,True,42,41,41,32
design,design_dirty_100,contaminated,0.04,2-5%,edge_blob,0,global_baseline,FLAG,pixel_flag,NOT_FALSE_CLEAN,True,43,41,-1,-1
design,design_dirty_100,contaminated,0.04,2-5%,edge_blob,0,tile,FLAG,pixel_flag,NOT_FALSE_CLEAN,True,43,41,-1,-1
design,design_dirty_100,contaminated,0.04,2-5%,edge_blob,0,multiscale,FLAG,pixel_flag,NOT_FALSE_CLEAN,True,43,41,-1,-1
design,design_dirty_100,contaminated,0.04,2-5%,edge_blob,0,connected_component,FLAG,pixel_flag,NOT_FALSE_CLEAN,True,43,41,-1,-1
design,design_dirty_100,contaminated,0.04,2-5%,edge_blob,0,max_local_density,FLAG,pixel_flag,NOT_FALSE_CLEAN,True,43,41,-1,-1
design,design_dirty_100,contaminated,0.04,2-5%,edge_blob,0,edge_aware,FLAG,pixel_flag,NOT_FALSE_CLEAN,True,43,41,-1,-1
design,design_dirty_100,contaminated,0.04,2-5%,edge_blob,0,aggressive,FLAG,pixel_flag,NOT_FALSE_CLEAN,True,43,41,-1,-1
design,design_dirty_100,contaminated,0.04,2-5%,edge_blob,0,balanced,FLAG,pixel_flag,NOT_FALSE_CLEAN,True,43,41,-1,-1
design,design_dirty_100,contaminated,0.04,2-5%,edge_blob,0,conservative,FLAG,pixel_flag,NOT_FALSE_CLEAN,True,43,41,-1,-1
design,design_dirty_101,contaminated,0.04,2-5%,edge_blob,1,global_baseline,FLAG,pixel_flag,NOT_FALSE_CLEAN,True,41,41,-1,-1
design,design_dirty_101,contaminated,0.04,2-5%,edge_blob,1,tile,FLAG,pixel_flag,NOT_FALSE_CLEAN,True,41,41,-1,-1
design,design_dirty_101,contaminated,0.04,2-5%,edge_blob,1,multiscale,FLAG,pixel_flag,NOT_FALSE_CLEAN,True,41,41,-1,-1
design,design_dirty_101,contaminated,0.04,2-5%,edge_blob,1,connected_component,FLAG,pixel_flag,NOT_FALSE_CLEAN,True,41,41,-1,-1
design,design_dirty_101,contaminated,0.04,2-5%,edge_blob,1,max_local_density,FLAG,pixel_flag,NOT_FALSE_CLEAN,True,41,41,-1,-1
design,design_dirty_101,contaminated,0.04,2-5%,edge_blob,1,edge_aware,FLAG,pixel_flag,NOT_FALSE_CLEAN,True,41,41,-1,-1
design,design_dirty_101,contaminated,0.04,2-5%,edge_blob,1,aggressive,FLAG,pixel_flag,NOT_FALSE_CLEAN,True,41,41,-1,-1
design,design_dirty_101,contaminated,0.04,2-5%,edge_blob,1,balanced,FLAG,pixel_flag,NOT_FALSE_CLEAN,True,41,41,-1,-1
design,design_dirty_101,contaminated,0.04,2-5%,edge_blob,1,conservative,FLAG,pixel_flag,NOT_FALSE_CLEAN,True,41,41,-1,-1
design,design_dirty_102,contaminated,0.04,2-5%,corner_blob,0,global_baseline,PASS,spatial_certificate,A_OBSERVABLE_SPATIALLY_DILUTED,True,41,41,41,7
design,design_dirty_102,contaminated,0.04,2-5%,corner_blob,0,tile,UNKNOWN,tile_density,A_OBSERVABLE_SPATIALLY_DILUTED,True,41,41,41,7
design,design_dirty_102,contaminated,0.04,2-5%,corner_blob,0,multiscale,UNKNOWN,window_4_density,A_OBSERVABLE_SPATIALLY_DILUTED,True,41,41,41,7
design,design_dirty_102,contaminated,0.04,2-5%,corner_blob,0,connected_component,UNKNOWN,component_area,A_OBSERVABLE_SPATIALLY_DILUTED,True,41,41,41,7
design,design_dirty_102,contaminated,0.04,2-5%,corner_blob,0,max_local_density,UNKNOWN,window_4_density,A_OBSERVABLE_SPATIALLY_DILUTED,True,41,41,41,7
design,design_dirty_102,contaminated,0.04,2-5%,corner_blob,0,edge_aware,UNKNOWN,edge_density,A_OBSERVABLE_SPATIALLY_DILUTED,True,41,41,41,7
design,design_dirty_102,contaminated,0.04,2-5%,corner_blob,0,aggressive,UNKNOWN,tile_density,A_OBSERVABLE_SPATIALLY_DILUTED,True,41,41,41,7
design,design_dirty_102,contaminated,0.04,2-5%,corner_blob,0,balanced,UNKNOWN,tile_density,A_OBSERVABLE_SPATIALLY_DILUTED,True,41,41,41,7
design,design_dirty_102,contaminated,0.04,2-5%,corner_blob,0,conservative,UNKNOWN,tile_density,A_OBSERVABLE_SPATIALLY_DILUTED,True,41,41,41,7
design,design_dirty_103,contaminated,0.04,2-5%,corner_blob,1,global_baseline,PASS,spatial_certificate,A_OBSERVABLE_SPATIALLY_DILUTED,True,41,41,41,7
design,design_dirty_103,contaminated,0.04,2-5%,corner_blob,1,tile,UNKNOWN,tile_density,A_OBSERVABLE_SPATIALLY_DILUTED,True,41,41,41,7
design,design_dirty_103,contaminated,0.04,2-5%,corner_blob,1,multiscale,UNKNOWN,window_4_density,A_OBSERVABLE_SPATIALLY_DILUTED,True,41,41,41,7
design,design_dirty_103,contaminated,0.04,2-5%,corner_blob,1,connected_component,UNKNOWN,component_area,A_OBSERVABLE_SPATIALLY_DILUTED,True,41,41,41,7
design,design_dirty_103,contaminated,0.04,2-5%,corner_blob,1,max_local_density,UNKNOWN,window_4_density,A_OBSERVABLE_SPATIALLY_DILUTED,True,41,41,41,7
design,design_dirty_103,contaminated,0.04,2-5%,corner_blob,1,edge_aware,UNKNOWN,edge_density,A_OBSERVABLE_SPATIALLY_DILUTED,True,41,41,41,7
design,design_dirty_103,contaminated,0.04,2-5%,corner_blob,1,aggressive,UNKNOWN,tile_density,A_OBSERVABLE_SPATIALLY_DILUTED,True,41,41,41,7
design,design_dirty_103,contaminated,0.04,2-5%,corner_blob,1,balanced,UNKNOWN,tile_density,A_OBSERVABLE_SPATIALLY_DILUTED,True,41,41,41,7
design,design_dirty_103,contaminated,0.04,2-5%,corner_blob,1,conservative,UNKNOWN,tile_density,A_OBSERVABLE_SPATIALLY_DILUTED,True,41,41,41,7
design,design_dirty_104,contaminated,0.04,2-5%,multiple_droplets,0,global_baseline,PASS,spatial_certificate,A_OBSERVABLE_SPATIALLY_DILUTED,True,41,41,20,6
design,design_dirty_104,contaminated,0.04,2-5%,multiple_droplets,0,tile,UNKNOWN,tile_density,A_OBSERVABLE_SPATIALLY_DILUTED,True,41,41,20,6
design,design_dirty_104,contaminated,0.04,2-5%,multiple_droplets,0,multiscale,UNKNOWN,window_4_density,A_OBSERVABLE_SPATIALLY_DILUTED,True,41,41,20,6
design,design_dirty_104,contaminated,0.04,2-5%,multiple_droplets,0,connected_component,UNKNOWN,component_area,A_OBSERVABLE_SPATIALLY_DILUTED,True,41,41,20,6
design,design_dirty_104,contaminated,0.04,2-5%,multiple_droplets,0,max_local_density,UNKNOWN,window_4_density,A_OBSERVABLE_SPATIALLY_DILUTED,True,41,41,20,6
design,design_dirty_104,contaminated,0.04,2-5%,multiple_droplets,0,edge_aware,PASS,spatial_certificate,A_OBSERVABLE_SPATIALLY_DILUTED,True,41,41,20,6
design,design_dirty_104,contaminated,0.04,2-5%,multiple_droplets,0,aggressive,UNKNOWN,tile_density,A_OBSERVABLE_SPATIALLY_DILUTED,True,41,41,20,6
design,design_dirty_104,contaminated,0.04,2-5%,multiple_droplets,0,balanced,UNKNOWN,tile_density,A_OBSERVABLE_SPATIALLY_DILUTED,True,41,41,20,6
design,design_dirty_104,contaminated,0.04,2-5%,multiple_droplets,0,conservative,UNKNOWN,window_8_density,A_OBSERVABLE_SPATIALLY_DILUTED,True,41,41,20,6
design,design_dirty_105,contaminated,0.04,2-5%,multiple_droplets,1,global_baseline,FLAG,pixel_flag,NOT_FALSE_CLEAN,True,42,41,-1,-1
design,design_dirty_105,contaminated,0.04,2-5%,multiple_droplets,1,tile,FLAG,pixel_flag,NOT_FALSE_CLEAN,True,42,41,-1,-1
design,design_dirty_105,contaminated,0.04,2-5%,multiple_droplets,1,multiscale,FLAG,pixel_flag,NOT_FALSE_CLEAN,True,42,41,-1,-1
design,design_dirty_105,contaminated,0.04,2-5%,multiple_droplets,1,connected_component,FLAG,pixel_flag,NOT_FALSE_CLEAN,True,42,41,-1,-1
design,design_dirty_105,contaminated,0.04,2-5%,multiple_droplets,1,max_local_density,FLAG,pixel_flag,NOT_FALSE_CLEAN,True,42,41,-1,-1
design,design_dirty_105,contaminated,0.04,2-5%,multiple_droplets,1,edge_aware,FLAG,pixel_flag,NOT_FALSE_CLEAN,True,42,41,-1,-1
design,design_dirty_105,contaminated,0.04,2-5%,multiple_droplets,1,aggressive,FLAG,pixel_flag,NOT_FALSE_CLEAN,True,42,41,-1,-1
design,design_dirty_105,contaminated,0.04,2-5%,multiple_droplets,1,balanced,FLAG,pixel_flag,NOT_FALSE_CLEAN,True,42,41,-1,-1
design,design_dirty_105,contaminated,0.04,2-5%,multiple_droplets,1,conservative,FLAG,pixel_flag,NOT_FALSE_CLEAN,True,42,41,-1,-1
design,design_dirty_106,contaminated,0.04,2-5%,dispersed_sparse,0,global_baseline,FLAG,pixel_flag,NOT_FALSE_CLEAN,True,43,41,-1,-1
design,design_dirty_106,contaminated,0.04,2-5%,dispersed_sparse,0,tile,FLAG,pixel_flag,NOT_FALSE_CLEAN,True,43,41,-1,-1
design,design_dirty_106,contaminated,0.04,2-5%,dispersed_sparse,0,multiscale,FLAG,pixel_flag,NOT_FALSE_CLEAN,True,43,41,-1,-1
design,design_dirty_106,contaminated,0.04,2-5%,dispersed_sparse,0,connected_component,FLAG,pixel_flag,NOT_FALSE_CLEAN,True,43,41,-1,-1
design,design_dirty_106,contaminated,0.04,2-5%,dispersed_sparse,0,max_local_density,FLAG,pixel_flag,NOT_FALSE_CLEAN,True,43,41,-1,-1
design,design_dirty_106,contaminated,0.04,2-5%,dispersed_sparse,0,edge_aware,FLAG,pixel_flag,NOT_FALSE_CLEAN,True,43,41,-1,-1
design,design_dirty_106,contaminated,0.04,2-5%,dispersed_sparse,0,aggressive,FLAG,pixel_flag,NOT_FALSE_CLEAN,True,43,41,-1,-1
design,design_dirty_106,contaminated,0.04,2-5%,dispersed_sparse,0,balanced,FLAG,pixel_flag,NOT_FALSE_CLEAN,True,43,41,-1,-1
design,design_dirty_106,contaminated,0.04,2-5%,dispersed_sparse,0,conservative,FLAG,pixel_flag,NOT_FALSE_CLEAN,True,43,41,-1,-1
design,design_dirty_107,contaminated,0.04,2-5%,dispersed_sparse,1,global_baseline,PASS,spatial_certificate,A_OBSERVABLE_SPATIALLY_DILUTED,True,42,41,3,3
design,design_dirty_107,contaminated,0.04,2-5%,dispersed_sparse,1,tile,PASS,spatial_certificate,A_OBSERVABLE_SPATIALLY_DILUTED,True,42,41,3,3
design,design_dirty_107,contaminated,0.04,2-5%,dispersed_sparse,1,multiscale,PASS,spatial_certificate,A_OBSERVABLE_SPATIALLY_DILUTED,True,42,41,3,3
design,design_dirty_107,contaminated,0.04,2-5%,dispersed_sparse,1,connected_component,PASS,spatial_certificate,A_OBSERVABLE_SPATIALLY_DILUTED,True,42,41,3,3
design,design_dirty_107,contaminated,0.04,2-5%,dispersed_sparse,1,max_local_density,UNKNOWN,window_4_density,A_OBSERVABLE_SPATIALLY_DILUTED,True,42,41,3,3
design,design_dirty_107,contaminated,0.04,2-5%,dispersed_sparse,1,edge_aware,PASS,spatial_certificate,A_OBSERVABLE_SPATIALLY_DILUTED,True,42,41,3,3
design,design_dirty_107,contaminated,0.04,2-5%,dispersed_sparse,1,aggressive,UNKNOWN,window_4_density,A_OBSERVABLE_SPATIALLY_DILUTED,True,42,41,3,3
design,design_dirty_107,contaminated,0.04,2-5%,dispersed_sparse,1,balanced,PASS,spatial_certificate,A_OBSERVABLE_SPATIALLY_DILUTED,True,42,41,3,3
design,design_dirty_107,contaminated,0.04,2-5%,dispersed_sparse,1,conservative,PASS,spatial_certificate,A_OBSERVABLE_SPATIALLY_DILUTED,True,42,41,3,3
design,design_dirty_108,contaminated,0.04,2-5%,psf_blurred,0,global_baseline,FLAG,pixel_flag,NOT_FALSE_CLEAN,True,72,39,-1,-1
design,design_dirty_108,contaminated,0.04,2-5%,psf_blurred,0,tile,FLAG,pixel_flag,NOT_FALSE_CLEAN,True,72,39,-1,-1
design,design_dirty_108,contaminated,0.04,2-5%,psf_blurred,0,multiscale,FLAG,pixel_flag,NOT_FALSE_CLEAN,True,72,39,-1,-1
design,design_dirty_108,contaminated,0.04,2-5%,psf_blurred,0,connected_component,FLAG,pixel_flag,NOT_FALSE_CLEAN,True,72,39,-1,-1
design,design_dirty_108,contaminated,0.04,2-5%,psf_blurred,0,max_local_density,FLAG,pixel_flag,NOT_FALSE_CLEAN,True,72,39,-1,-1
design,design_dirty_108,contaminated,0.04,2-5%,psf_blurred,0,edge_aware,FLAG,pixel_flag,NOT_FALSE_CLEAN,True,72,39,-1,-1
design,design_dirty_108,contaminated,0.04,2-5%,psf_blurred,0,aggressive,FLAG,pixel_flag,NOT_FALSE_CLEAN,True,72,39,-1,-1
design,design_dirty_108,contaminated,0.04,2-5%,psf_blurred,0,balanced,FLAG,pixel_flag,NOT_FALSE_CLEAN,True,72,39,-1,-1
design,design_dirty_108,contaminated,0.04,2-5%,psf_blurred,0,conservative,FLAG,pixel_flag,NOT_FALSE_CLEAN,True,72,39,-1,-1
design,design_dirty_109,contaminated,0.04,2-5%,psf_blurred,1,global_baseline,UNKNOWN,global_pass_fraction,NOT_FALSE_CLEAN,True,62,40,62,9
design,design_dirty_109,contaminated,0.04,2-5%,psf_blurred,1,tile,UNKNOWN,global_pass_fraction,NOT_FALSE_CLEAN,True,62,40,62,9
design,design_dirty_109,contaminated,0.04,2-5%,psf_blurred,1,multiscale,UNKNOWN,global_pass_fraction,NOT_FALSE_CLEAN,True,62,40,62,9
design,design_dirty_109,contaminated,0.04,2-5%,psf_blurred,1,connected_component,UNKNOWN,global_pass_fraction,NOT_FALSE_CLEAN,True,62,40,62,9
design,design_dirty_109,contaminated,0.04,2-5%,psf_blurred,1,max_local_density,UNKNOWN,global_pass_fraction,NOT_FALSE_CLEAN,True,62,40,62,9
design,design_dirty_109,contaminated,0.04,2-5%,psf_blurred,1,edge_aware,UNKNOWN,global_pass_fraction,NOT_FALSE_CLEAN,True,62,40,62,9
design,design_dirty_109,contaminated,0.04,2-5%,psf_blurred,1,aggressive,UNKNOWN,global_pass_fraction,NOT_FALSE_CLEAN,True,62,40,62,9
design,design_dirty_109,contaminated,0.04,2-5%,psf_blurred,1,balanced,UNKNOWN,global_pass_fraction,NOT_FALSE_CLEAN,True,62,40,62,9
design,design_dirty_109,contaminated,0.04,2-5%,psf_blurred,1,conservative,UNKNOWN,global_pass_fraction,NOT_FALSE_CLEAN,True,62,40,62,9
design,design_dirty_110,contaminated,0.04,2-5%,registration_shifted,0,global_baseline,FLAG,pixel_flag,NOT_FALSE_CLEAN,True,41,40,-1,-1
design,design_dirty_110,contaminated,0.04,2-5%,registration_shifted,0,tile,FLAG,pixel_flag,NOT_FALSE_CLEAN,True,41,40,-1,-1
design,design_dirty_110,contaminated,0.04,2-5%,registration_shifted,0,multiscale,FLAG,pixel_flag,NOT_FALSE_CLEAN,True,41,40,-1,-1
design,design_dirty_110,contaminated,0.04,2-5%,registration_shifted,0,connected_component,FLAG,pixel_flag,NOT_FALSE_CLEAN,True,41,40,-1,-1
design,design_dirty_110,contaminated,0.04,2-5%,registration_shifted,0,max_local_density,FLAG,pixel_flag,NOT_FALSE_CLEAN,True,41,40,-1,-1
design,design_dirty_110,contaminated,0.04,2-5%,registration_shifted,0,edge_aware,FLAG,pixel_flag,NOT_FALSE_CLEAN,True,41,40,-1,-1
design,design_dirty_110,contaminated,0.04,2-5%,registration_shifted,0,aggressive,FLAG,pixel_flag,NOT_FALSE_CLEAN,True,41,40,-1,-1
design,design_dirty_110,contaminated,0.04,2-5%,registration_shifted,0,balanced,FLAG,pixel_flag,NOT_FALSE_CLEAN,True,41,40,-1,-1
design,design_dirty_110,contaminated,0.04,2-5%,registration_shifted,0,conservative,FLAG,pixel_flag,NOT_FALSE_CLEAN,True,41,40,-1,-1
design,design_dirty_111,contaminated,0.04,2-5%,registration_shifted,1,global_baseline,FLAG,pixel_flag,NOT_FALSE_CLEAN,True,41,41,-1,-1
design,design_dirty_111,contaminated,0.04,2-5%,registration_shifted,1,tile,FLAG,pixel_flag,NOT_FALSE_CLEAN,True,41,41,-1,-1
design,design_dirty_111,contaminated,0.04,2-5%,registration_shifted,1,multiscale,FLAG,pixel_flag,NOT_FALSE_CLEAN,True,41,41,-1,-1
design,design_dirty_111,contaminated,0.04,2-5%,registration_shifted,1,connected_component,FLAG,pixel_flag,NOT_FALSE_CLEAN,True,41,41,-1,-1
design,design_dirty_111,contaminated,0.04,2-5%,registration_shifted,1,max_local_density,FLAG,pixel_flag,NOT_FALSE_CLEAN,True,41,41,-1,-1
design,design_dirty_111,contaminated,0.04,2-5%,registration_shifted,1,edge_aware,FLAG,pixel_flag,NOT_FALSE_CLEAN,True,41,41,-1,-1
design,design_dirty_111,contaminated,0.04,2-5%,registration_shifted,1,aggressive,FLAG,pixel_flag,NOT_FALSE_CLEAN,True,41,41,-1,-1
design,design_dirty_111,contaminated,0.04,2-5%,registration_shifted,1,balanced,FLAG,pixel_flag,NOT_FALSE_CLEAN,True,41,41,-1,-1
design,design_dirty_111,contaminated,0.04,2-5%,registration_shifted,1,conservative,FLAG,pixel_flag,NOT_FALSE_CLEAN,True,41,41,-1,-1
design,design_dirty_112,contaminated,0.05,2-5%,compact_blob,0,global_baseline,FLAG,pixel_flag,NOT_FALSE_CLEAN,True,54,52,-1,-1
design,design_dirty_112,contaminated,0.05,2-5%,compact_blob,0,tile,FLAG,pixel_flag,NOT_FALSE_CLEAN,True,54,52,-1,-1
design,design_dirty_112,contaminated,0.05,2-5%,compact_blob,0,multiscale,FLAG,pixel_flag,NOT_FALSE_CLEAN,True,54,52,-1,-1
design,design_dirty_112,contaminated,0.05,2-5%,compact_blob,0,connected_component,FLAG,pixel_flag,NOT_FALSE_CLEAN,True,54,52,-1,-1
design,design_dirty_112,contaminated,0.05,2-5%,compact_blob,0,max_local_density,FLAG,pixel_flag,NOT_FALSE_CLEAN,True,54,52,-1,-1
design,design_dirty_112,contaminated,0.05,2-5%,compact_blob,0,edge_aware,FLAG,pixel_flag,NOT_FALSE_CLEAN,True,54,52,-1,-1
design,design_dirty_112,contaminated,0.05,2-5%,compact_blob,0,aggressive,FLAG,pixel_flag,NOT_FALSE_CLEAN,True,54,52,-1,-1
design,design_dirty_112,contaminated,0.05,2-5%,compact_blob,0,balanced,FLAG,pixel_flag,NOT_FALSE_CLEAN,True,54,52,-1,-1
design,design_dirty_112,contaminated,0.05,2-5%,compact_blob,0,conservative,FLAG,pixel_flag,NOT_FALSE_CLEAN,True,54,52,-1,-1
design,design_dirty_113,contaminated,0.05,2-5%,compact_blob,1,global_baseline,FLAG,pixel_flag,NOT_FALSE_CLEAN,True,54,52,-1,-1
design,design_dirty_113,contaminated,0.05,2-5%,compact_blob,1,tile,FLAG,pixel_flag,NOT_FALSE_CLEAN,True,54,52,-1,-1
design,design_dirty_113,contaminated,0.05,2-5%,compact_blob,1,multiscale,FLAG,pixel_flag,NOT_FALSE_CLEAN,True,54,52,-1,-1
design,design_dirty_113,contaminated,0.05,2-5%,compact_blob,1,connected_component,FLAG,pixel_flag,NOT_FALSE_CLEAN,True,54,52,-1,-1
design,design_dirty_113,contaminated,0.05,2-5%,compact_blob,1,max_local_density,FLAG,pixel_flag,NOT_FALSE_CLEAN,True,54,52,-1,-1
design,design_dirty_113,contaminated,0.05,2-5%,compact_blob,1,edge_aware,FLAG,pixel_flag,NOT_FALSE_CLEAN,True,54,52,-1,-1
design,design_dirty_113,contaminated,0.05,2-5%,compact_blob,1,aggressive,FLAG,pixel_flag,NOT_FALSE_CLEAN,True,54,52,-1,-1
design,design_dirty_113,contaminated,0.05,2-5%,compact_blob,1,balanced,FLAG,pixel_flag,NOT_FALSE_CLEAN,True,54,52,-1,-1
design,design_dirty_113,contaminated,0.05,2-5%,compact_blob,1,conservative,FLAG,pixel_flag,NOT_FALSE_CLEAN,True,54,52,-1,-1
design,design_dirty_114,contaminated,0.05,2-5%,elongated_streak,0,global_baseline,PASS,spatial_certificate,A_OBSERVABLE_SPATIALLY_DILUTED,True,51,51,51,32
design,design_dirty_114,contaminated,0.05,2-5%,elongated_streak,0,tile,UNKNOWN,tile_density,A_OBSERVABLE_SPATIALLY_DILUTED,True,51,51,51,32
design,design_dirty_114,contaminated,0.05,2-5%,elongated_streak,0,multiscale,UNKNOWN,window_4_density,A_OBSERVABLE_SPATIALLY_DILUTED,True,51,51,51,32
design,design_dirty_114,contaminated,0.05,2-5%,elongated_streak,0,connected_component,UNKNOWN,component_area,A_OBSERVABLE_SPATIALLY_DILUTED,True,51,51,51,32
design,design_dirty_114,contaminated,0.05,2-5%,elongated_streak,0,max_local_density,UNKNOWN,window_4_density,A_OBSERVABLE_SPATIALLY_DILUTED,True,51,51,51,32
design,design_dirty_114,contaminated,0.05,2-5%,elongated_streak,0,edge_aware,PASS,spatial_certificate,A_OBSERVABLE_SPATIALLY_DILUTED,True,51,51,51,32
design,design_dirty_114,contaminated,0.05,2-5%,elongated_streak,0,aggressive,UNKNOWN,tile_density,A_OBSERVABLE_SPATIALLY_DILUTED,True,51,51,51,32
design,design_dirty_114,contaminated,0.05,2-5%,elongated_streak,0,balanced,UNKNOWN,window_16_density,A_OBSERVABLE_SPATIALLY_DILUTED,True,51,51,51,32
design,design_dirty_114,contaminated,0.05,2-5%,elongated_streak,0,conservative,UNKNOWN,component_area,A_OBSERVABLE_SPATIALLY_DILUTED,True,51,51,51,32
design,design_dirty_115,contaminated,0.05,2-5%,elongated_streak,1,global_baseline,FLAG,pixel_flag,NOT_FALSE_CLEAN,True,51,51,-1,-1
design,design_dirty_115,contaminated,0.05,2-5%,elongated_streak,1,tile,FLAG,pixel_flag,NOT_FALSE_CLEAN,True,51,51,-1,-1
design,design_dirty_115,contaminated,0.05,2-5%,elongated_streak,1,multiscale,FLAG,pixel_flag,NOT_FALSE_CLEAN,True,51,51,-1,-1
design,design_dirty_115,contaminated,0.05,2-5%,elongated_streak,1,connected_component,FLAG,pixel_flag,NOT_FALSE_CLEAN,True,51,51,-1,-1
design,design_dirty_115,contaminated,0.05,2-5%,elongated_streak,1,max_local_density,FLAG,pixel_flag,NOT_FALSE_CLEAN,True,51,51,-1,-1
design,design_dirty_115,contaminated,0.05,2-5%,elongated_streak,1,edge_aware,FLAG,pixel_flag,NOT_FALSE_CLEAN,True,51,51,-1,-1
design,design_dirty_115,contaminated,0.05,2-5%,elongated_streak,1,aggressive,FLAG,pixel_flag,NOT_FALSE_CLEAN,True,51,51,-1,-1
design,design_dirty_115,contaminated,0.05,2-5%,elongated_streak,1,balanced,FLAG,pixel_flag,NOT_FALSE_CLEAN,True,51,51,-1,-1
design,design_dirty_115,contaminated,0.05,2-5%,elongated_streak,1,conservative,FLAG,pixel_flag,NOT_FALSE_CLEAN,True,51,51,-1,-1
design,design_dirty_116,contaminated,0.05,2-5%,edge_blob,0,global_baseline,UNKNOWN,global_pass_fraction,NOT_FALSE_CLEAN,True,52,51,51,11
design,design_dirty_116,contaminated,0.05,2-5%,edge_blob,0,tile,UNKNOWN,global_pass_fraction,NOT_FALSE_CLEAN,True,52,51,51,11
design,design_dirty_116,contaminated,0.05,2-5%,edge_blob,0,multiscale,UNKNOWN,global_pass_fraction,NOT_FALSE_CLEAN,True,52,51,51,11
design,design_dirty_116,contaminated,0.05,2-5%,edge_blob,0,connected_component,UNKNOWN,global_pass_fraction,NOT_FALSE_CLEAN,True,52,51,51,11
design,design_dirty_116,contaminated,0.05,2-5%,edge_blob,0,max_local_density,UNKNOWN,global_pass_fraction,NOT_FALSE_CLEAN,True,52,51,51,11
design,design_dirty_116,contaminated,0.05,2-5%,edge_blob,0,edge_aware,UNKNOWN,global_pass_fraction,NOT_FALSE_CLEAN,True,52,51,51,11
design,design_dirty_116,contaminated,0.05,2-5%,edge_blob,0,aggressive,UNKNOWN,global_pass_fraction,NOT_FALSE_CLEAN,True,52,51,51,11
design,design_dirty_116,contaminated,0.05,2-5%,edge_blob,0,balanced,UNKNOWN,global_pass_fraction,NOT_FALSE_CLEAN,True,52,51,51,11
design,design_dirty_116,contaminated,0.05,2-5%,edge_blob,0,conservative,UNKNOWN,global_pass_fraction,NOT_FALSE_CLEAN,True,52,51,51,11
design,design_dirty_117,contaminated,0.05,2-5%,edge_blob,1,global_baseline,PASS,spatial_certificate,A_OBSERVABLE_SPATIALLY_DILUTED,True,51,51,51,11
design,design_dirty_117,contaminated,0.05,2-5%,edge_blob,1,tile,UNKNOWN,tile_density,A_OBSERVABLE_SPATIALLY_DILUTED,True,51,51,51,11
design,design_dirty_117,contaminated,0.05,2-5%,edge_blob,1,multiscale,UNKNOWN,window_4_density,A_OBSERVABLE_SPATIALLY_DILUTED,True,51,51,51,11
design,design_dirty_117,contaminated,0.05,2-5%,edge_blob,1,connected_component,UNKNOWN,component_area,A_OBSERVABLE_SPATIALLY_DILUTED,True,51,51,51,11
design,design_dirty_117,contaminated,0.05,2-5%,edge_blob,1,max_local_density,UNKNOWN,window_4_density,A_OBSERVABLE_SPATIALLY_DILUTED,True,51,51,51,11
design,design_dirty_117,contaminated,0.05,2-5%,edge_blob,1,edge_aware,UNKNOWN,edge_density,A_OBSERVABLE_SPATIALLY_DILUTED,True,51,51,51,11
design,design_dirty_117,contaminated,0.05,2-5%,edge_blob,1,aggressive,UNKNOWN,tile_density,A_OBSERVABLE_SPATIALLY_DILUTED,True,51,51,51,11
design,design_dirty_117,contaminated,0.05,2-5%,edge_blob,1,balanced,UNKNOWN,tile_density,A_OBSERVABLE_SPATIALLY_DILUTED,True,51,51,51,11
design,design_dirty_117,contaminated,0.05,2-5%,edge_blob,1,conservative,UNKNOWN,tile_density,A_OBSERVABLE_SPATIALLY_DILUTED,True,51,51,51,11
design,design_dirty_118,contaminated,0.05,2-5%,corner_blob,0,global_baseline,FLAG,pixel_flag,NOT_FALSE_CLEAN,True,54,51,-1,-1
design,design_dirty_118,contaminated,0.05,2-5%,corner_blob,0,tile,FLAG,pixel_flag,NOT_FALSE_CLEAN,True,54,51,-1,-1
design,design_dirty_118,contaminated,0.05,2-5%,corner_blob,0,multiscale,FLAG,pixel_flag,NOT_FALSE_CLEAN,True,54,51,-1,-1
design,design_dirty_118,contaminated,0.05,2-5%,corner_blob,0,connected_component,FLAG,pixel_flag,NOT_FALSE_CLEAN,True,54,51,-1,-1
design,design_dirty_118,contaminated,0.05,2-5%,corner_blob,0,max_local_density,FLAG,pixel_flag,NOT_FALSE_CLEAN,True,54,51,-1,-1
design,design_dirty_118,contaminated,0.05,2-5%,corner_blob,0,edge_aware,FLAG,pixel_flag,NOT_FALSE_CLEAN,True,54,51,-1,-1
design,design_dirty_118,contaminated,0.05,2-5%,corner_blob,0,aggressive,FLAG,pixel_flag,NOT_FALSE_CLEAN,True,54,51,-1,-1
design,design_dirty_118,contaminated,0.05,2-5%,corner_blob,0,balanced,FLAG,pixel_flag,NOT_FALSE_CLEAN,True,54,51,-1,-1
design,design_dirty_118,contaminated,0.05,2-5%,corner_blob,0,conservative,FLAG,pixel_flag,NOT_FALSE_CLEAN,True,54,51,-1,-1
design,design_dirty_119,contaminated,0.05,2-5%,corner_blob,1,global_baseline,PASS,spatial_certificate,A_OBSERVABLE_SPATIALLY_DILUTED,True,51,51,51,8
design,design_dirty_119,contaminated,0.05,2-5%,corner_blob,1,tile,UNKNOWN,tile_density,A_OBSERVABLE_SPATIALLY_DILUTED,True,51,51,51,8
design,design_dirty_119,contaminated,0.05,2-5%,corner_blob,1,multiscale,UNKNOWN,window_4_density,A_OBSERVABLE_SPATIALLY_DILUTED,True,51,51,51,8
design,design_dirty_119,contaminated,0.05,2-5%,corner_blob,1,connected_component,UNKNOWN,component_area,A_OBSERVABLE_SPATIALLY_DILUTED,True,51,51,51,8
design,design_dirty_119,contaminated,0.05,2-5%,corner_blob,1,max_local_density,UNKNOWN,window_4_density,A_OBSERVABLE_SPATIALLY_DILUTED,True,51,51,51,8
design,design_dirty_119,contaminated,0.05,2-5%,corner_blob,1,edge_aware,UNKNOWN,edge_density,A_OBSERVABLE_SPATIALLY_DILUTED,True,51,51,51,8
design,design_dirty_119,contaminated,0.05,2-5%,corner_blob,1,aggressive,UNKNOWN,tile_density,A_OBSERVABLE_SPATIALLY_DILUTED,True,51,51,51,8
design,design_dirty_119,contaminated,0.05,2-5%,corner_blob,1,balanced,UNKNOWN,tile_density,A_OBSERVABLE_SPATIALLY_DILUTED,True,51,51,51,8
design,design_dirty_119,contaminated,0.05,2-5%,corner_blob,1,conservative,UNKNOWN,tile_density,A_OBSERVABLE_SPATIALLY_DILUTED,True,51,51,51,8
design,design_dirty_120,contaminated,0.05,2-5%,multiple_droplets,0,global_baseline,FLAG,pixel_flag,NOT_FALSE_CLEAN,True,53,51,-1,-1
design,design_dirty_120,contaminated,0.05,2-5%,multiple_droplets,0,tile,FLAG,pixel_flag,NOT_FALSE_CLEAN,True,53,51,-1,-1
design,design_dirty_120,contaminated,0.05,2-5%,multiple_droplets,0,multiscale,FLAG,pixel_flag,NOT_FALSE_CLEAN,True,53,51,-1,-1
design,design_dirty_120,contaminated,0.05,2-5%,multiple_droplets,0,connected_component,FLAG,pixel_flag,NOT_FALSE_CLEAN,True,53,51,-1,-1
design,design_dirty_120,contaminated,0.05,2-5%,multiple_droplets,0,max_local_density,FLAG,pixel_flag,NOT_FALSE_CLEAN,True,53,51,-1,-1
design,design_dirty_120,contaminated,0.05,2-5%,multiple_droplets,0,edge_aware,FLAG,pixel_flag,NOT_FALSE_CLEAN,True,53,51,-1,-1
design,design_dirty_120,contaminated,0.05,2-5%,multiple_droplets,0,aggressive,FLAG,pixel_flag,NOT_FALSE_CLEAN,True,53,51,-1,-1
design,design_dirty_120,contaminated,0.05,2-5%,multiple_droplets,0,balanced,FLAG,pixel_flag,NOT_FALSE_CLEAN,True,53,51,-1,-1
design,design_dirty_120,contaminated,0.05,2-5%,multiple_droplets,0,conservative,FLAG,pixel_flag,NOT_FALSE_CLEAN,True,53,51,-1,-1
design,design_dirty_121,contaminated,0.05,2-5%,multiple_droplets,1,global_baseline,PASS,spatial_certificate,A_OBSERVABLE_SPATIALLY_DILUTED,True,51,51,14,4
design,design_dirty_121,contaminated,0.05,2-5%,multiple_droplets,1,tile,UNKNOWN,tile_density,A_OBSERVABLE_SPATIALLY_DILUTED,True,51,51,14,4
design,design_dirty_121,contaminated,0.05,2-5%,multiple_droplets,1,multiscale,UNKNOWN,window_4_density,A_OBSERVABLE_SPATIALLY_DILUTED,True,51,51,14,4
design,design_dirty_121,contaminated,0.05,2-5%,multiple_droplets,1,connected_component,UNKNOWN,component_area,A_OBSERVABLE_SPATIALLY_DILUTED,True,51,51,14,4
design,design_dirty_121,contaminated,0.05,2-5%,multiple_droplets,1,max_local_density,UNKNOWN,window_4_density,A_OBSERVABLE_SPATIALLY_DILUTED,True,51,51,14,4
design,design_dirty_121,contaminated,0.05,2-5%,multiple_droplets,1,edge_aware,PASS,spatial_certificate,A_OBSERVABLE_SPATIALLY_DILUTED,True,51,51,14,4
design,design_dirty_121,contaminated,0.05,2-5%,multiple_droplets,1,aggressive,UNKNOWN,tile_density,A_OBSERVABLE_SPATIALLY_DILUTED,True,51,51,14,4
design,design_dirty_121,contaminated,0.05,2-5%,multiple_droplets,1,balanced,UNKNOWN,window_4_density,A_OBSERVABLE_SPATIALLY_DILUTED,True,51,51,14,4
design,design_dirty_121,contaminated,0.05,2-5%,multiple_droplets,1,conservative,UNKNOWN,window_16_density,A_OBSERVABLE_SPATIALLY_DILUTED,True,51,51,14,4
design,design_dirty_122,contaminated,0.05,2-5%,dispersed_sparse,0,global_baseline,PASS,spatial_certificate,A_OBSERVABLE_SPATIALLY_DILUTED,True,51,51,2,2
design,design_dirty_122,contaminated,0.05,2-5%,dispersed_sparse,0,tile,PASS,spatial_certificate,A_OBSERVABLE_SPATIALLY_DILUTED,True,51,51,2,2
design,design_dirty_122,contaminated,0.05,2-5%,dispersed_sparse,0,multiscale,UNKNOWN,window_4_density,A_OBSERVABLE_SPATIALLY_DILUTED,True,51,51,2,2
design,design_dirty_122,contaminated,0.05,2-5%,dispersed_sparse,0,connected_component,PASS,spatial_certificate,A_OBSERVABLE_SPATIALLY_DILUTED,True,51,51,2,2
design,design_dirty_122,contaminated,0.05,2-5%,dispersed_sparse,0,max_local_density,UNKNOWN,window_4_density,A_OBSERVABLE_SPATIALLY_DILUTED,True,51,51,2,2
design,design_dirty_122,contaminated,0.05,2-5%,dispersed_sparse,0,edge_aware,PASS,spatial_certificate,A_OBSERVABLE_SPATIALLY_DILUTED,True,51,51,2,2
design,design_dirty_122,contaminated,0.05,2-5%,dispersed_sparse,0,aggressive,UNKNOWN,tile_density,A_OBSERVABLE_SPATIALLY_DILUTED,True,51,51,2,2
design,design_dirty_122,contaminated,0.05,2-5%,dispersed_sparse,0,balanced,PASS,spatial_certificate,A_OBSERVABLE_SPATIALLY_DILUTED,True,51,51,2,2
design,design_dirty_122,contaminated,0.05,2-5%,dispersed_sparse,0,conservative,PASS,spatial_certificate,A_OBSERVABLE_SPATIALLY_DILUTED,True,51,51,2,2
design,design_dirty_123,contaminated,0.05,2-5%,dispersed_sparse,1,global_baseline,UNKNOWN,global_pass_fraction,NOT_FALSE_CLEAN,True,52,51,3,3
design,design_dirty_123,contaminated,0.05,2-5%,dispersed_sparse,1,tile,UNKNOWN,global_pass_fraction,NOT_FALSE_CLEAN,True,52,51,3,3
design,design_dirty_123,contaminated,0.05,2-5%,dispersed_sparse,1,multiscale,UNKNOWN,global_pass_fraction,NOT_FALSE_CLEAN,True,52,51,3,3
design,design_dirty_123,contaminated,0.05,2-5%,dispersed_sparse,1,connected_component,UNKNOWN,global_pass_fraction,NOT_FALSE_CLEAN,True,52,51,3,3
design,design_dirty_123,contaminated,0.05,2-5%,dispersed_sparse,1,max_local_density,UNKNOWN,global_pass_fraction,NOT_FALSE_CLEAN,True,52,51,3,3
design,design_dirty_123,contaminated,0.05,2-5%,dispersed_sparse,1,edge_aware,UNKNOWN,global_pass_fraction,NOT_FALSE_CLEAN,True,52,51,3,3
design,design_dirty_123,contaminated,0.05,2-5%,dispersed_sparse,1,aggressive,UNKNOWN,global_pass_fraction,NOT_FALSE_CLEAN,True,52,51,3,3
design,design_dirty_123,contaminated,0.05,2-5%,dispersed_sparse,1,balanced,UNKNOWN,global_pass_fraction,NOT_FALSE_CLEAN,True,52,51,3,3
design,design_dirty_123,contaminated,0.05,2-5%,dispersed_sparse,1,conservative,UNKNOWN,global_pass_fraction,NOT_FALSE_CLEAN,True,52,51,3,3
design,design_dirty_124,contaminated,0.05,2-5%,psf_blurred,0,global_baseline,UNKNOWN,global_pass_fraction,NOT_FALSE_CLEAN,True,88,50,86,10
design,design_dirty_124,contaminated,0.05,2-5%,psf_blurred,0,tile,UNKNOWN,global_pass_fraction,NOT_FALSE_CLEAN,True,88,50,86,10
design,design_dirty_124,contaminated,0.05,2-5%,psf_blurred,0,multiscale,UNKNOWN,global_pass_fraction,NOT_FALSE_CLEAN,True,88,50,86,10
design,design_dirty_124,contaminated,0.05,2-5%,psf_blurred,0,connected_component,UNKNOWN,global_pass_fraction,NOT_FALSE_CLEAN,True,88,50,86,10
design,design_dirty_124,contaminated,0.05,2-5%,psf_blurred,0,max_local_density,UNKNOWN,global_pass_fraction,NOT_FALSE_CLEAN,True,88,50,86,10
design,design_dirty_124,contaminated,0.05,2-5%,psf_blurred,0,edge_aware,UNKNOWN,global_pass_fraction,NOT_FALSE_CLEAN,True,88,50,86,10
design,design_dirty_124,contaminated,0.05,2-5%,psf_blurred,0,aggressive,UNKNOWN,global_pass_fraction,NOT_FALSE_CLEAN,True,88,50,86,10
design,design_dirty_124,contaminated,0.05,2-5%,psf_blurred,0,balanced,UNKNOWN,global_pass_fraction,NOT_FALSE_CLEAN,True,88,50,86,10
design,design_dirty_124,contaminated,0.05,2-5%,psf_blurred,0,conservative,UNKNOWN,global_pass_fraction,NOT_FALSE_CLEAN,True,88,50,86,10
design,design_dirty_125,contaminated,0.05,2-5%,psf_blurred,1,global_baseline,UNKNOWN,global_pass_fraction,NOT_FALSE_CLEAN,True,77,50,77,10
design,design_dirty_125,contaminated,0.05,2-5%,psf_blurred,1,tile,UNKNOWN,global_pass_fraction,NOT_FALSE_CLEAN,True,77,50,77,10
design,design_dirty_125,contaminated,0.05,2-5%,psf_blurred,1,multiscale,UNKNOWN,global_pass_fraction,NOT_FALSE_CLEAN,True,77,50,77,10
design,design_dirty_125,contaminated,0.05,2-5%,psf_blurred,1,connected_component,UNKNOWN,global_pass_fraction,NOT_FALSE_CLEAN,True,77,50,77,10
design,design_dirty_125,contaminated,0.05,2-5%,psf_blurred,1,max_local_density,UNKNOWN,global_pass_fraction,NOT_FALSE_CLEAN,True,77,50,77,10
design,design_dirty_125,contaminated,0.05,2-5%,psf_blurred,1,edge_aware,UNKNOWN,global_pass_fraction,NOT_FALSE_CLEAN,True,77,50,77,10
design,design_dirty_125,contaminated,0.05,2-5%,psf_blurred,1,aggressive,UNKNOWN,global_pass_fraction,NOT_FALSE_CLEAN,True,77,50,77,10
design,design_dirty_125,contaminated,0.05,2-5%,psf_blurred,1,balanced,UNKNOWN,global_pass_fraction,NOT_FALSE_CLEAN,True,77,50,77,10
design,design_dirty_125,contaminated,0.05,2-5%,psf_blurred,1,conservative,UNKNOWN,global_pass_fraction,NOT_FALSE_CLEAN,True,77,50,77,10
design,design_dirty_126,contaminated,0.05,2-5%,registration_shifted,0,global_baseline,FLAG,pixel_flag,NOT_FALSE_CLEAN,True,50,50,-1,-1
design,design_dirty_126,contaminated,0.05,2-5%,registration_shifted,0,tile,FLAG,pixel_flag,NOT_FALSE_CLEAN,True,50,50,-1,-1
design,design_dirty_126,contaminated,0.05,2-5%,registration_shifted,0,multiscale,FLAG,pixel_flag,NOT_FALSE_CLEAN,True,50,50,-1,-1
design,design_dirty_126,contaminated,0.05,2-5%,registration_shifted,0,connected_component,FLAG,pixel_flag,NOT_FALSE_CLEAN,True,50,50,-1,-1
design,design_dirty_126,contaminated,0.05,2-5%,registration_shifted,0,max_local_density,FLAG,pixel_flag,NOT_FALSE_CLEAN,True,50,50,-1,-1
design,design_dirty_126,contaminated,0.05,2-5%,registration_shifted,0,edge_aware,FLAG,pixel_flag,NOT_FALSE_CLEAN,True,50,50,-1,-1
design,design_dirty_126,contaminated,0.05,2-5%,registration_shifted,0,aggressive,FLAG,pixel_flag,NOT_FALSE_CLEAN,True,50,50,-1,-1
design,design_dirty_126,contaminated,0.05,2-5%,registration_shifted,0,balanced,FLAG,pixel_flag,NOT_FALSE_CLEAN,True,50,50,-1,-1
design,design_dirty_126,contaminated,0.05,2-5%,registration_shifted,0,conservative,FLAG,pixel_flag,NOT_FALSE_CLEAN,True,50,50,-1,-1
design,design_dirty_127,contaminated,0.05,2-5%,registration_shifted,1,global_baseline,UNKNOWN,global_pass_fraction,NOT_FALSE_CLEAN,True,52,50,50,8
design,design_dirty_127,contaminated,0.05,2-5%,registration_shifted,1,tile,UNKNOWN,global_pass_fraction,NOT_FALSE_CLEAN,True,52,50,50,8
design,design_dirty_127,contaminated,0.05,2-5%,registration_shifted,1,multiscale,UNKNOWN,global_pass_fraction,NOT_FALSE_CLEAN,True,52,50,50,8
design,design_dirty_127,contaminated,0.05,2-5%,registration_shifted,1,connected_component,UNKNOWN,global_pass_fraction,NOT_FALSE_CLEAN,True,52,50,50,8
design,design_dirty_127,contaminated,0.05,2-5%,registration_shifted,1,max_local_density,UNKNOWN,global_pass_fraction,NOT_FALSE_CLEAN,True,52,50,50,8
design,design_dirty_127,contaminated,0.05,2-5%,registration_shifted,1,edge_aware,UNKNOWN,global_pass_fraction,NOT_FALSE_CLEAN,True,52,50,50,8
design,design_dirty_127,contaminated,0.05,2-5%,registration_shifted,1,aggressive,UNKNOWN,global_pass_fraction,NOT_FALSE_CLEAN,True,52,50,50,8
design,design_dirty_127,contaminated,0.05,2-5%,registration_shifted,1,balanced,UNKNOWN,global_pass_fraction,NOT_FALSE_CLEAN,True,52,50,50,8
design,design_dirty_127,contaminated,0.05,2-5%,registration_shifted,1,conservative,UNKNOWN,global_pass_fraction,NOT_FALSE_CLEAN,True,52,50,50,8
design,design_dirty_128,contaminated,0.075,>5%,compact_blob,0,global_baseline,UNKNOWN,global_pass_fraction,NOT_FALSE_CLEAN,True,78,77,77,10
design,design_dirty_128,contaminated,0.075,>5%,compact_blob,0,tile,UNKNOWN,global_pass_fraction,NOT_FALSE_CLEAN,True,78,77,77,10
design,design_dirty_128,contaminated,0.075,>5%,compact_blob,0,multiscale,UNKNOWN,global_pass_fraction,NOT_FALSE_CLEAN,True,78,77,77,10
design,design_dirty_128,contaminated,0.075,>5%,compact_blob,0,connected_component,UNKNOWN,global_pass_fraction,NOT_FALSE_CLEAN,True,78,77,77,10
design,design_dirty_128,contaminated,0.075,>5%,compact_blob,0,max_local_density,UNKNOWN,global_pass_fraction,NOT_FALSE_CLEAN,True,78,77,77,10
design,design_dirty_128,contaminated,0.075,>5%,compact_blob,0,edge_aware,UNKNOWN,global_pass_fraction,NOT_FALSE_CLEAN,True,78,77,77,10
design,design_dirty_128,contaminated,0.075,>5%,compact_blob,0,aggressive,UNKNOWN,global_pass_fraction,NOT_FALSE_CLEAN,True,78,77,77,10
design,design_dirty_128,contaminated,0.075,>5%,compact_blob,0,balanced,UNKNOWN,global_pass_fraction,NOT_FALSE_CLEAN,True,78,77,77,10
design,design_dirty_128,contaminated,0.075,>5%,compact_blob,0,conservative,UNKNOWN,global_pass_fraction,NOT_FALSE_CLEAN,True,78,77,77,10
design,design_dirty_129,contaminated,0.075,>5%,compact_blob,1,global_baseline,FLAG,pixel_flag,NOT_FALSE_CLEAN,True,81,78,-1,-1
design,design_dirty_129,contaminated,0.075,>5%,compact_blob,1,tile,FLAG,pixel_flag,NOT_FALSE_CLEAN,True,81,78,-1,-1
design,design_dirty_129,contaminated,0.075,>5%,compact_blob,1,multiscale,FLAG,pixel_flag,NOT_FALSE_CLEAN,True,81,78,-1,-1
design,design_dirty_129,contaminated,0.075,>5%,compact_blob,1,connected_component,FLAG,pixel_flag,NOT_FALSE_CLEAN,True,81,78,-1,-1
design,design_dirty_129,contaminated,0.075,>5%,compact_blob,1,max_local_density,FLAG,pixel_flag,NOT_FALSE_CLEAN,True,81,78,-1,-1
design,design_dirty_129,contaminated,0.075,>5%,compact_blob,1,edge_aware,FLAG,pixel_flag,NOT_FALSE_CLEAN,True,81,78,-1,-1
design,design_dirty_129,contaminated,0.075,>5%,compact_blob,1,aggressive,FLAG,pixel_flag,NOT_FALSE_CLEAN,True,81,78,-1,-1
design,design_dirty_129,contaminated,0.075,>5%,compact_blob,1,balanced,FLAG,pixel_flag,NOT_FALSE_CLEAN,True,81,78,-1,-1
design,design_dirty_129,contaminated,0.075,>5%,compact_blob,1,conservative,FLAG,pixel_flag,NOT_FALSE_CLEAN,True,81,78,-1,-1
design,design_dirty_130,contaminated,0.075,>5%,elongated_streak,0,global_baseline,FLAG,pixel_flag,NOT_FALSE_CLEAN,True,78,77,-1,-1
design,design_dirty_130,contaminated,0.075,>5%,elongated_streak,0,tile,FLAG,pixel_flag,NOT_FALSE_CLEAN,True,78,77,-1,-1
design,design_dirty_130,contaminated,0.075,>5%,elongated_streak,0,multiscale,FLAG,pixel_flag,NOT_FALSE_CLEAN,True,78,77,-1,-1
design,design_dirty_130,contaminated,0.075,>5%,elongated_streak,0,connected_component,FLAG,pixel_flag,NOT_FALSE_CLEAN,True,78,77,-1,-1
design,design_dirty_130,contaminated,0.075,>5%,elongated_streak,0,max_local_density,FLAG,pixel_flag,NOT_FALSE_CLEAN,True,78,77,-1,-1
design,design_dirty_130,contaminated,0.075,>5%,elongated_streak,0,edge_aware,FLAG,pixel_flag,NOT_FALSE_CLEAN,True,78,77,-1,-1
design,design_dirty_130,contaminated,0.075,>5%,elongated_streak,0,aggressive,FLAG,pixel_flag,NOT_FALSE_CLEAN,True,78,77,-1,-1
design,design_dirty_130,contaminated,0.075,>5%,elongated_streak,0,balanced,FLAG,pixel_flag,NOT_FALSE_CLEAN,True,78,77,-1,-1
design,design_dirty_130,contaminated,0.075,>5%,elongated_streak,0,conservative,FLAG,pixel_flag,NOT_FALSE_CLEAN,True,78,77,-1,-1
design,design_dirty_131,contaminated,0.075,>5%,elongated_streak,1,global_baseline,UNKNOWN,global_pass_fraction,NOT_FALSE_CLEAN,True,79,77,77,32
design,design_dirty_131,contaminated,0.075,>5%,elongated_streak,1,tile,UNKNOWN,global_pass_fraction,NOT_FALSE_CLEAN,True,79,77,77,32
design,design_dirty_131,contaminated,0.075,>5%,elongated_streak,1,multiscale,UNKNOWN,global_pass_fraction,NOT_FALSE_CLEAN,True,79,77,77,32
design,design_dirty_131,contaminated,0.075,>5%,elongated_streak,1,connected_component,UNKNOWN,global_pass_fraction,NOT_FALSE_CLEAN,True,79,77,77,32
design,design_dirty_131,contaminated,0.075,>5%,elongated_streak,1,max_local_density,UNKNOWN,global_pass_fraction,NOT_FALSE_CLEAN,True,79,77,77,32
design,design_dirty_131,contaminated,0.075,>5%,elongated_streak,1,edge_aware,UNKNOWN,global_pass_fraction,NOT_FALSE_CLEAN,True,79,77,77,32
design,design_dirty_131,contaminated,0.075,>5%,elongated_streak,1,aggressive,UNKNOWN,global_pass_fraction,NOT_FALSE_CLEAN,True,79,77,77,32
design,design_dirty_131,contaminated,0.075,>5%,elongated_streak,1,balanced,UNKNOWN,global_pass_fraction,NOT_FALSE_CLEAN,True,79,77,77,32
design,design_dirty_131,contaminated,0.075,>5%,elongated_streak,1,conservative,UNKNOWN,global_pass_fraction,NOT_FALSE_CLEAN,True,79,77,77,32
design,design_dirty_132,contaminated,0.075,>5%,edge_blob,0,global_baseline,FLAG,pixel_flag,NOT_FALSE_CLEAN,True,77,77,-1,-1
design,design_dirty_132,contaminated,0.075,>5%,edge_blob,0,tile,FLAG,pixel_flag,NOT_FALSE_CLEAN,True,77,77,-1,-1
design,design_dirty_132,contaminated,0.075,>5%,edge_blob,0,multiscale,FLAG,pixel_flag,NOT_FALSE_CLEAN,True,77,77,-1,-1
design,design_dirty_132,contaminated,0.075,>5%,edge_blob,0,connected_component,FLAG,pixel_flag,NOT_FALSE_CLEAN,True,77,77,-1,-1
design,design_dirty_132,contaminated,0.075,>5%,edge_blob,0,max_local_density,FLAG,pixel_flag,NOT_FALSE_CLEAN,True,77,77,-1,-1
design,design_dirty_132,contaminated,0.075,>5%,edge_blob,0,edge_aware,FLAG,pixel_flag,NOT_FALSE_CLEAN,True,77,77,-1,-1
design,design_dirty_132,contaminated,0.075,>5%,edge_blob,0,aggressive,FLAG,pixel_flag,NOT_FALSE_CLEAN,True,77,77,-1,-1
design,design_dirty_132,contaminated,0.075,>5%,edge_blob,0,balanced,FLAG,pixel_flag,NOT_FALSE_CLEAN,True,77,77,-1,-1
design,design_dirty_132,contaminated,0.075,>5%,edge_blob,0,conservative,FLAG,pixel_flag,NOT_FALSE_CLEAN,True,77,77,-1,-1
design,design_dirty_133,contaminated,0.075,>5%,edge_blob,1,global_baseline,UNKNOWN,global_pass_fraction,NOT_FALSE_CLEAN,True,79,77,77,13
design,design_dirty_133,contaminated,0.075,>5%,edge_blob,1,tile,UNKNOWN,global_pass_fraction,NOT_FALSE_CLEAN,True,79,77,77,13
design,design_dirty_133,contaminated,0.075,>5%,edge_blob,1,multiscale,UNKNOWN,global_pass_fraction,NOT_FALSE_CLEAN,True,79,77,77,13
design,design_dirty_133,contaminated,0.075,>5%,edge_blob,1,connected_component,UNKNOWN,global_pass_fraction,NOT_FALSE_CLEAN,True,79,77,77,13
design,design_dirty_133,contaminated,0.075,>5%,edge_blob,1,max_local_density,UNKNOWN,global_pass_fraction,NOT_FALSE_CLEAN,True,79,77,77,13
design,design_dirty_133,contaminated,0.075,>5%,edge_blob,1,edge_aware,UNKNOWN,global_pass_fraction,NOT_FALSE_CLEAN,True,79,77,77,13
design,design_dirty_133,contaminated,0.075,>5%,edge_blob,1,aggressive,UNKNOWN,global_pass_fraction,NOT_FALSE_CLEAN,True,79,77,77,13
design,design_dirty_133,contaminated,0.075,>5%,edge_blob,1,balanced,UNKNOWN,global_pass_fraction,NOT_FALSE_CLEAN,True,79,77,77,13
design,design_dirty_133,contaminated,0.075,>5%,edge_blob,1,conservative,UNKNOWN,global_pass_fraction,NOT_FALSE_CLEAN,True,79,77,77,13
design,design_dirty_134,contaminated,0.075,>5%,corner_blob,0,global_baseline,UNKNOWN,global_pass_fraction,NOT_FALSE_CLEAN,True,77,77,77,10
design,design_dirty_134,contaminated,0.075,>5%,corner_blob,0,tile,UNKNOWN,global_pass_fraction,NOT_FALSE_CLEAN,True,77,77,77,10
design,design_dirty_134,contaminated,0.075,>5%,corner_blob,0,multiscale,UNKNOWN,global_pass_fraction,NOT_FALSE_CLEAN,True,77,77,77,10
design,design_dirty_134,contaminated,0.075,>5%,corner_blob,0,connected_component,UNKNOWN,global_pass_fraction,NOT_FALSE_CLEAN,True,77,77,77,10
design,design_dirty_134,contaminated,0.075,>5%,corner_blob,0,max_local_density,UNKNOWN,global_pass_fraction,NOT_FALSE_CLEAN,True,77,77,77,10
design,design_dirty_134,contaminated,0.075,>5%,corner_blob,0,edge_aware,UNKNOWN,global_pass_fraction,NOT_FALSE_CLEAN,True,77,77,77,10
design,design_dirty_134,contaminated,0.075,>5%,corner_blob,0,aggressive,UNKNOWN,global_pass_fraction,NOT_FALSE_CLEAN,True,77,77,77,10
design,design_dirty_134,contaminated,0.075,>5%,corner_blob,0,balanced,UNKNOWN,global_pass_fraction,NOT_FALSE_CLEAN,True,77,77,77,10
design,design_dirty_134,contaminated,0.075,>5%,corner_blob,0,conservative,UNKNOWN,global_pass_fraction,NOT_FALSE_CLEAN,True,77,77,77,10
design,design_dirty_135,contaminated,0.075,>5%,corner_blob,1,global_baseline,UNKNOWN,global_pass_fraction,NOT_FALSE_CLEAN,True,78,77,77,10
design,design_dirty_135,contaminated,0.075,>5%,corner_blob,1,tile,UNKNOWN,global_pass_fraction,NOT_FALSE_CLEAN,True,78,77,77,10
design,design_dirty_135,contaminated,0.075,>5%,corner_blob,1,multiscale,UNKNOWN,global_pass_fraction,NOT_FALSE_CLEAN,True,78,77,77,10
design,design_dirty_135,contaminated,0.075,>5%,corner_blob,1,connected_component,UNKNOWN,global_pass_fraction,NOT_FALSE_CLEAN,True,78,77,77,10
design,design_dirty_135,contaminated,0.075,>5%,corner_blob,1,max_local_density,UNKNOWN,global_pass_fraction,NOT_FALSE_CLEAN,True,78,77,77,10
design,design_dirty_135,contaminated,0.075,>5%,corner_blob,1,edge_aware,UNKNOWN,global_pass_fraction,NOT_FALSE_CLEAN,True,78,77,77,10
design,design_dirty_135,contaminated,0.075,>5%,corner_blob,1,aggressive,UNKNOWN,global_pass_fraction,NOT_FALSE_CLEAN,True,78,77,77,10
design,design_dirty_135,contaminated,0.075,>5%,corner_blob,1,balanced,UNKNOWN,global_pass_fraction,NOT_FALSE_CLEAN,True,78,77,77,10
design,design_dirty_135,contaminated,0.075,>5%,corner_blob,1,conservative,UNKNOWN,global_pass_fraction,NOT_FALSE_CLEAN,True,78,77,77,10
design,design_dirty_136,contaminated,0.075,>5%,multiple_droplets,0,global_baseline,UNKNOWN,global_pass_fraction,NOT_FALSE_CLEAN,True,78,77,36,8
design,design_dirty_136,contaminated,0.075,>5%,multiple_droplets,0,tile,UNKNOWN,global_pass_fraction,NOT_FALSE_CLEAN,True,78,77,36,8
design,design_dirty_136,contaminated,0.075,>5%,multiple_droplets,0,multiscale,UNKNOWN,global_pass_fraction,NOT_FALSE_CLEAN,True,78,77,36,8
design,design_dirty_136,contaminated,0.075,>5%,multiple_droplets,0,connected_component,UNKNOWN,global_pass_fraction,NOT_FALSE_CLEAN,True,78,77,36,8
design,design_dirty_136,contaminated,0.075,>5%,multiple_droplets,0,max_local_density,UNKNOWN,global_pass_fraction,NOT_FALSE_CLEAN,True,78,77,36,8
design,design_dirty_136,contaminated,0.075,>5%,multiple_droplets,0,edge_aware,UNKNOWN,global_pass_fraction,NOT_FALSE_CLEAN,True,78,77,36,8
design,design_dirty_136,contaminated,0.075,>5%,multiple_droplets,0,aggressive,UNKNOWN,global_pass_fraction,NOT_FALSE_CLEAN,True,78,77,36,8
design,design_dirty_136,contaminated,0.075,>5%,multiple_droplets,0,balanced,UNKNOWN,global_pass_fraction,NOT_FALSE_CLEAN,True,78,77,36,8
design,design_dirty_136,contaminated,0.075,>5%,multiple_droplets,0,conservative,UNKNOWN,global_pass_fraction,NOT_FALSE_CLEAN,True,78,77,36,8
design,design_dirty_137,contaminated,0.075,>5%,multiple_droplets,1,global_baseline,UNKNOWN,global_pass_fraction,NOT_FALSE_CLEAN,True,77,77,77,12
design,design_dirty_137,contaminated,0.075,>5%,multiple_droplets,1,tile,UNKNOWN,global_pass_fraction,NOT_FALSE_CLEAN,True,77,77,77,12
design,design_dirty_137,contaminated,0.075,>5%,multiple_droplets,1,multiscale,UNKNOWN,global_pass_fraction,NOT_FALSE_CLEAN,True,77,77,77,12
design,design_dirty_137,contaminated,0.075,>5%,multiple_droplets,1,connected_component,UNKNOWN,global_pass_fraction,NOT_FALSE_CLEAN,True,77,77,77,12
design,design_dirty_137,contaminated,0.075,>5%,multiple_droplets,1,max_local_density,UNKNOWN,global_pass_fraction,NOT_FALSE_CLEAN,True,77,77,77,12
design,design_dirty_137,contaminated,0.075,>5%,multiple_droplets,1,edge_aware,UNKNOWN,global_pass_fraction,NOT_FALSE_CLEAN,True,77,77,77,12
design,design_dirty_137,contaminated,0.075,>5%,multiple_droplets,1,aggressive,UNKNOWN,global_pass_fraction,NOT_FALSE_CLEAN,True,77,77,77,12
design,design_dirty_137,contaminated,0.075,>5%,multiple_droplets,1,balanced,UNKNOWN,global_pass_fraction,NOT_FALSE_CLEAN,True,77,77,77,12
design,design_dirty_137,contaminated,0.075,>5%,multiple_droplets,1,conservative,UNKNOWN,global_pass_fraction,NOT_FALSE_CLEAN,True,77,77,77,12
design,design_dirty_138,contaminated,0.075,>5%,dispersed_sparse,0,global_baseline,UNKNOWN,global_pass_fraction,NOT_FALSE_CLEAN,True,79,77,5,4
design,design_dirty_138,contaminated,0.075,>5%,dispersed_sparse,0,tile,UNKNOWN,global_pass_fraction,NOT_FALSE_CLEAN,True,79,77,5,4
design,design_dirty_138,contaminated,0.075,>5%,dispersed_sparse,0,multiscale,UNKNOWN,global_pass_fraction,NOT_FALSE_CLEAN,True,79,77,5,4
design,design_dirty_138,contaminated,0.075,>5%,dispersed_sparse,0,connected_component,UNKNOWN,global_pass_fraction,NOT_FALSE_CLEAN,True,79,77,5,4
design,design_dirty_138,contaminated,0.075,>5%,dispersed_sparse,0,max_local_density,UNKNOWN,global_pass_fraction,NOT_FALSE_CLEAN,True,79,77,5,4
design,design_dirty_138,contaminated,0.075,>5%,dispersed_sparse,0,edge_aware,UNKNOWN,global_pass_fraction,NOT_FALSE_CLEAN,True,79,77,5,4
design,design_dirty_138,contaminated,0.075,>5%,dispersed_sparse,0,aggressive,UNKNOWN,global_pass_fraction,NOT_FALSE_CLEAN,True,79,77,5,4
design,design_dirty_138,contaminated,0.075,>5%,dispersed_sparse,0,balanced,UNKNOWN,global_pass_fraction,NOT_FALSE_CLEAN,True,79,77,5,4
design,design_dirty_138,contaminated,0.075,>5%,dispersed_sparse,0,conservative,UNKNOWN,global_pass_fraction,NOT_FALSE_CLEAN,True,79,77,5,4
design,design_dirty_139,contaminated,0.075,>5%,dispersed_sparse,1,global_baseline,UNKNOWN,global_pass_fraction,NOT_FALSE_CLEAN,True,77,77,6,5
design,design_dirty_139,contaminated,0.075,>5%,dispersed_sparse,1,tile,UNKNOWN,global_pass_fraction,NOT_FALSE_CLEAN,True,77,77,6,5
design,design_dirty_139,contaminated,0.075,>5%,dispersed_sparse,1,multiscale,UNKNOWN,global_pass_fraction,NOT_FALSE_CLEAN,True,77,77,6,5
design,design_dirty_139,contaminated,0.075,>5%,dispersed_sparse,1,connected_component,UNKNOWN,global_pass_fraction,NOT_FALSE_CLEAN,True,77,77,6,5
design,design_dirty_139,contaminated,0.075,>5%,dispersed_sparse,1,max_local_density,UNKNOWN,global_pass_fraction,NOT_FALSE_CLEAN,True,77,77,6,5
design,design_dirty_139,contaminated,0.075,>5%,dispersed_sparse,1,edge_aware,UNKNOWN,global_pass_fraction,NOT_FALSE_CLEAN,True,77,77,6,5
design,design_dirty_139,contaminated,0.075,>5%,dispersed_sparse,1,aggressive,UNKNOWN,global_pass_fraction,NOT_FALSE_CLEAN,True,77,77,6,5
design,design_dirty_139,contaminated,0.075,>5%,dispersed_sparse,1,balanced,UNKNOWN,global_pass_fraction,NOT_FALSE_CLEAN,True,77,77,6,5
design,design_dirty_139,contaminated,0.075,>5%,dispersed_sparse,1,conservative,UNKNOWN,global_pass_fraction,NOT_FALSE_CLEAN,True,77,77,6,5
design,design_dirty_140,contaminated,0.075,>5%,psf_blurred,0,global_baseline,FLAG,pixel_flag,NOT_FALSE_CLEAN,True,143,78,-1,-1
design,design_dirty_140,contaminated,0.075,>5%,psf_blurred,0,tile,FLAG,pixel_flag,NOT_FALSE_CLEAN,True,143,78,-1,-1
design,design_dirty_140,contaminated,0.075,>5%,psf_blurred,0,multiscale,FLAG,pixel_flag,NOT_FALSE_CLEAN,True,143,78,-1,-1
design,design_dirty_140,contaminated,0.075,>5%,psf_blurred,0,connected_component,FLAG,pixel_flag,NOT_FALSE_CLEAN,True,143,78,-1,-1
design,design_dirty_140,contaminated,0.075,>5%,psf_blurred,0,max_local_density,FLAG,pixel_flag,NOT_FALSE_CLEAN,True,143,78,-1,-1
design,design_dirty_140,contaminated,0.075,>5%,psf_blurred,0,edge_aware,FLAG,pixel_flag,NOT_FALSE_CLEAN,True,143,78,-1,-1
design,design_dirty_140,contaminated,0.075,>5%,psf_blurred,0,aggressive,FLAG,pixel_flag,NOT_FALSE_CLEAN,True,143,78,-1,-1
design,design_dirty_140,contaminated,0.075,>5%,psf_blurred,0,balanced,FLAG,pixel_flag,NOT_FALSE_CLEAN,True,143,78,-1,-1
design,design_dirty_140,contaminated,0.075,>5%,psf_blurred,0,conservative,FLAG,pixel_flag,NOT_FALSE_CLEAN,True,143,78,-1,-1
design,design_dirty_141,contaminated,0.075,>5%,psf_blurred,1,global_baseline,FLAG,pixel_flag,NOT_FALSE_CLEAN,True,141,79,-1,-1
design,design_dirty_141,contaminated,0.075,>5%,psf_blurred,1,tile,FLAG,pixel_flag,NOT_FALSE_CLEAN,True,141,79,-1,-1
design,design_dirty_141,contaminated,0.075,>5%,psf_blurred,1,multiscale,FLAG,pixel_flag,NOT_FALSE_CLEAN,True,141,79,-1,-1
design,design_dirty_141,contaminated,0.075,>5%,psf_blurred,1,connected_component,FLAG,pixel_flag,NOT_FALSE_CLEAN,True,141,79,-1,-1
design,design_dirty_141,contaminated,0.075,>5%,psf_blurred,1,max_local_density,FLAG,pixel_flag,NOT_FALSE_CLEAN,True,141,79,-1,-1
design,design_dirty_141,contaminated,0.075,>5%,psf_blurred,1,edge_aware,FLAG,pixel_flag,NOT_FALSE_CLEAN,True,141,79,-1,-1
design,design_dirty_141,contaminated,0.075,>5%,psf_blurred,1,aggressive,FLAG,pixel_flag,NOT_FALSE_CLEAN,True,141,79,-1,-1
design,design_dirty_141,contaminated,0.075,>5%,psf_blurred,1,balanced,FLAG,pixel_flag,NOT_FALSE_CLEAN,True,141,79,-1,-1
design,design_dirty_141,contaminated,0.075,>5%,psf_blurred,1,conservative,FLAG,pixel_flag,NOT_FALSE_CLEAN,True,141,79,-1,-1
design,design_dirty_142,contaminated,0.075,>5%,registration_shifted,0,global_baseline,UNKNOWN,global_pass_fraction,NOT_FALSE_CLEAN,True,80,78,79,10
design,design_dirty_142,contaminated,0.075,>5%,registration_shifted,0,tile,UNKNOWN,global_pass_fraction,NOT_FALSE_CLEAN,True,80,78,79,10
design,design_dirty_142,contaminated,0.075,>5%,registration_shifted,0,multiscale,UNKNOWN,global_pass_fraction,NOT_FALSE_CLEAN,True,80,78,79,10
design,design_dirty_142,contaminated,0.075,>5%,registration_shifted,0,connected_component,UNKNOWN,global_pass_fraction,NOT_FALSE_CLEAN,True,80,78,79,10
design,design_dirty_142,contaminated,0.075,>5%,registration_shifted,0,max_local_density,UNKNOWN,global_pass_fraction,NOT_FALSE_CLEAN,True,80,78,79,10
design,design_dirty_142,contaminated,0.075,>5%,registration_shifted,0,edge_aware,UNKNOWN,global_pass_fraction,NOT_FALSE_CLEAN,True,80,78,79,10
design,design_dirty_142,contaminated,0.075,>5%,registration_shifted,0,aggressive,UNKNOWN,global_pass_fraction,NOT_FALSE_CLEAN,True,80,78,79,10
design,design_dirty_142,contaminated,0.075,>5%,registration_shifted,0,balanced,UNKNOWN,global_pass_fraction,NOT_FALSE_CLEAN,True,80,78,79,10
design,design_dirty_142,contaminated,0.075,>5%,registration_shifted,0,conservative,UNKNOWN,global_pass_fraction,NOT_FALSE_CLEAN,True,80,78,79,10
design,design_dirty_143,contaminated,0.075,>5%,registration_shifted,1,global_baseline,UNKNOWN,global_pass_fraction,NOT_FALSE_CLEAN,True,78,77,77,10
design,design_dirty_143,contaminated,0.075,>5%,registration_shifted,1,tile,UNKNOWN,global_pass_fraction,NOT_FALSE_CLEAN,True,78,77,77,10
design,design_dirty_143,contaminated,0.075,>5%,registration_shifted,1,multiscale,UNKNOWN,global_pass_fraction,NOT_FALSE_CLEAN,True,78,77,77,10
design,design_dirty_143,contaminated,0.075,>5%,registration_shifted,1,connected_component,UNKNOWN,global_pass_fraction,NOT_FALSE_CLEAN,True,78,77,77,10
design,design_dirty_143,contaminated,0.075,>5%,registration_shifted,1,max_local_density,UNKNOWN,global_pass_fraction,NOT_FALSE_CLEAN,True,78,77,77,10
design,design_dirty_143,contaminated,0.075,>5%,registration_shifted,1,edge_aware,UNKNOWN,global_pass_fraction,NOT_FALSE_CLEAN,True,78,77,77,10
design,design_dirty_143,contaminated,0.075,>5%,registration_shifted,1,aggressive,UNKNOWN,global_pass_fraction,NOT_FALSE_CLEAN,True,78,77,77,10
design,design_dirty_143,contaminated,0.075,>5%,registration_shifted,1,balanced,UNKNOWN,global_pass_fraction,NOT_FALSE_CLEAN,True,78,77,77,10
design,design_dirty_143,contaminated,0.075,>5%,registration_shifted,1,conservative,UNKNOWN,global_pass_fraction,NOT_FALSE_CLEAN,True,78,77,77,10
design,design_dirty_144,contaminated,0.1,>5%,compact_blob,0,global_baseline,FLAG,pixel_flag,NOT_FALSE_CLEAN,True,102,102,-1,-1
design,design_dirty_144,contaminated,0.1,>5%,compact_blob,0,tile,FLAG,pixel_flag,NOT_FALSE_CLEAN,True,102,102,-1,-1
design,design_dirty_144,contaminated,0.1,>5%,compact_blob,0,multiscale,FLAG,pixel_flag,NOT_FALSE_CLEAN,True,102,102,-1,-1
design,design_dirty_144,contaminated,0.1,>5%,compact_blob,0,connected_component,FLAG,pixel_flag,NOT_FALSE_CLEAN,True,102,102,-1,-1
design,design_dirty_144,contaminated,0.1,>5%,compact_blob,0,max_local_density,FLAG,pixel_flag,NOT_FALSE_CLEAN,True,102,102,-1,-1
design,design_dirty_144,contaminated,0.1,>5%,compact_blob,0,edge_aware,FLAG,pixel_flag,NOT_FALSE_CLEAN,True,102,102,-1,-1
design,design_dirty_144,contaminated,0.1,>5%,compact_blob,0,aggressive,FLAG,pixel_flag,NOT_FALSE_CLEAN,True,102,102,-1,-1
design,design_dirty_144,contaminated,0.1,>5%,compact_blob,0,balanced,FLAG,pixel_flag,NOT_FALSE_CLEAN,True,102,102,-1,-1
design,design_dirty_144,contaminated,0.1,>5%,compact_blob,0,conservative,FLAG,pixel_flag,NOT_FALSE_CLEAN,True,102,102,-1,-1
design,design_dirty_145,contaminated,0.1,>5%,compact_blob,1,global_baseline,UNKNOWN,global_pass_fraction,NOT_FALSE_CLEAN,True,102,102,102,11
design,design_dirty_145,contaminated,0.1,>5%,compact_blob,1,tile,UNKNOWN,global_pass_fraction,NOT_FALSE_CLEAN,True,102,102,102,11
design,design_dirty_145,contaminated,0.1,>5%,compact_blob,1,multiscale,UNKNOWN,global_pass_fraction,NOT_FALSE_CLEAN,True,102,102,102,11
design,design_dirty_145,contaminated,0.1,>5%,compact_blob,1,connected_component,UNKNOWN,global_pass_fraction,NOT_FALSE_CLEAN,True,102,102,102,11
design,design_dirty_145,contaminated,0.1,>5%,compact_blob,1,max_local_density,UNKNOWN,global_pass_fraction,NOT_FALSE_CLEAN,True,102,102,102,11
design,design_dirty_145,contaminated,0.1,>5%,compact_blob,1,edge_aware,UNKNOWN,global_pass_fraction,NOT_FALSE_CLEAN,True,102,102,102,11
design,design_dirty_145,contaminated,0.1,>5%,compact_blob,1,aggressive,UNKNOWN,global_pass_fraction,NOT_FALSE_CLEAN,True,102,102,102,11
design,design_dirty_145,contaminated,0.1,>5%,compact_blob,1,balanced,UNKNOWN,global_pass_fraction,NOT_FALSE_CLEAN,True,102,102,102,11
design,design_dirty_145,contaminated,0.1,>5%,compact_blob,1,conservative,UNKNOWN,global_pass_fraction,NOT_FALSE_CLEAN,True,102,102,102,11
design,design_dirty_146,contaminated,0.1,>5%,elongated_streak,0,global_baseline,FLAG,pixel_flag,NOT_FALSE_CLEAN,True,103,102,-1,-1
design,design_dirty_146,contaminated,0.1,>5%,elongated_streak,0,tile,FLAG,pixel_flag,NOT_FALSE_CLEAN,True,103,102,-1,-1
design,design_dirty_146,contaminated,0.1,>5%,elongated_streak,0,multiscale,FLAG,pixel_flag,NOT_FALSE_CLEAN,True,103,102,-1,-1
design,design_dirty_146,contaminated,0.1,>5%,elongated_streak,0,connected_component,FLAG,pixel_flag,NOT_FALSE_CLEAN,True,103,102,-1,-1
design,design_dirty_146,contaminated,0.1,>5%,elongated_streak,0,max_local_density,FLAG,pixel_flag,NOT_FALSE_CLEAN,True,103,102,-1,-1
design,design_dirty_146,contaminated,0.1,>5%,elongated_streak,0,edge_aware,FLAG,pixel_flag,NOT_FALSE_CLEAN,True,103,102,-1,-1
design,design_dirty_146,contaminated,0.1,>5%,elongated_streak,0,aggressive,FLAG,pixel_flag,NOT_FALSE_CLEAN,True,103,102,-1,-1
design,design_dirty_146,contaminated,0.1,>5%,elongated_streak,0,balanced,FLAG,pixel_flag,NOT_FALSE_CLEAN,True,103,102,-1,-1
design,design_dirty_146,contaminated,0.1,>5%,elongated_streak,0,conservative,FLAG,pixel_flag,NOT_FALSE_CLEAN,True,103,102,-1,-1
design,design_dirty_147,contaminated,0.1,>5%,elongated_streak,1,global_baseline,UNKNOWN,global_pass_fraction,NOT_FALSE_CLEAN,True,103,102,102,32
design,design_dirty_147,contaminated,0.1,>5%,elongated_streak,1,tile,UNKNOWN,global_pass_fraction,NOT_FALSE_CLEAN,True,103,102,102,32
design,design_dirty_147,contaminated,0.1,>5%,elongated_streak,1,multiscale,UNKNOWN,global_pass_fraction,NOT_FALSE_CLEAN,True,103,102,102,32
design,design_dirty_147,contaminated,0.1,>5%,elongated_streak,1,connected_component,UNKNOWN,global_pass_fraction,NOT_FALSE_CLEAN,True,103,102,102,32
design,design_dirty_147,contaminated,0.1,>5%,elongated_streak,1,max_local_density,UNKNOWN,global_pass_fraction,NOT_FALSE_CLEAN,True,103,102,102,32
design,design_dirty_147,contaminated,0.1,>5%,elongated_streak,1,edge_aware,UNKNOWN,global_pass_fraction,NOT_FALSE_CLEAN,True,103,102,102,32
design,design_dirty_147,contaminated,0.1,>5%,elongated_streak,1,aggressive,UNKNOWN,global_pass_fraction,NOT_FALSE_CLEAN,True,103,102,102,32
design,design_dirty_147,contaminated,0.1,>5%,elongated_streak,1,balanced,UNKNOWN,global_pass_fraction,NOT_FALSE_CLEAN,True,103,102,102,32
design,design_dirty_147,contaminated,0.1,>5%,elongated_streak,1,conservative,UNKNOWN,global_pass_fraction,NOT_FALSE_CLEAN,True,103,102,102,32
design,design_dirty_148,contaminated,0.1,>5%,edge_blob,0,global_baseline,FLAG,pixel_flag,NOT_FALSE_CLEAN,True,102,102,-1,-1
design,design_dirty_148,contaminated,0.1,>5%,edge_blob,0,tile,FLAG,pixel_flag,NOT_FALSE_CLEAN,True,102,102,-1,-1
design,design_dirty_148,contaminated,0.1,>5%,edge_blob,0,multiscale,FLAG,pixel_flag,NOT_FALSE_CLEAN,True,102,102,-1,-1
design,design_dirty_148,contaminated,0.1,>5%,edge_blob,0,connected_component,FLAG,pixel_flag,NOT_FALSE_CLEAN,True,102,102,-1,-1
design,design_dirty_148,contaminated,0.1,>5%,edge_blob,0,max_local_density,FLAG,pixel_flag,NOT_FALSE_CLEAN,True,102,102,-1,-1
design,design_dirty_148,contaminated,0.1,>5%,edge_blob,0,edge_aware,FLAG,pixel_flag,NOT_FALSE_CLEAN,True,102,102,-1,-1
design,design_dirty_148,contaminated,0.1,>5%,edge_blob,0,aggressive,FLAG,pixel_flag,NOT_FALSE_CLEAN,True,102,102,-1,-1
design,design_dirty_148,contaminated,0.1,>5%,edge_blob,0,balanced,FLAG,pixel_flag,NOT_FALSE_CLEAN,True,102,102,-1,-1
design,design_dirty_148,contaminated,0.1,>5%,edge_blob,0,conservative,FLAG,pixel_flag,NOT_FALSE_CLEAN,True,102,102,-1,-1
design,design_dirty_149,contaminated,0.1,>5%,edge_blob,1,global_baseline,FLAG,pixel_flag,NOT_FALSE_CLEAN,True,104,102,-1,-1
design,design_dirty_149,contaminated,0.1,>5%,edge_blob,1,tile,FLAG,pixel_flag,NOT_FALSE_CLEAN,True,104,102,-1,-1
design,design_dirty_149,contaminated,0.1,>5%,edge_blob,1,multiscale,FLAG,pixel_flag,NOT_FALSE_CLEAN,True,104,102,-1,-1
design,design_dirty_149,contaminated,0.1,>5%,edge_blob,1,connected_component,FLAG,pixel_flag,NOT_FALSE_CLEAN,True,104,102,-1,-1
design,design_dirty_149,contaminated,0.1,>5%,edge_blob,1,max_local_density,FLAG,pixel_flag,NOT_FALSE_CLEAN,True,104,102,-1,-1
design,design_dirty_149,contaminated,0.1,>5%,edge_blob,1,edge_aware,FLAG,pixel_flag,NOT_FALSE_CLEAN,True,104,102,-1,-1
design,design_dirty_149,contaminated,0.1,>5%,edge_blob,1,aggressive,FLAG,pixel_flag,NOT_FALSE_CLEAN,True,104,102,-1,-1
design,design_dirty_149,contaminated,0.1,>5%,edge_blob,1,balanced,FLAG,pixel_flag,NOT_FALSE_CLEAN,True,104,102,-1,-1
design,design_dirty_149,contaminated,0.1,>5%,edge_blob,1,conservative,FLAG,pixel_flag,NOT_FALSE_CLEAN,True,104,102,-1,-1
design,design_dirty_150,contaminated,0.1,>5%,corner_blob,0,global_baseline,FLAG,pixel_flag,NOT_FALSE_CLEAN,True,102,102,-1,-1
design,design_dirty_150,contaminated,0.1,>5%,corner_blob,0,tile,FLAG,pixel_flag,NOT_FALSE_CLEAN,True,102,102,-1,-1
design,design_dirty_150,contaminated,0.1,>5%,corner_blob,0,multiscale,FLAG,pixel_flag,NOT_FALSE_CLEAN,True,102,102,-1,-1
design,design_dirty_150,contaminated,0.1,>5%,corner_blob,0,connected_component,FLAG,pixel_flag,NOT_FALSE_CLEAN,True,102,102,-1,-1
design,design_dirty_150,contaminated,0.1,>5%,corner_blob,0,max_local_density,FLAG,pixel_flag,NOT_FALSE_CLEAN,True,102,102,-1,-1
design,design_dirty_150,contaminated,0.1,>5%,corner_blob,0,edge_aware,FLAG,pixel_flag,NOT_FALSE_CLEAN,True,102,102,-1,-1
design,design_dirty_150,contaminated,0.1,>5%,corner_blob,0,aggressive,FLAG,pixel_flag,NOT_FALSE_CLEAN,True,102,102,-1,-1
design,design_dirty_150,contaminated,0.1,>5%,corner_blob,0,balanced,FLAG,pixel_flag,NOT_FALSE_CLEAN,True,102,102,-1,-1
design,design_dirty_150,contaminated,0.1,>5%,corner_blob,0,conservative,FLAG,pixel_flag,NOT_FALSE_CLEAN,True,102,102,-1,-1
design,design_dirty_151,contaminated,0.1,>5%,corner_blob,1,global_baseline,UNKNOWN,global_pass_fraction,NOT_FALSE_CLEAN,True,102,102,102,11
design,design_dirty_151,contaminated,0.1,>5%,corner_blob,1,tile,UNKNOWN,global_pass_fraction,NOT_FALSE_CLEAN,True,102,102,102,11
design,design_dirty_151,contaminated,0.1,>5%,corner_blob,1,multiscale,UNKNOWN,global_pass_fraction,NOT_FALSE_CLEAN,True,102,102,102,11
design,design_dirty_151,contaminated,0.1,>5%,corner_blob,1,connected_component,UNKNOWN,global_pass_fraction,NOT_FALSE_CLEAN,True,102,102,102,11
design,design_dirty_151,contaminated,0.1,>5%,corner_blob,1,max_local_density,UNKNOWN,global_pass_fraction,NOT_FALSE_CLEAN,True,102,102,102,11
design,design_dirty_151,contaminated,0.1,>5%,corner_blob,1,edge_aware,UNKNOWN,global_pass_fraction,NOT_FALSE_CLEAN,True,102,102,102,11
design,design_dirty_151,contaminated,0.1,>5%,corner_blob,1,aggressive,UNKNOWN,global_pass_fraction,NOT_FALSE_CLEAN,True,102,102,102,11
design,design_dirty_151,contaminated,0.1,>5%,corner_blob,1,balanced,UNKNOWN,global_pass_fraction,NOT_FALSE_CLEAN,True,102,102,102,11
design,design_dirty_151,contaminated,0.1,>5%,corner_blob,1,conservative,UNKNOWN,global_pass_fraction,NOT_FALSE_CLEAN,True,102,102,102,11
design,design_dirty_152,contaminated,0.1,>5%,multiple_droplets,0,global_baseline,FLAG,pixel_flag,NOT_FALSE_CLEAN,True,103,102,-1,-1
design,design_dirty_152,contaminated,0.1,>5%,multiple_droplets,0,tile,FLAG,pixel_flag,NOT_FALSE_CLEAN,True,103,102,-1,-1
design,design_dirty_152,contaminated,0.1,>5%,multiple_droplets,0,multiscale,FLAG,pixel_flag,NOT_FALSE_CLEAN,True,103,102,-1,-1
design,design_dirty_152,contaminated,0.1,>5%,multiple_droplets,0,connected_component,FLAG,pixel_flag,NOT_FALSE_CLEAN,True,103,102,-1,-1
design,design_dirty_152,contaminated,0.1,>5%,multiple_droplets,0,max_local_density,FLAG,pixel_flag,NOT_FALSE_CLEAN,True,103,102,-1,-1
design,design_dirty_152,contaminated,0.1,>5%,multiple_droplets,0,edge_aware,FLAG,pixel_flag,NOT_FALSE_CLEAN,True,103,102,-1,-1
design,design_dirty_152,contaminated,0.1,>5%,multiple_droplets,0,aggressive,FLAG,pixel_flag,NOT_FALSE_CLEAN,True,103,102,-1,-1
design,design_dirty_152,contaminated,0.1,>5%,multiple_droplets,0,balanced,FLAG,pixel_flag,NOT_FALSE_CLEAN,True,103,102,-1,-1
design,design_dirty_152,contaminated,0.1,>5%,multiple_droplets,0,conservative,FLAG,pixel_flag,NOT_FALSE_CLEAN,True,103,102,-1,-1
design,design_dirty_153,contaminated,0.1,>5%,multiple_droplets,1,global_baseline,UNKNOWN,global_pass_fraction,NOT_FALSE_CLEAN,True,102,102,28,6
design,design_dirty_153,contaminated,0.1,>5%,multiple_droplets,1,tile,UNKNOWN,global_pass_fraction,NOT_FALSE_CLEAN,True,102,102,28,6
design,design_dirty_153,contaminated,0.1,>5%,multiple_droplets,1,multiscale,UNKNOWN,global_pass_fraction,NOT_FALSE_CLEAN,True,102,102,28,6
design,design_dirty_153,contaminated,0.1,>5%,multiple_droplets,1,connected_component,UNKNOWN,global_pass_fraction,NOT_FALSE_CLEAN,True,102,102,28,6
design,design_dirty_153,contaminated,0.1,>5%,multiple_droplets,1,max_local_density,UNKNOWN,global_pass_fraction,NOT_FALSE_CLEAN,True,102,102,28,6
design,design_dirty_153,contaminated,0.1,>5%,multiple_droplets,1,edge_aware,UNKNOWN,global_pass_fraction,NOT_FALSE_CLEAN,True,102,102,28,6
design,design_dirty_153,contaminated,0.1,>5%,multiple_droplets,1,aggressive,UNKNOWN,global_pass_fraction,NOT_FALSE_CLEAN,True,102,102,28,6
design,design_dirty_153,contaminated,0.1,>5%,multiple_droplets,1,balanced,UNKNOWN,global_pass_fraction,NOT_FALSE_CLEAN,True,102,102,28,6
design,design_dirty_153,contaminated,0.1,>5%,multiple_droplets,1,conservative,UNKNOWN,global_pass_fraction,NOT_FALSE_CLEAN,True,102,102,28,6
design,design_dirty_154,contaminated,0.1,>5%,dispersed_sparse,0,global_baseline,UNKNOWN,global_pass_fraction,NOT_FALSE_CLEAN,True,103,102,9,6
design,design_dirty_154,contaminated,0.1,>5%,dispersed_sparse,0,tile,UNKNOWN,global_pass_fraction,NOT_FALSE_CLEAN,True,103,102,9,6
design,design_dirty_154,contaminated,0.1,>5%,dispersed_sparse,0,multiscale,UNKNOWN,global_pass_fraction,NOT_FALSE_CLEAN,True,103,102,9,6
design,design_dirty_154,contaminated,0.1,>5%,dispersed_sparse,0,connected_component,UNKNOWN,global_pass_fraction,NOT_FALSE_CLEAN,True,103,102,9,6
design,design_dirty_154,contaminated,0.1,>5%,dispersed_sparse,0,max_local_density,UNKNOWN,global_pass_fraction,NOT_FALSE_CLEAN,True,103,102,9,6
design,design_dirty_154,contaminated,0.1,>5%,dispersed_sparse,0,edge_aware,UNKNOWN,global_pass_fraction,NOT_FALSE_CLEAN,True,103,102,9,6
design,design_dirty_154,contaminated,0.1,>5%,dispersed_sparse,0,aggressive,UNKNOWN,global_pass_fraction,NOT_FALSE_CLEAN,True,103,102,9,6
design,design_dirty_154,contaminated,0.1,>5%,dispersed_sparse,0,balanced,UNKNOWN,global_pass_fraction,NOT_FALSE_CLEAN,True,103,102,9,6
design,design_dirty_154,contaminated,0.1,>5%,dispersed_sparse,0,conservative,UNKNOWN,global_pass_fraction,NOT_FALSE_CLEAN,True,103,102,9,6
design,design_dirty_155,contaminated,0.1,>5%,dispersed_sparse,1,global_baseline,FLAG,pixel_flag,NOT_FALSE_CLEAN,True,102,102,-1,-1
design,design_dirty_155,contaminated,0.1,>5%,dispersed_sparse,1,tile,FLAG,pixel_flag,NOT_FALSE_CLEAN,True,102,102,-1,-1
design,design_dirty_155,contaminated,0.1,>5%,dispersed_sparse,1,multiscale,FLAG,pixel_flag,NOT_FALSE_CLEAN,True,102,102,-1,-1
design,design_dirty_155,contaminated,0.1,>5%,dispersed_sparse,1,connected_component,FLAG,pixel_flag,NOT_FALSE_CLEAN,True,102,102,-1,-1
design,design_dirty_155,contaminated,0.1,>5%,dispersed_sparse,1,max_local_density,FLAG,pixel_flag,NOT_FALSE_CLEAN,True,102,102,-1,-1
design,design_dirty_155,contaminated,0.1,>5%,dispersed_sparse,1,edge_aware,FLAG,pixel_flag,NOT_FALSE_CLEAN,True,102,102,-1,-1
design,design_dirty_155,contaminated,0.1,>5%,dispersed_sparse,1,aggressive,FLAG,pixel_flag,NOT_FALSE_CLEAN,True,102,102,-1,-1
design,design_dirty_155,contaminated,0.1,>5%,dispersed_sparse,1,balanced,FLAG,pixel_flag,NOT_FALSE_CLEAN,True,102,102,-1,-1
design,design_dirty_155,contaminated,0.1,>5%,dispersed_sparse,1,conservative,FLAG,pixel_flag,NOT_FALSE_CLEAN,True,102,102,-1,-1
design,design_dirty_156,contaminated,0.1,>5%,psf_blurred,0,global_baseline,UNKNOWN,global_pass_fraction,NOT_FALSE_CLEAN,True,146,103,144,14
design,design_dirty_156,contaminated,0.1,>5%,psf_blurred,0,tile,UNKNOWN,global_pass_fraction,NOT_FALSE_CLEAN,True,146,103,144,14
design,design_dirty_156,contaminated,0.1,>5%,psf_blurred,0,multiscale,UNKNOWN,global_pass_fraction,NOT_FALSE_CLEAN,True,146,103,144,14
design,design_dirty_156,contaminated,0.1,>5%,psf_blurred,0,connected_component,UNKNOWN,global_pass_fraction,NOT_FALSE_CLEAN,True,146,103,144,14
design,design_dirty_156,contaminated,0.1,>5%,psf_blurred,0,max_local_density,UNKNOWN,global_pass_fraction,NOT_FALSE_CLEAN,True,146,103,144,14
design,design_dirty_156,contaminated,0.1,>5%,psf_blurred,0,edge_aware,UNKNOWN,global_pass_fraction,NOT_FALSE_CLEAN,True,146,103,144,14
design,design_dirty_156,contaminated,0.1,>5%,psf_blurred,0,aggressive,UNKNOWN,global_pass_fraction,NOT_FALSE_CLEAN,True,146,103,144,14
design,design_dirty_156,contaminated,0.1,>5%,psf_blurred,0,balanced,UNKNOWN,global_pass_fraction,NOT_FALSE_CLEAN,True,146,103,144,14
design,design_dirty_156,contaminated,0.1,>5%,psf_blurred,0,conservative,UNKNOWN,global_pass_fraction,NOT_FALSE_CLEAN,True,146,103,144,14
design,design_dirty_157,contaminated,0.1,>5%,psf_blurred,1,global_baseline,UNKNOWN,global_pass_fraction,NOT_FALSE_CLEAN,True,172,95,172,15
design,design_dirty_157,contaminated,0.1,>5%,psf_blurred,1,tile,UNKNOWN,global_pass_fraction,NOT_FALSE_CLEAN,True,172,95,172,15
design,design_dirty_157,contaminated,0.1,>5%,psf_blurred,1,multiscale,UNKNOWN,global_pass_fraction,NOT_FALSE_CLEAN,True,172,95,172,15
design,design_dirty_157,contaminated,0.1,>5%,psf_blurred,1,connected_component,UNKNOWN,global_pass_fraction,NOT_FALSE_CLEAN,True,172,95,172,15
design,design_dirty_157,contaminated,0.1,>5%,psf_blurred,1,max_local_density,UNKNOWN,global_pass_fraction,NOT_FALSE_CLEAN,True,172,95,172,15
design,design_dirty_157,contaminated,0.1,>5%,psf_blurred,1,edge_aware,UNKNOWN,global_pass_fraction,NOT_FALSE_CLEAN,True,172,95,172,15
design,design_dirty_157,contaminated,0.1,>5%,psf_blurred,1,aggressive,UNKNOWN,global_pass_fraction,NOT_FALSE_CLEAN,True,172,95,172,15
design,design_dirty_157,contaminated,0.1,>5%,psf_blurred,1,balanced,UNKNOWN,global_pass_fraction,NOT_FALSE_CLEAN,True,172,95,172,15
design,design_dirty_157,contaminated,0.1,>5%,psf_blurred,1,conservative,UNKNOWN,global_pass_fraction,NOT_FALSE_CLEAN,True,172,95,172,15
design,design_dirty_158,contaminated,0.1,>5%,registration_shifted,0,global_baseline,FLAG,pixel_flag,NOT_FALSE_CLEAN,True,104,102,-1,-1
design,design_dirty_158,contaminated,0.1,>5%,registration_shifted,0,tile,FLAG,pixel_flag,NOT_FALSE_CLEAN,True,104,102,-1,-1
design,design_dirty_158,contaminated,0.1,>5%,registration_shifted,0,multiscale,FLAG,pixel_flag,NOT_FALSE_CLEAN,True,104,102,-1,-1
design,design_dirty_158,contaminated,0.1,>5%,registration_shifted,0,connected_component,FLAG,pixel_flag,NOT_FALSE_CLEAN,True,104,102,-1,-1
design,design_dirty_158,contaminated,0.1,>5%,registration_shifted,0,max_local_density,FLAG,pixel_flag,NOT_FALSE_CLEAN,True,104,102,-1,-1
design,design_dirty_158,contaminated,0.1,>5%,registration_shifted,0,edge_aware,FLAG,pixel_flag,NOT_FALSE_CLEAN,True,104,102,-1,-1
design,design_dirty_158,contaminated,0.1,>5%,registration_shifted,0,aggressive,FLAG,pixel_flag,NOT_FALSE_CLEAN,True,104,102,-1,-1
design,design_dirty_158,contaminated,0.1,>5%,registration_shifted,0,balanced,FLAG,pixel_flag,NOT_FALSE_CLEAN,True,104,102,-1,-1
design,design_dirty_158,contaminated,0.1,>5%,registration_shifted,0,conservative,FLAG,pixel_flag,NOT_FALSE_CLEAN,True,104,102,-1,-1
design,design_dirty_159,contaminated,0.1,>5%,registration_shifted,1,global_baseline,UNKNOWN,global_pass_fraction,NOT_FALSE_CLEAN,True,104,103,103,12
design,design_dirty_159,contaminated,0.1,>5%,registration_shifted,1,tile,UNKNOWN,global_pass_fraction,NOT_FALSE_CLEAN,True,104,103,103,12
design,design_dirty_159,contaminated,0.1,>5%,registration_shifted,1,multiscale,UNKNOWN,global_pass_fraction,NOT_FALSE_CLEAN,True,104,103,103,12
design,design_dirty_159,contaminated,0.1,>5%,registration_shifted,1,connected_component,UNKNOWN,global_pass_fraction,NOT_FALSE_CLEAN,True,104,103,103,12
design,design_dirty_159,contaminated,0.1,>5%,registration_shifted,1,max_local_density,UNKNOWN,global_pass_fraction,NOT_FALSE_CLEAN,True,104,103,103,12
design,design_dirty_159,contaminated,0.1,>5%,registration_shifted,1,edge_aware,UNKNOWN,global_pass_fraction,NOT_FALSE_CLEAN,True,104,103,103,12
design,design_dirty_159,contaminated,0.1,>5%,registration_shifted,1,aggressive,UNKNOWN,global_pass_fraction,NOT_FALSE_CLEAN,True,104,103,103,12
design,design_dirty_159,contaminated,0.1,>5%,registration_shifted,1,balanced,UNKNOWN,global_pass_fraction,NOT_FALSE_CLEAN,True,104,103,103,12
design,design_dirty_159,contaminated,0.1,>5%,registration_shifted,1,conservative,UNKNOWN,global_pass_fraction,NOT_FALSE_CLEAN,True,104,103,103,12
design,design_clean_160,clean,0.0,clean,nominal,0,global_baseline,PASS,spatial_certificate,CLEAN_NUISANCE,False,0,1024,0,0
design,design_clean_160,clean,0.0,clean,nominal,0,tile,PASS,spatial_certificate,CLEAN_NUISANCE,False,0,1024,0,0
design,design_clean_160,clean,0.0,clean,nominal,0,multiscale,PASS,spatial_certificate,CLEAN_NUISANCE,False,0,1024,0,0
design,design_clean_160,clean,0.0,clean,nominal,0,connected_component,PASS,spatial_certificate,CLEAN_NUISANCE,False,0,1024,0,0
design,design_clean_160,clean,0.0,clean,nominal,0,max_local_density,PASS,spatial_certificate,CLEAN_NUISANCE,False,0,1024,0,0
design,design_clean_160,clean,0.0,clean,nominal,0,edge_aware,PASS,spatial_certificate,CLEAN_NUISANCE,False,0,1024,0,0
design,design_clean_160,clean,0.0,clean,nominal,0,aggressive,PASS,spatial_certificate,CLEAN_NUISANCE,False,0,1024,0,0
design,design_clean_160,clean,0.0,clean,nominal,0,balanced,PASS,spatial_certificate,CLEAN_NUISANCE,False,0,1024,0,0
design,design_clean_160,clean,0.0,clean,nominal,0,conservative,PASS,spatial_certificate,CLEAN_NUISANCE,False,0,1024,0,0
design,design_clean_161,clean,0.0,clean,nominal,1,global_baseline,PASS,spatial_certificate,CLEAN_NUISANCE,False,0,1024,0,0
design,design_clean_161,clean,0.0,clean,nominal,1,tile,PASS,spatial_certificate,CLEAN_NUISANCE,False,0,1024,0,0
design,design_clean_161,clean,0.0,clean,nominal,1,multiscale,PASS,spatial_certificate,CLEAN_NUISANCE,False,0,1024,0,0
design,design_clean_161,clean,0.0,clean,nominal,1,connected_component,PASS,spatial_certificate,CLEAN_NUISANCE,False,0,1024,0,0
design,design_clean_161,clean,0.0,clean,nominal,1,max_local_density,PASS,spatial_certificate,CLEAN_NUISANCE,False,0,1024,0,0
design,design_clean_161,clean,0.0,clean,nominal,1,edge_aware,PASS,spatial_certificate,CLEAN_NUISANCE,False,0,1024,0,0
design,design_clean_161,clean,0.0,clean,nominal,1,aggressive,PASS,spatial_certificate,CLEAN_NUISANCE,False,0,1024,0,0
design,design_clean_161,clean,0.0,clean,nominal,1,balanced,PASS,spatial_certificate,CLEAN_NUISANCE,False,0,1024,0,0
design,design_clean_161,clean,0.0,clean,nominal,1,conservative,PASS,spatial_certificate,CLEAN_NUISANCE,False,0,1024,0,0
design,design_clean_162,clean,0.0,clean,nominal,2,global_baseline,PASS,spatial_certificate,CLEAN_NUISANCE,False,0,1024,0,0
design,design_clean_162,clean,0.0,clean,nominal,2,tile,PASS,spatial_certificate,CLEAN_NUISANCE,False,0,1024,0,0
design,design_clean_162,clean,0.0,clean,nominal,2,multiscale,PASS,spatial_certificate,CLEAN_NUISANCE,False,0,1024,0,0
design,design_clean_162,clean,0.0,clean,nominal,2,connected_component,PASS,spatial_certificate,CLEAN_NUISANCE,False,0,1024,0,0
design,design_clean_162,clean,0.0,clean,nominal,2,max_local_density,PASS,spatial_certificate,CLEAN_NUISANCE,False,0,1024,0,0
design,design_clean_162,clean,0.0,clean,nominal,2,edge_aware,PASS,spatial_certificate,CLEAN_NUISANCE,False,0,1024,0,0
design,design_clean_162,clean,0.0,clean,nominal,2,aggressive,PASS,spatial_certificate,CLEAN_NUISANCE,False,0,1024,0,0
design,design_clean_162,clean,0.0,clean,nominal,2,balanced,PASS,spatial_certificate,CLEAN_NUISANCE,False,0,1024,0,0
design,design_clean_162,clean,0.0,clean,nominal,2,conservative,PASS,spatial_certificate,CLEAN_NUISANCE,False,0,1024,0,0
design,design_clean_163,clean,0.0,clean,nominal,3,global_baseline,PASS,spatial_certificate,CLEAN_NUISANCE,False,1,1024,1,1
design,design_clean_163,clean,0.0,clean,nominal,3,tile,PASS,spatial_certificate,CLEAN_NUISANCE,False,1,1024,1,1
design,design_clean_163,clean,0.0,clean,nominal,3,multiscale,PASS,spatial_certificate,CLEAN_NUISANCE,False,1,1024,1,1
design,design_clean_163,clean,0.0,clean,nominal,3,connected_component,PASS,spatial_certificate,CLEAN_NUISANCE,False,1,1024,1,1
design,design_clean_163,clean,0.0,clean,nominal,3,max_local_density,PASS,spatial_certificate,CLEAN_NUISANCE,False,1,1024,1,1
design,design_clean_163,clean,0.0,clean,nominal,3,edge_aware,PASS,spatial_certificate,CLEAN_NUISANCE,False,1,1024,1,1
design,design_clean_163,clean,0.0,clean,nominal,3,aggressive,PASS,spatial_certificate,CLEAN_NUISANCE,False,1,1024,1,1
design,design_clean_163,clean,0.0,clean,nominal,3,balanced,PASS,spatial_certificate,CLEAN_NUISANCE,False,1,1024,1,1
design,design_clean_163,clean,0.0,clean,nominal,3,conservative,PASS,spatial_certificate,CLEAN_NUISANCE,False,1,1024,1,1
design,design_clean_164,clean,0.0,clean,nominal,4,global_baseline,PASS,spatial_certificate,CLEAN_NUISANCE,False,1,1024,1,1
design,design_clean_164,clean,0.0,clean,nominal,4,tile,PASS,spatial_certificate,CLEAN_NUISANCE,False,1,1024,1,1
design,design_clean_164,clean,0.0,clean,nominal,4,multiscale,PASS,spatial_certificate,CLEAN_NUISANCE,False,1,1024,1,1
design,design_clean_164,clean,0.0,clean,nominal,4,connected_component,PASS,spatial_certificate,CLEAN_NUISANCE,False,1,1024,1,1
design,design_clean_164,clean,0.0,clean,nominal,4,max_local_density,PASS,spatial_certificate,CLEAN_NUISANCE,False,1,1024,1,1
design,design_clean_164,clean,0.0,clean,nominal,4,edge_aware,PASS,spatial_certificate,CLEAN_NUISANCE,False,1,1024,1,1
design,design_clean_164,clean,0.0,clean,nominal,4,aggressive,PASS,spatial_certificate,CLEAN_NUISANCE,False,1,1024,1,1
design,design_clean_164,clean,0.0,clean,nominal,4,balanced,PASS,spatial_certificate,CLEAN_NUISANCE,False,1,1024,1,1
design,design_clean_164,clean,0.0,clean,nominal,4,conservative,PASS,spatial_certificate,CLEAN_NUISANCE,False,1,1024,1,1
design,design_clean_165,clean,0.0,clean,nominal,5,global_baseline,PASS,spatial_certificate,CLEAN_NUISANCE,False,1,1024,1,1
design,design_clean_165,clean,0.0,clean,nominal,5,tile,PASS,spatial_certificate,CLEAN_NUISANCE,False,1,1024,1,1
design,design_clean_165,clean,0.0,clean,nominal,5,multiscale,PASS,spatial_certificate,CLEAN_NUISANCE,False,1,1024,1,1
design,design_clean_165,clean,0.0,clean,nominal,5,connected_component,PASS,spatial_certificate,CLEAN_NUISANCE,False,1,1024,1,1
design,design_clean_165,clean,0.0,clean,nominal,5,max_local_density,PASS,spatial_certificate,CLEAN_NUISANCE,False,1,1024,1,1
design,design_clean_165,clean,0.0,clean,nominal,5,edge_aware,PASS,spatial_certificate,CLEAN_NUISANCE,False,1,1024,1,1
design,design_clean_165,clean,0.0,clean,nominal,5,aggressive,PASS,spatial_certificate,CLEAN_NUISANCE,False,1,1024,1,1
design,design_clean_165,clean,0.0,clean,nominal,5,balanced,PASS,spatial_certificate,CLEAN_NUISANCE,False,1,1024,1,1
design,design_clean_165,clean,0.0,clean,nominal,5,conservative,PASS,spatial_certificate,CLEAN_NUISANCE,False,1,1024,1,1
design,design_clean_166,clean,0.0,clean,nominal,6,global_baseline,PASS,spatial_certificate,CLEAN_NUISANCE,False,1,1024,1,1
design,design_clean_166,clean,0.0,clean,nominal,6,tile,PASS,spatial_certificate,CLEAN_NUISANCE,False,1,1024,1,1
design,design_clean_166,clean,0.0,clean,nominal,6,multiscale,PASS,spatial_certificate,CLEAN_NUISANCE,False,1,1024,1,1
design,design_clean_166,clean,0.0,clean,nominal,6,connected_component,PASS,spatial_certificate,CLEAN_NUISANCE,False,1,1024,1,1
design,design_clean_166,clean,0.0,clean,nominal,6,max_local_density,PASS,spatial_certificate,CLEAN_NUISANCE,False,1,1024,1,1
design,design_clean_166,clean,0.0,clean,nominal,6,edge_aware,PASS,spatial_certificate,CLEAN_NUISANCE,False,1,1024,1,1
design,design_clean_166,clean,0.0,clean,nominal,6,aggressive,PASS,spatial_certificate,CLEAN_NUISANCE,False,1,1024,1,1
design,design_clean_166,clean,0.0,clean,nominal,6,balanced,PASS,spatial_certificate,CLEAN_NUISANCE,False,1,1024,1,1
design,design_clean_166,clean,0.0,clean,nominal,6,conservative,PASS,spatial_certificate,CLEAN_NUISANCE,False,1,1024,1,1
design,design_clean_167,clean,0.0,clean,nominal,7,global_baseline,PASS,spatial_certificate,CLEAN_NUISANCE,False,0,1024,0,0
design,design_clean_167,clean,0.0,clean,nominal,7,tile,PASS,spatial_certificate,CLEAN_NUISANCE,False,0,1024,0,0
design,design_clean_167,clean,0.0,clean,nominal,7,multiscale,PASS,spatial_certificate,CLEAN_NUISANCE,False,0,1024,0,0
design,design_clean_167,clean,0.0,clean,nominal,7,connected_component,PASS,spatial_certificate,CLEAN_NUISANCE,False,0,1024,0,0
design,design_clean_167,clean,0.0,clean,nominal,7,max_local_density,PASS,spatial_certificate,CLEAN_NUISANCE,False,0,1024,0,0
design,design_clean_167,clean,0.0,clean,nominal,7,edge_aware,PASS,spatial_certificate,CLEAN_NUISANCE,False,0,1024,0,0
design,design_clean_167,clean,0.0,clean,nominal,7,aggressive,PASS,spatial_certificate,CLEAN_NUISANCE,False,0,1024,0,0
design,design_clean_167,clean,0.0,clean,nominal,7,balanced,PASS,spatial_certificate,CLEAN_NUISANCE,False,0,1024,0,0
design,design_clean_167,clean,0.0,clean,nominal,7,conservative,PASS,spatial_certificate,CLEAN_NUISANCE,False,0,1024,0,0
design,design_clean_168,clean,0.0,clean,nominal,8,global_baseline,PASS,spatial_certificate,CLEAN_NUISANCE,False,0,1024,0,0
design,design_clean_168,clean,0.0,clean,nominal,8,tile,PASS,spatial_certificate,CLEAN_NUISANCE,False,0,1024,0,0
design,design_clean_168,clean,0.0,clean,nominal,8,multiscale,PASS,spatial_certificate,CLEAN_NUISANCE,False,0,1024,0,0
design,design_clean_168,clean,0.0,clean,nominal,8,connected_component,PASS,spatial_certificate,CLEAN_NUISANCE,False,0,1024,0,0
design,design_clean_168,clean,0.0,clean,nominal,8,max_local_density,PASS,spatial_certificate,CLEAN_NUISANCE,False,0,1024,0,0
design,design_clean_168,clean,0.0,clean,nominal,8,edge_aware,PASS,spatial_certificate,CLEAN_NUISANCE,False,0,1024,0,0
design,design_clean_168,clean,0.0,clean,nominal,8,aggressive,PASS,spatial_certificate,CLEAN_NUISANCE,False,0,1024,0,0
design,design_clean_168,clean,0.0,clean,nominal,8,balanced,PASS,spatial_certificate,CLEAN_NUISANCE,False,0,1024,0,0
design,design_clean_168,clean,0.0,clean,nominal,8,conservative,PASS,spatial_certificate,CLEAN_NUISANCE,False,0,1024,0,0
design,design_clean_169,clean,0.0,clean,nominal,9,global_baseline,PASS,spatial_certificate,CLEAN_NUISANCE,False,1,1024,1,1
design,design_clean_169,clean,0.0,clean,nominal,9,tile,PASS,spatial_certificate,CLEAN_NUISANCE,False,1,1024,1,1
design,design_clean_169,clean,0.0,clean,nominal,9,multiscale,PASS,spatial_certificate,CLEAN_NUISANCE,False,1,1024,1,1
design,design_clean_169,clean,0.0,clean,nominal,9,connected_component,PASS,spatial_certificate,CLEAN_NUISANCE,False,1,1024,1,1
design,design_clean_169,clean,0.0,clean,nominal,9,max_local_density,PASS,spatial_certificate,CLEAN_NUISANCE,False,1,1024,1,1
design,design_clean_169,clean,0.0,clean,nominal,9,edge_aware,PASS,spatial_certificate,CLEAN_NUISANCE,False,1,1024,1,1
design,design_clean_169,clean,0.0,clean,nominal,9,aggressive,PASS,spatial_certificate,CLEAN_NUISANCE,False,1,1024,1,1
design,design_clean_169,clean,0.0,clean,nominal,9,balanced,PASS,spatial_certificate,CLEAN_NUISANCE,False,1,1024,1,1
design,design_clean_169,clean,0.0,clean,nominal,9,conservative,PASS,spatial_certificate,CLEAN_NUISANCE,False,1,1024,1,1
design,design_clean_170,clean,0.0,clean,nominal,10,global_baseline,PASS,spatial_certificate,CLEAN_NUISANCE,False,2,1024,1,1
design,design_clean_170,clean,0.0,clean,nominal,10,tile,PASS,spatial_certificate,CLEAN_NUISANCE,False,2,1024,1,1
design,design_clean_170,clean,0.0,clean,nominal,10,multiscale,PASS,spatial_certificate,CLEAN_NUISANCE,False,2,1024,1,1
design,design_clean_170,clean,0.0,clean,nominal,10,connected_component,PASS,spatial_certificate,CLEAN_NUISANCE,False,2,1024,1,1
design,design_clean_170,clean,0.0,clean,nominal,10,max_local_density,PASS,spatial_certificate,CLEAN_NUISANCE,False,2,1024,1,1
design,design_clean_170,clean,0.0,clean,nominal,10,edge_aware,PASS,spatial_certificate,CLEAN_NUISANCE,False,2,1024,1,1
design,design_clean_170,clean,0.0,clean,nominal,10,aggressive,PASS,spatial_certificate,CLEAN_NUISANCE,False,2,1024,1,1
design,design_clean_170,clean,0.0,clean,nominal,10,balanced,PASS,spatial_certificate,CLEAN_NUISANCE,False,2,1024,1,1
design,design_clean_170,clean,0.0,clean,nominal,10,conservative,PASS,spatial_certificate,CLEAN_NUISANCE,False,2,1024,1,1
design,design_clean_171,clean,0.0,clean,nominal,11,global_baseline,PASS,spatial_certificate,CLEAN_NUISANCE,False,0,1024,0,0
design,design_clean_171,clean,0.0,clean,nominal,11,tile,PASS,spatial_certificate,CLEAN_NUISANCE,False,0,1024,0,0
design,design_clean_171,clean,0.0,clean,nominal,11,multiscale,PASS,spatial_certificate,CLEAN_NUISANCE,False,0,1024,0,0
design,design_clean_171,clean,0.0,clean,nominal,11,connected_component,PASS,spatial_certificate,CLEAN_NUISANCE,False,0,1024,0,0
design,design_clean_171,clean,0.0,clean,nominal,11,max_local_density,PASS,spatial_certificate,CLEAN_NUISANCE,False,0,1024,0,0
design,design_clean_171,clean,0.0,clean,nominal,11,edge_aware,PASS,spatial_certificate,CLEAN_NUISANCE,False,0,1024,0,0
design,design_clean_171,clean,0.0,clean,nominal,11,aggressive,PASS,spatial_certificate,CLEAN_NUISANCE,False,0,1024,0,0
design,design_clean_171,clean,0.0,clean,nominal,11,balanced,PASS,spatial_certificate,CLEAN_NUISANCE,False,0,1024,0,0
design,design_clean_171,clean,0.0,clean,nominal,11,conservative,PASS,spatial_certificate,CLEAN_NUISANCE,False,0,1024,0,0
design,design_clean_172,clean,0.0,clean,nominal,12,global_baseline,PASS,spatial_certificate,CLEAN_NUISANCE,False,0,1024,0,0
design,design_clean_172,clean,0.0,clean,nominal,12,tile,PASS,spatial_certificate,CLEAN_NUISANCE,False,0,1024,0,0
design,design_clean_172,clean,0.0,clean,nominal,12,multiscale,PASS,spatial_certificate,CLEAN_NUISANCE,False,0,1024,0,0
design,design_clean_172,clean,0.0,clean,nominal,12,connected_component,PASS,spatial_certificate,CLEAN_NUISANCE,False,0,1024,0,0
design,design_clean_172,clean,0.0,clean,nominal,12,max_local_density,PASS,spatial_certificate,CLEAN_NUISANCE,False,0,1024,0,0
design,design_clean_172,clean,0.0,clean,nominal,12,edge_aware,PASS,spatial_certificate,CLEAN_NUISANCE,False,0,1024,0,0
design,design_clean_172,clean,0.0,clean,nominal,12,aggressive,PASS,spatial_certificate,CLEAN_NUISANCE,False,0,1024,0,0
design,design_clean_172,clean,0.0,clean,nominal,12,balanced,PASS,spatial_certificate,CLEAN_NUISANCE,False,0,1024,0,0
design,design_clean_172,clean,0.0,clean,nominal,12,conservative,PASS,spatial_certificate,CLEAN_NUISANCE,False,0,1024,0,0
design,design_clean_173,clean,0.0,clean,nominal,13,global_baseline,PASS,spatial_certificate,CLEAN_NUISANCE,False,0,1024,0,0
design,design_clean_173,clean,0.0,clean,nominal,13,tile,PASS,spatial_certificate,CLEAN_NUISANCE,False,0,1024,0,0
design,design_clean_173,clean,0.0,clean,nominal,13,multiscale,PASS,spatial_certificate,CLEAN_NUISANCE,False,0,1024,0,0
design,design_clean_173,clean,0.0,clean,nominal,13,connected_component,PASS,spatial_certificate,CLEAN_NUISANCE,False,0,1024,0,0
design,design_clean_173,clean,0.0,clean,nominal,13,max_local_density,PASS,spatial_certificate,CLEAN_NUISANCE,False,0,1024,0,0
design,design_clean_173,clean,0.0,clean,nominal,13,edge_aware,PASS,spatial_certificate,CLEAN_NUISANCE,False,0,1024,0,0
design,design_clean_173,clean,0.0,clean,nominal,13,aggressive,PASS,spatial_certificate,CLEAN_NUISANCE,False,0,1024,0,0
design,design_clean_173,clean,0.0,clean,nominal,13,balanced,PASS,spatial_certificate,CLEAN_NUISANCE,False,0,1024,0,0
design,design_clean_173,clean,0.0,clean,nominal,13,conservative,PASS,spatial_certificate,CLEAN_NUISANCE,False,0,1024,0,0
design,design_clean_174,clean,0.0,clean,nominal,14,global_baseline,PASS,spatial_certificate,CLEAN_NUISANCE,False,1,1024,1,1
design,design_clean_174,clean,0.0,clean,nominal,14,tile,PASS,spatial_certificate,CLEAN_NUISANCE,False,1,1024,1,1
design,design_clean_174,clean,0.0,clean,nominal,14,multiscale,PASS,spatial_certificate,CLEAN_NUISANCE,False,1,1024,1,1
design,design_clean_174,clean,0.0,clean,nominal,14,connected_component,PASS,spatial_certificate,CLEAN_NUISANCE,False,1,1024,1,1
design,design_clean_174,clean,0.0,clean,nominal,14,max_local_density,PASS,spatial_certificate,CLEAN_NUISANCE,False,1,1024,1,1
design,design_clean_174,clean,0.0,clean,nominal,14,edge_aware,PASS,spatial_certificate,CLEAN_NUISANCE,False,1,1024,1,1
design,design_clean_174,clean,0.0,clean,nominal,14,aggressive,PASS,spatial_certificate,CLEAN_NUISANCE,False,1,1024,1,1
design,design_clean_174,clean,0.0,clean,nominal,14,balanced,PASS,spatial_certificate,CLEAN_NUISANCE,False,1,1024,1,1
design,design_clean_174,clean,0.0,clean,nominal,14,conservative,PASS,spatial_certificate,CLEAN_NUISANCE,False,1,1024,1,1
design,design_clean_175,clean,0.0,clean,nominal,15,global_baseline,PASS,spatial_certificate,CLEAN_NUISANCE,False,1,1024,1,1
design,design_clean_175,clean,0.0,clean,nominal,15,tile,PASS,spatial_certificate,CLEAN_NUISANCE,False,1,1024,1,1
design,design_clean_175,clean,0.0,clean,nominal,15,multiscale,PASS,spatial_certificate,CLEAN_NUISANCE,False,1,1024,1,1
design,design_clean_175,clean,0.0,clean,nominal,15,connected_component,PASS,spatial_certificate,CLEAN_NUISANCE,False,1,1024,1,1
design,design_clean_175,clean,0.0,clean,nominal,15,max_local_density,PASS,spatial_certificate,CLEAN_NUISANCE,False,1,1024,1,1
design,design_clean_175,clean,0.0,clean,nominal,15,edge_aware,PASS,spatial_certificate,CLEAN_NUISANCE,False,1,1024,1,1
design,design_clean_175,clean,0.0,clean,nominal,15,aggressive,PASS,spatial_certificate,CLEAN_NUISANCE,False,1,1024,1,1
design,design_clean_175,clean,0.0,clean,nominal,15,balanced,PASS,spatial_certificate,CLEAN_NUISANCE,False,1,1024,1,1
design,design_clean_175,clean,0.0,clean,nominal,15,conservative,PASS,spatial_certificate,CLEAN_NUISANCE,False,1,1024,1,1
design,design_clean_176,clean,0.0,clean,texture,0,global_baseline,UNKNOWN,global_pass_fraction,CLEAN_NUISANCE,False,82,82,17,6
design,design_clean_176,clean,0.0,clean,texture,0,tile,UNKNOWN,global_pass_fraction,CLEAN_NUISANCE,False,82,82,17,6
design,design_clean_176,clean,0.0,clean,texture,0,multiscale,UNKNOWN,global_pass_fraction,CLEAN_NUISANCE,False,82,82,17,6
design,design_clean_176,clean,0.0,clean,texture,0,connected_component,UNKNOWN,global_pass_fraction,CLEAN_NUISANCE,False,82,82,17,6
design,design_clean_176,clean,0.0,clean,texture,0,max_local_density,UNKNOWN,global_pass_fraction,CLEAN_NUISANCE,False,82,82,17,6
design,design_clean_176,clean,0.0,clean,texture,0,edge_aware,UNKNOWN,global_pass_fraction,CLEAN_NUISANCE,False,82,82,17,6
design,design_clean_176,clean,0.0,clean,texture,0,aggressive,UNKNOWN,global_pass_fraction,CLEAN_NUISANCE,False,82,82,17,6
design,design_clean_176,clean,0.0,clean,texture,0,balanced,UNKNOWN,global_pass_fraction,CLEAN_NUISANCE,False,82,82,17,6
design,design_clean_176,clean,0.0,clean,texture,0,conservative,UNKNOWN,global_pass_fraction,CLEAN_NUISANCE,False,82,82,17,6
design,design_clean_177,clean,0.0,clean,texture,1,global_baseline,UNKNOWN,global_pass_fraction,CLEAN_NUISANCE,False,84,82,17,6
design,design_clean_177,clean,0.0,clean,texture,1,tile,UNKNOWN,global_pass_fraction,CLEAN_NUISANCE,False,84,82,17,6
design,design_clean_177,clean,0.0,clean,texture,1,multiscale,UNKNOWN,global_pass_fraction,CLEAN_NUISANCE,False,84,82,17,6
design,design_clean_177,clean,0.0,clean,texture,1,connected_component,UNKNOWN,global_pass_fraction,CLEAN_NUISANCE,False,84,82,17,6
design,design_clean_177,clean,0.0,clean,texture,1,max_local_density,UNKNOWN,global_pass_fraction,CLEAN_NUISANCE,False,84,82,17,6
design,design_clean_177,clean,0.0,clean,texture,1,edge_aware,UNKNOWN,global_pass_fraction,CLEAN_NUISANCE,False,84,82,17,6
design,design_clean_177,clean,0.0,clean,texture,1,aggressive,UNKNOWN,global_pass_fraction,CLEAN_NUISANCE,False,84,82,17,6
design,design_clean_177,clean,0.0,clean,texture,1,balanced,UNKNOWN,global_pass_fraction,CLEAN_NUISANCE,False,84,82,17,6
design,design_clean_177,clean,0.0,clean,texture,1,conservative,UNKNOWN,global_pass_fraction,CLEAN_NUISANCE,False,84,82,17,6
design,design_clean_178,clean,0.0,clean,texture,2,global_baseline,UNKNOWN,global_pass_fraction,CLEAN_NUISANCE,False,82,82,20,8
design,design_clean_178,clean,0.0,clean,texture,2,tile,UNKNOWN,global_pass_fraction,CLEAN_NUISANCE,False,82,82,20,8
design,design_clean_178,clean,0.0,clean,texture,2,multiscale,UNKNOWN,global_pass_fraction,CLEAN_NUISANCE,False,82,82,20,8
design,design_clean_178,clean,0.0,clean,texture,2,connected_component,UNKNOWN,global_pass_fraction,CLEAN_NUISANCE,False,82,82,20,8
design,design_clean_178,clean,0.0,clean,texture,2,max_local_density,UNKNOWN,global_pass_fraction,CLEAN_NUISANCE,False,82,82,20,8
design,design_clean_178,clean,0.0,clean,texture,2,edge_aware,UNKNOWN,global_pass_fraction,CLEAN_NUISANCE,False,82,82,20,8
design,design_clean_178,clean,0.0,clean,texture,2,aggressive,UNKNOWN,global_pass_fraction,CLEAN_NUISANCE,False,82,82,20,8
design,design_clean_178,clean,0.0,clean,texture,2,balanced,UNKNOWN,global_pass_fraction,CLEAN_NUISANCE,False,82,82,20,8
design,design_clean_178,clean,0.0,clean,texture,2,conservative,UNKNOWN,global_pass_fraction,CLEAN_NUISANCE,False,82,82,20,8
design,design_clean_179,clean,0.0,clean,texture,3,global_baseline,UNKNOWN,global_pass_fraction,CLEAN_NUISANCE,False,82,82,19,7
design,design_clean_179,clean,0.0,clean,texture,3,tile,UNKNOWN,global_pass_fraction,CLEAN_NUISANCE,False,82,82,19,7
design,design_clean_179,clean,0.0,clean,texture,3,multiscale,UNKNOWN,global_pass_fraction,CLEAN_NUISANCE,False,82,82,19,7
design,design_clean_179,clean,0.0,clean,texture,3,connected_component,UNKNOWN,global_pass_fraction,CLEAN_NUISANCE,False,82,82,19,7
design,design_clean_179,clean,0.0,clean,texture,3,max_local_density,UNKNOWN,global_pass_fraction,CLEAN_NUISANCE,False,82,82,19,7
design,design_clean_179,clean,0.0,clean,texture,3,edge_aware,UNKNOWN,global_pass_fraction,CLEAN_NUISANCE,False,82,82,19,7
design,design_clean_179,clean,0.0,clean,texture,3,aggressive,UNKNOWN,global_pass_fraction,CLEAN_NUISANCE,False,82,82,19,7
design,design_clean_179,clean,0.0,clean,texture,3,balanced,UNKNOWN,global_pass_fraction,CLEAN_NUISANCE,False,82,82,19,7
design,design_clean_179,clean,0.0,clean,texture,3,conservative,UNKNOWN,global_pass_fraction,CLEAN_NUISANCE,False,82,82,19,7
design,design_clean_180,clean,0.0,clean,texture,4,global_baseline,UNKNOWN,global_pass_fraction,CLEAN_NUISANCE,False,84,82,20,8
design,design_clean_180,clean,0.0,clean,texture,4,tile,UNKNOWN,global_pass_fraction,CLEAN_NUISANCE,False,84,82,20,8
design,design_clean_180,clean,0.0,clean,texture,4,multiscale,UNKNOWN,global_pass_fraction,CLEAN_NUISANCE,False,84,82,20,8
design,design_clean_180,clean,0.0,clean,texture,4,connected_component,UNKNOWN,global_pass_fraction,CLEAN_NUISANCE,False,84,82,20,8
design,design_clean_180,clean,0.0,clean,texture,4,max_local_density,UNKNOWN,global_pass_fraction,CLEAN_NUISANCE,False,84,82,20,8
design,design_clean_180,clean,0.0,clean,texture,4,edge_aware,UNKNOWN,global_pass_fraction,CLEAN_NUISANCE,False,84,82,20,8
design,design_clean_180,clean,0.0,clean,texture,4,aggressive,UNKNOWN,global_pass_fraction,CLEAN_NUISANCE,False,84,82,20,8
design,design_clean_180,clean,0.0,clean,texture,4,balanced,UNKNOWN,global_pass_fraction,CLEAN_NUISANCE,False,84,82,20,8
design,design_clean_180,clean,0.0,clean,texture,4,conservative,UNKNOWN,global_pass_fraction,CLEAN_NUISANCE,False,84,82,20,8
design,design_clean_181,clean,0.0,clean,texture,5,global_baseline,UNKNOWN,global_pass_fraction,CLEAN_NUISANCE,False,83,82,25,9
design,design_clean_181,clean,0.0,clean,texture,5,tile,UNKNOWN,global_pass_fraction,CLEAN_NUISANCE,False,83,82,25,9
design,design_clean_181,clean,0.0,clean,texture,5,multiscale,UNKNOWN,global_pass_fraction,CLEAN_NUISANCE,False,83,82,25,9
design,design_clean_181,clean,0.0,clean,texture,5,connected_component,UNKNOWN,global_pass_fraction,CLEAN_NUISANCE,False,83,82,25,9
design,design_clean_181,clean,0.0,clean,texture,5,max_local_density,UNKNOWN,global_pass_fraction,CLEAN_NUISANCE,False,83,82,25,9
design,design_clean_181,clean,0.0,clean,texture,5,edge_aware,UNKNOWN,global_pass_fraction,CLEAN_NUISANCE,False,83,82,25,9
design,design_clean_181,clean,0.0,clean,texture,5,aggressive,UNKNOWN,global_pass_fraction,CLEAN_NUISANCE,False,83,82,25,9
design,design_clean_181,clean,0.0,clean,texture,5,balanced,UNKNOWN,global_pass_fraction,CLEAN_NUISANCE,False,83,82,25,9
design,design_clean_181,clean,0.0,clean,texture,5,conservative,UNKNOWN,global_pass_fraction,CLEAN_NUISANCE,False,83,82,25,9
design,design_clean_182,clean,0.0,clean,texture,6,global_baseline,UNKNOWN,global_pass_fraction,CLEAN_NUISANCE,False,84,82,26,8
design,design_clean_182,clean,0.0,clean,texture,6,tile,UNKNOWN,global_pass_fraction,CLEAN_NUISANCE,False,84,82,26,8
design,design_clean_182,clean,0.0,clean,texture,6,multiscale,UNKNOWN,global_pass_fraction,CLEAN_NUISANCE,False,84,82,26,8
design,design_clean_182,clean,0.0,clean,texture,6,connected_component,UNKNOWN,global_pass_fraction,CLEAN_NUISANCE,False,84,82,26,8
design,design_clean_182,clean,0.0,clean,texture,6,max_local_density,UNKNOWN,global_pass_fraction,CLEAN_NUISANCE,False,84,82,26,8
design,design_clean_182,clean,0.0,clean,texture,6,edge_aware,UNKNOWN,global_pass_fraction,CLEAN_NUISANCE,False,84,82,26,8
design,design_clean_182,clean,0.0,clean,texture,6,aggressive,UNKNOWN,global_pass_fraction,CLEAN_NUISANCE,False,84,82,26,8
design,design_clean_182,clean,0.0,clean,texture,6,balanced,UNKNOWN,global_pass_fraction,CLEAN_NUISANCE,False,84,82,26,8
design,design_clean_182,clean,0.0,clean,texture,6,conservative,UNKNOWN,global_pass_fraction,CLEAN_NUISANCE,False,84,82,26,8
design,design_clean_183,clean,0.0,clean,texture,7,global_baseline,UNKNOWN,global_pass_fraction,CLEAN_NUISANCE,False,83,82,14,7
design,design_clean_183,clean,0.0,clean,texture,7,tile,UNKNOWN,global_pass_fraction,CLEAN_NUISANCE,False,83,82,14,7
design,design_clean_183,clean,0.0,clean,texture,7,multiscale,UNKNOWN,global_pass_fraction,CLEAN_NUISANCE,False,83,82,14,7
design,design_clean_183,clean,0.0,clean,texture,7,connected_component,UNKNOWN,global_pass_fraction,CLEAN_NUISANCE,False,83,82,14,7
design,design_clean_183,clean,0.0,clean,texture,7,max_local_density,UNKNOWN,global_pass_fraction,CLEAN_NUISANCE,False,83,82,14,7
design,design_clean_183,clean,0.0,clean,texture,7,edge_aware,UNKNOWN,global_pass_fraction,CLEAN_NUISANCE,False,83,82,14,7
design,design_clean_183,clean,0.0,clean,texture,7,aggressive,UNKNOWN,global_pass_fraction,CLEAN_NUISANCE,False,83,82,14,7
design,design_clean_183,clean,0.0,clean,texture,7,balanced,UNKNOWN,global_pass_fraction,CLEAN_NUISANCE,False,83,82,14,7
design,design_clean_183,clean,0.0,clean,texture,7,conservative,UNKNOWN,global_pass_fraction,CLEAN_NUISANCE,False,83,82,14,7
design,design_clean_184,clean,0.0,clean,texture,8,global_baseline,UNKNOWN,global_pass_fraction,CLEAN_NUISANCE,False,83,82,13,7
design,design_clean_184,clean,0.0,clean,texture,8,tile,UNKNOWN,global_pass_fraction,CLEAN_NUISANCE,False,83,82,13,7
design,design_clean_184,clean,0.0,clean,texture,8,multiscale,UNKNOWN,global_pass_fraction,CLEAN_NUISANCE,False,83,82,13,7
design,design_clean_184,clean,0.0,clean,texture,8,connected_component,UNKNOWN,global_pass_fraction,CLEAN_NUISANCE,False,83,82,13,7
design,design_clean_184,clean,0.0,clean,texture,8,max_local_density,UNKNOWN,global_pass_fraction,CLEAN_NUISANCE,False,83,82,13,7
design,design_clean_184,clean,0.0,clean,texture,8,edge_aware,UNKNOWN,global_pass_fraction,CLEAN_NUISANCE,False,83,82,13,7
design,design_clean_184,clean,0.0,clean,texture,8,aggressive,UNKNOWN,global_pass_fraction,CLEAN_NUISANCE,False,83,82,13,7
design,design_clean_184,clean,0.0,clean,texture,8,balanced,UNKNOWN,global_pass_fraction,CLEAN_NUISANCE,False,83,82,13,7
design,design_clean_184,clean,0.0,clean,texture,8,conservative,UNKNOWN,global_pass_fraction,CLEAN_NUISANCE,False,83,82,13,7
design,design_clean_185,clean,0.0,clean,texture,9,global_baseline,UNKNOWN,global_pass_fraction,CLEAN_NUISANCE,False,82,82,18,9
design,design_clean_185,clean,0.0,clean,texture,9,tile,UNKNOWN,global_pass_fraction,CLEAN_NUISANCE,False,82,82,18,9
design,design_clean_185,clean,0.0,clean,texture,9,multiscale,UNKNOWN,global_pass_fraction,CLEAN_NUISANCE,False,82,82,18,9
design,design_clean_185,clean,0.0,clean,texture,9,connected_component,UNKNOWN,global_pass_fraction,CLEAN_NUISANCE,False,82,82,18,9
design,design_clean_185,clean,0.0,clean,texture,9,max_local_density,UNKNOWN,global_pass_fraction,CLEAN_NUISANCE,False,82,82,18,9
design,design_clean_185,clean,0.0,clean,texture,9,edge_aware,UNKNOWN,global_pass_fraction,CLEAN_NUISANCE,False,82,82,18,9
design,design_clean_185,clean,0.0,clean,texture,9,aggressive,UNKNOWN,global_pass_fraction,CLEAN_NUISANCE,False,82,82,18,9
design,design_clean_185,clean,0.0,clean,texture,9,balanced,UNKNOWN,global_pass_fraction,CLEAN_NUISANCE,False,82,82,18,9
design,design_clean_185,clean,0.0,clean,texture,9,conservative,UNKNOWN,global_pass_fraction,CLEAN_NUISANCE,False,82,82,18,9
design,design_clean_186,clean,0.0,clean,texture,10,global_baseline,UNKNOWN,global_pass_fraction,CLEAN_NUISANCE,False,82,82,11,7
design,design_clean_186,clean,0.0,clean,texture,10,tile,UNKNOWN,global_pass_fraction,CLEAN_NUISANCE,False,82,82,11,7
design,design_clean_186,clean,0.0,clean,texture,10,multiscale,UNKNOWN,global_pass_fraction,CLEAN_NUISANCE,False,82,82,11,7
design,design_clean_186,clean,0.0,clean,texture,10,connected_component,UNKNOWN,global_pass_fraction,CLEAN_NUISANCE,False,82,82,11,7
design,design_clean_186,clean,0.0,clean,texture,10,max_local_density,UNKNOWN,global_pass_fraction,CLEAN_NUISANCE,False,82,82,11,7
design,design_clean_186,clean,0.0,clean,texture,10,edge_aware,UNKNOWN,global_pass_fraction,CLEAN_NUISANCE,False,82,82,11,7
design,design_clean_186,clean,0.0,clean,texture,10,aggressive,UNKNOWN,global_pass_fraction,CLEAN_NUISANCE,False,82,82,11,7
design,design_clean_186,clean,0.0,clean,texture,10,balanced,UNKNOWN,global_pass_fraction,CLEAN_NUISANCE,False,82,82,11,7
design,design_clean_186,clean,0.0,clean,texture,10,conservative,UNKNOWN,global_pass_fraction,CLEAN_NUISANCE,False,82,82,11,7
design,design_clean_187,clean,0.0,clean,texture,11,global_baseline,UNKNOWN,global_pass_fraction,CLEAN_NUISANCE,False,82,82,30,10
design,design_clean_187,clean,0.0,clean,texture,11,tile,UNKNOWN,global_pass_fraction,CLEAN_NUISANCE,False,82,82,30,10
design,design_clean_187,clean,0.0,clean,texture,11,multiscale,UNKNOWN,global_pass_fraction,CLEAN_NUISANCE,False,82,82,30,10
design,design_clean_187,clean,0.0,clean,texture,11,connected_component,UNKNOWN,global_pass_fraction,CLEAN_NUISANCE,False,82,82,30,10
design,design_clean_187,clean,0.0,clean,texture,11,max_local_density,UNKNOWN,global_pass_fraction,CLEAN_NUISANCE,False,82,82,30,10
design,design_clean_187,clean,0.0,clean,texture,11,edge_aware,UNKNOWN,global_pass_fraction,CLEAN_NUISANCE,False,82,82,30,10
design,design_clean_187,clean,0.0,clean,texture,11,aggressive,UNKNOWN,global_pass_fraction,CLEAN_NUISANCE,False,82,82,30,10
design,design_clean_187,clean,0.0,clean,texture,11,balanced,UNKNOWN,global_pass_fraction,CLEAN_NUISANCE,False,82,82,30,10
design,design_clean_187,clean,0.0,clean,texture,11,conservative,UNKNOWN,global_pass_fraction,CLEAN_NUISANCE,False,82,82,30,10
design,design_clean_188,clean,0.0,clean,texture,12,global_baseline,UNKNOWN,global_pass_fraction,CLEAN_NUISANCE,False,82,82,19,8
design,design_clean_188,clean,0.0,clean,texture,12,tile,UNKNOWN,global_pass_fraction,CLEAN_NUISANCE,False,82,82,19,8
design,design_clean_188,clean,0.0,clean,texture,12,multiscale,UNKNOWN,global_pass_fraction,CLEAN_NUISANCE,False,82,82,19,8
design,design_clean_188,clean,0.0,clean,texture,12,connected_component,UNKNOWN,global_pass_fraction,CLEAN_NUISANCE,False,82,82,19,8
design,design_clean_188,clean,0.0,clean,texture,12,max_local_density,UNKNOWN,global_pass_fraction,CLEAN_NUISANCE,False,82,82,19,8
design,design_clean_188,clean,0.0,clean,texture,12,edge_aware,UNKNOWN,global_pass_fraction,CLEAN_NUISANCE,False,82,82,19,8
design,design_clean_188,clean,0.0,clean,texture,12,aggressive,UNKNOWN,global_pass_fraction,CLEAN_NUISANCE,False,82,82,19,8
design,design_clean_188,clean,0.0,clean,texture,12,balanced,UNKNOWN,global_pass_fraction,CLEAN_NUISANCE,False,82,82,19,8
design,design_clean_188,clean,0.0,clean,texture,12,conservative,UNKNOWN,global_pass_fraction,CLEAN_NUISANCE,False,82,82,19,8
design,design_clean_189,clean,0.0,clean,texture,13,global_baseline,UNKNOWN,global_pass_fraction,CLEAN_NUISANCE,False,84,82,24,8
design,design_clean_189,clean,0.0,clean,texture,13,tile,UNKNOWN,global_pass_fraction,CLEAN_NUISANCE,False,84,82,24,8
design,design_clean_189,clean,0.0,clean,texture,13,multiscale,UNKNOWN,global_pass_fraction,CLEAN_NUISANCE,False,84,82,24,8
design,design_clean_189,clean,0.0,clean,texture,13,connected_component,UNKNOWN,global_pass_fraction,CLEAN_NUISANCE,False,84,82,24,8
design,design_clean_189,clean,0.0,clean,texture,13,max_local_density,UNKNOWN,global_pass_fraction,CLEAN_NUISANCE,False,84,82,24,8
design,design_clean_189,clean,0.0,clean,texture,13,edge_aware,UNKNOWN,global_pass_fraction,CLEAN_NUISANCE,False,84,82,24,8
design,design_clean_189,clean,0.0,clean,texture,13,aggressive,UNKNOWN,global_pass_fraction,CLEAN_NUISANCE,False,84,82,24,8
design,design_clean_189,clean,0.0,clean,texture,13,balanced,UNKNOWN,global_pass_fraction,CLEAN_NUISANCE,False,84,82,24,8
design,design_clean_189,clean,0.0,clean,texture,13,conservative,UNKNOWN,global_pass_fraction,CLEAN_NUISANCE,False,84,82,24,8
design,design_clean_190,clean,0.0,clean,texture,14,global_baseline,UNKNOWN,global_pass_fraction,CLEAN_NUISANCE,False,84,82,11,6
design,design_clean_190,clean,0.0,clean,texture,14,tile,UNKNOWN,global_pass_fraction,CLEAN_NUISANCE,False,84,82,11,6
design,design_clean_190,clean,0.0,clean,texture,14,multiscale,UNKNOWN,global_pass_fraction,CLEAN_NUISANCE,False,84,82,11,6
design,design_clean_190,clean,0.0,clean,texture,14,connected_component,UNKNOWN,global_pass_fraction,CLEAN_NUISANCE,False,84,82,11,6
design,design_clean_190,clean,0.0,clean,texture,14,max_local_density,UNKNOWN,global_pass_fraction,CLEAN_NUISANCE,False,84,82,11,6
design,design_clean_190,clean,0.0,clean,texture,14,edge_aware,UNKNOWN,global_pass_fraction,CLEAN_NUISANCE,False,84,82,11,6
design,design_clean_190,clean,0.0,clean,texture,14,aggressive,UNKNOWN,global_pass_fraction,CLEAN_NUISANCE,False,84,82,11,6
design,design_clean_190,clean,0.0,clean,texture,14,balanced,UNKNOWN,global_pass_fraction,CLEAN_NUISANCE,False,84,82,11,6
design,design_clean_190,clean,0.0,clean,texture,14,conservative,UNKNOWN,global_pass_fraction,CLEAN_NUISANCE,False,84,82,11,6
design,design_clean_191,clean,0.0,clean,texture,15,global_baseline,UNKNOWN,global_pass_fraction,CLEAN_NUISANCE,False,84,82,20,8
design,design_clean_191,clean,0.0,clean,texture,15,tile,UNKNOWN,global_pass_fraction,CLEAN_NUISANCE,False,84,82,20,8
design,design_clean_191,clean,0.0,clean,texture,15,multiscale,UNKNOWN,global_pass_fraction,CLEAN_NUISANCE,False,84,82,20,8
design,design_clean_191,clean,0.0,clean,texture,15,connected_component,UNKNOWN,global_pass_fraction,CLEAN_NUISANCE,False,84,82,20,8
design,design_clean_191,clean,0.0,clean,texture,15,max_local_density,UNKNOWN,global_pass_fraction,CLEAN_NUISANCE,False,84,82,20,8
design,design_clean_191,clean,0.0,clean,texture,15,edge_aware,UNKNOWN,global_pass_fraction,CLEAN_NUISANCE,False,84,82,20,8
design,design_clean_191,clean,0.0,clean,texture,15,aggressive,UNKNOWN,global_pass_fraction,CLEAN_NUISANCE,False,84,82,20,8
design,design_clean_191,clean,0.0,clean,texture,15,balanced,UNKNOWN,global_pass_fraction,CLEAN_NUISANCE,False,84,82,20,8
design,design_clean_191,clean,0.0,clean,texture,15,conservative,UNKNOWN,global_pass_fraction,CLEAN_NUISANCE,False,84,82,20,8
design,design_clean_192,clean,0.0,clean,roughness,0,global_baseline,PASS,spatial_certificate,CLEAN_NUISANCE,False,51,51,3,3
design,design_clean_192,clean,0.0,clean,roughness,0,tile,PASS,spatial_certificate,CLEAN_NUISANCE,False,51,51,3,3
design,design_clean_192,clean,0.0,clean,roughness,0,multiscale,UNKNOWN,window_4_density,CLEAN_NUISANCE,False,51,51,3,3
design,design_clean_192,clean,0.0,clean,roughness,0,connected_component,PASS,spatial_certificate,CLEAN_NUISANCE,False,51,51,3,3
design,design_clean_192,clean,0.0,clean,roughness,0,max_local_density,UNKNOWN,window_4_density,CLEAN_NUISANCE,False,51,51,3,3
design,design_clean_192,clean,0.0,clean,roughness,0,edge_aware,PASS,spatial_certificate,CLEAN_NUISANCE,False,51,51,3,3
design,design_clean_192,clean,0.0,clean,roughness,0,aggressive,UNKNOWN,tile_density,CLEAN_NUISANCE,False,51,51,3,3
design,design_clean_192,clean,0.0,clean,roughness,0,balanced,PASS,spatial_certificate,CLEAN_NUISANCE,False,51,51,3,3
design,design_clean_192,clean,0.0,clean,roughness,0,conservative,PASS,spatial_certificate,CLEAN_NUISANCE,False,51,51,3,3
design,design_clean_193,clean,0.0,clean,roughness,1,global_baseline,UNKNOWN,global_pass_fraction,CLEAN_NUISANCE,False,52,51,4,4
design,design_clean_193,clean,0.0,clean,roughness,1,tile,UNKNOWN,global_pass_fraction,CLEAN_NUISANCE,False,52,51,4,4
design,design_clean_193,clean,0.0,clean,roughness,1,multiscale,UNKNOWN,global_pass_fraction,CLEAN_NUISANCE,False,52,51,4,4
design,design_clean_193,clean,0.0,clean,roughness,1,connected_component,UNKNOWN,global_pass_fraction,CLEAN_NUISANCE,False,52,51,4,4
design,design_clean_193,clean,0.0,clean,roughness,1,max_local_density,UNKNOWN,global_pass_fraction,CLEAN_NUISANCE,False,52,51,4,4
design,design_clean_193,clean,0.0,clean,roughness,1,edge_aware,UNKNOWN,global_pass_fraction,CLEAN_NUISANCE,False,52,51,4,4
design,design_clean_193,clean,0.0,clean,roughness,1,aggressive,UNKNOWN,global_pass_fraction,CLEAN_NUISANCE,False,52,51,4,4
design,design_clean_193,clean,0.0,clean,roughness,1,balanced,UNKNOWN,global_pass_fraction,CLEAN_NUISANCE,False,52,51,4,4
design,design_clean_193,clean,0.0,clean,roughness,1,conservative,UNKNOWN,global_pass_fraction,CLEAN_NUISANCE,False,52,51,4,4
design,design_clean_194,clean,0.0,clean,roughness,2,global_baseline,UNKNOWN,global_pass_fraction,CLEAN_NUISANCE,False,54,51,3,3
design,design_clean_194,clean,0.0,clean,roughness,2,tile,UNKNOWN,global_pass_fraction,CLEAN_NUISANCE,False,54,51,3,3
design,design_clean_194,clean,0.0,clean,roughness,2,multiscale,UNKNOWN,global_pass_fraction,CLEAN_NUISANCE,False,54,51,3,3
design,design_clean_194,clean,0.0,clean,roughness,2,connected_component,UNKNOWN,global_pass_fraction,CLEAN_NUISANCE,False,54,51,3,3
design,design_clean_194,clean,0.0,clean,roughness,2,max_local_density,UNKNOWN,global_pass_fraction,CLEAN_NUISANCE,False,54,51,3,3
design,design_clean_194,clean,0.0,clean,roughness,2,edge_aware,UNKNOWN,global_pass_fraction,CLEAN_NUISANCE,False,54,51,3,3
design,design_clean_194,clean,0.0,clean,roughness,2,aggressive,UNKNOWN,global_pass_fraction,CLEAN_NUISANCE,False,54,51,3,3
design,design_clean_194,clean,0.0,clean,roughness,2,balanced,UNKNOWN,global_pass_fraction,CLEAN_NUISANCE,False,54,51,3,3
design,design_clean_194,clean,0.0,clean,roughness,2,conservative,UNKNOWN,global_pass_fraction,CLEAN_NUISANCE,False,54,51,3,3
design,design_clean_195,clean,0.0,clean,roughness,3,global_baseline,UNKNOWN,global_pass_fraction,CLEAN_NUISANCE,False,52,51,2,2
design,design_clean_195,clean,0.0,clean,roughness,3,tile,UNKNOWN,global_pass_fraction,CLEAN_NUISANCE,False,52,51,2,2
design,design_clean_195,clean,0.0,clean,roughness,3,multiscale,UNKNOWN,global_pass_fraction,CLEAN_NUISANCE,False,52,51,2,2
design,design_clean_195,clean,0.0,clean,roughness,3,connected_component,UNKNOWN,global_pass_fraction,CLEAN_NUISANCE,False,52,51,2,2
design,design_clean_195,clean,0.0,clean,roughness,3,max_local_density,UNKNOWN,global_pass_fraction,CLEAN_NUISANCE,False,52,51,2,2
design,design_clean_195,clean,0.0,clean,roughness,3,edge_aware,UNKNOWN,global_pass_fraction,CLEAN_NUISANCE,False,52,51,2,2
design,design_clean_195,clean,0.0,clean,roughness,3,aggressive,UNKNOWN,global_pass_fraction,CLEAN_NUISANCE,False,52,51,2,2
design,design_clean_195,clean,0.0,clean,roughness,3,balanced,UNKNOWN,global_pass_fraction,CLEAN_NUISANCE,False,52,51,2,2
design,design_clean_195,clean,0.0,clean,roughness,3,conservative,UNKNOWN,global_pass_fraction,CLEAN_NUISANCE,False,52,51,2,2
design,design_clean_196,clean,0.0,clean,roughness,4,global_baseline,PASS,spatial_certificate,CLEAN_NUISANCE,False,3,51,1,1
design,design_clean_196,clean,0.0,clean,roughness,4,tile,PASS,spatial_certificate,CLEAN_NUISANCE,False,3,51,1,1
design,design_clean_196,clean,0.0,clean,roughness,4,multiscale,PASS,spatial_certificate,CLEAN_NUISANCE,False,3,51,1,1
design,design_clean_196,clean,0.0,clean,roughness,4,connected_component,PASS,spatial_certificate,CLEAN_NUISANCE,False,3,51,1,1
design,design_clean_196,clean,0.0,clean,roughness,4,max_local_density,PASS,spatial_certificate,CLEAN_NUISANCE,False,3,51,1,1
design,design_clean_196,clean,0.0,clean,roughness,4,edge_aware,PASS,spatial_certificate,CLEAN_NUISANCE,False,3,51,1,1
design,design_clean_196,clean,0.0,clean,roughness,4,aggressive,PASS,spatial_certificate,CLEAN_NUISANCE,False,3,51,1,1
design,design_clean_196,clean,0.0,clean,roughness,4,balanced,PASS,spatial_certificate,CLEAN_NUISANCE,False,3,51,1,1
design,design_clean_196,clean,0.0,clean,roughness,4,conservative,PASS,spatial_certificate,CLEAN_NUISANCE,False,3,51,1,1
design,design_clean_197,clean,0.0,clean,roughness,5,global_baseline,UNKNOWN,global_pass_fraction,CLEAN_NUISANCE,False,52,51,3,2
design,design_clean_197,clean,0.0,clean,roughness,5,tile,UNKNOWN,global_pass_fraction,CLEAN_NUISANCE,False,52,51,3,2
design,design_clean_197,clean,0.0,clean,roughness,5,multiscale,UNKNOWN,global_pass_fraction,CLEAN_NUISANCE,False,52,51,3,2
design,design_clean_197,clean,0.0,clean,roughness,5,connected_component,UNKNOWN,global_pass_fraction,CLEAN_NUISANCE,False,52,51,3,2
design,design_clean_197,clean,0.0,clean,roughness,5,max_local_density,UNKNOWN,global_pass_fraction,CLEAN_NUISANCE,False,52,51,3,2
design,design_clean_197,clean,0.0,clean,roughness,5,edge_aware,UNKNOWN,global_pass_fraction,CLEAN_NUISANCE,False,52,51,3,2
design,design_clean_197,clean,0.0,clean,roughness,5,aggressive,UNKNOWN,global_pass_fraction,CLEAN_NUISANCE,False,52,51,3,2
design,design_clean_197,clean,0.0,clean,roughness,5,balanced,UNKNOWN,global_pass_fraction,CLEAN_NUISANCE,False,52,51,3,2
design,design_clean_197,clean,0.0,clean,roughness,5,conservative,UNKNOWN,global_pass_fraction,CLEAN_NUISANCE,False,52,51,3,2
design,design_clean_198,clean,0.0,clean,roughness,6,global_baseline,UNKNOWN,global_pass_fraction,CLEAN_NUISANCE,False,54,51,3,3
design,design_clean_198,clean,0.0,clean,roughness,6,tile,UNKNOWN,global_pass_fraction,CLEAN_NUISANCE,False,54,51,3,3
design,design_clean_198,clean,0.0,clean,roughness,6,multiscale,UNKNOWN,global_pass_fraction,CLEAN_NUISANCE,False,54,51,3,3
design,design_clean_198,clean,0.0,clean,roughness,6,connected_component,UNKNOWN,global_pass_fraction,CLEAN_NUISANCE,False,54,51,3,3
design,design_clean_198,clean,0.0,clean,roughness,6,max_local_density,UNKNOWN,global_pass_fraction,CLEAN_NUISANCE,False,54,51,3,3
design,design_clean_198,clean,0.0,clean,roughness,6,edge_aware,UNKNOWN,global_pass_fraction,CLEAN_NUISANCE,False,54,51,3,3
design,design_clean_198,clean,0.0,clean,roughness,6,aggressive,UNKNOWN,global_pass_fraction,CLEAN_NUISANCE,False,54,51,3,3
design,design_clean_198,clean,0.0,clean,roughness,6,balanced,UNKNOWN,global_pass_fraction,CLEAN_NUISANCE,False,54,51,3,3
design,design_clean_198,clean,0.0,clean,roughness,6,conservative,UNKNOWN,global_pass_fraction,CLEAN_NUISANCE,False,54,51,3,3
design,design_clean_199,clean,0.0,clean,roughness,7,global_baseline,UNKNOWN,global_pass_fraction,CLEAN_NUISANCE,False,52,51,2,2
design,design_clean_199,clean,0.0,clean,roughness,7,tile,UNKNOWN,global_pass_fraction,CLEAN_NUISANCE,False,52,51,2,2
design,design_clean_199,clean,0.0,clean,roughness,7,multiscale,UNKNOWN,global_pass_fraction,CLEAN_NUISANCE,False,52,51,2,2
design,design_clean_199,clean,0.0,clean,roughness,7,connected_component,UNKNOWN,global_pass_fraction,CLEAN_NUISANCE,False,52,51,2,2
design,design_clean_199,clean,0.0,clean,roughness,7,max_local_density,UNKNOWN,global_pass_fraction,CLEAN_NUISANCE,False,52,51,2,2
design,design_clean_199,clean,0.0,clean,roughness,7,edge_aware,UNKNOWN,global_pass_fraction,CLEAN_NUISANCE,False,52,51,2,2
design,design_clean_199,clean,0.0,clean,roughness,7,aggressive,UNKNOWN,global_pass_fraction,CLEAN_NUISANCE,False,52,51,2,2
design,design_clean_199,clean,0.0,clean,roughness,7,balanced,UNKNOWN,global_pass_fraction,CLEAN_NUISANCE,False,52,51,2,2
design,design_clean_199,clean,0.0,clean,roughness,7,conservative,UNKNOWN,global_pass_fraction,CLEAN_NUISANCE,False,52,51,2,2
design,design_clean_200,clean,0.0,clean,roughness,8,global_baseline,UNKNOWN,global_pass_fraction,CLEAN_NUISANCE,False,53,51,4,3
design,design_clean_200,clean,0.0,clean,roughness,8,tile,UNKNOWN,global_pass_fraction,CLEAN_NUISANCE,False,53,51,4,3
design,design_clean_200,clean,0.0,clean,roughness,8,multiscale,UNKNOWN,global_pass_fraction,CLEAN_NUISANCE,False,53,51,4,3
design,design_clean_200,clean,0.0,clean,roughness,8,connected_component,UNKNOWN,global_pass_fraction,CLEAN_NUISANCE,False,53,51,4,3
design,design_clean_200,clean,0.0,clean,roughness,8,max_local_density,UNKNOWN,global_pass_fraction,CLEAN_NUISANCE,False,53,51,4,3
design,design_clean_200,clean,0.0,clean,roughness,8,edge_aware,UNKNOWN,global_pass_fraction,CLEAN_NUISANCE,False,53,51,4,3
design,design_clean_200,clean,0.0,clean,roughness,8,aggressive,UNKNOWN,global_pass_fraction,CLEAN_NUISANCE,False,53,51,4,3
design,design_clean_200,clean,0.0,clean,roughness,8,balanced,UNKNOWN,global_pass_fraction,CLEAN_NUISANCE,False,53,51,4,3
design,design_clean_200,clean,0.0,clean,roughness,8,conservative,UNKNOWN,global_pass_fraction,CLEAN_NUISANCE,False,53,51,4,3
design,design_clean_201,clean,0.0,clean,roughness,9,global_baseline,UNKNOWN,global_pass_fraction,CLEAN_NUISANCE,False,53,51,3,3
design,design_clean_201,clean,0.0,clean,roughness,9,tile,UNKNOWN,global_pass_fraction,CLEAN_NUISANCE,False,53,51,3,3
design,design_clean_201,clean,0.0,clean,roughness,9,multiscale,UNKNOWN,global_pass_fraction,CLEAN_NUISANCE,False,53,51,3,3
design,design_clean_201,clean,0.0,clean,roughness,9,connected_component,UNKNOWN,global_pass_fraction,CLEAN_NUISANCE,False,53,51,3,3
design,design_clean_201,clean,0.0,clean,roughness,9,max_local_density,UNKNOWN,global_pass_fraction,CLEAN_NUISANCE,False,53,51,3,3
design,design_clean_201,clean,0.0,clean,roughness,9,edge_aware,UNKNOWN,global_pass_fraction,CLEAN_NUISANCE,False,53,51,3,3
design,design_clean_201,clean,0.0,clean,roughness,9,aggressive,UNKNOWN,global_pass_fraction,CLEAN_NUISANCE,False,53,51,3,3
design,design_clean_201,clean,0.0,clean,roughness,9,balanced,UNKNOWN,global_pass_fraction,CLEAN_NUISANCE,False,53,51,3,3
design,design_clean_201,clean,0.0,clean,roughness,9,conservative,UNKNOWN,global_pass_fraction,CLEAN_NUISANCE,False,53,51,3,3
design,design_clean_202,clean,0.0,clean,roughness,10,global_baseline,PASS,spatial_certificate,CLEAN_NUISANCE,False,0,51,0,0
design,design_clean_202,clean,0.0,clean,roughness,10,tile,PASS,spatial_certificate,CLEAN_NUISANCE,False,0,51,0,0
design,design_clean_202,clean,0.0,clean,roughness,10,multiscale,PASS,spatial_certificate,CLEAN_NUISANCE,False,0,51,0,0
design,design_clean_202,clean,0.0,clean,roughness,10,connected_component,PASS,spatial_certificate,CLEAN_NUISANCE,False,0,51,0,0
design,design_clean_202,clean,0.0,clean,roughness,10,max_local_density,PASS,spatial_certificate,CLEAN_NUISANCE,False,0,51,0,0
design,design_clean_202,clean,0.0,clean,roughness,10,edge_aware,PASS,spatial_certificate,CLEAN_NUISANCE,False,0,51,0,0
design,design_clean_202,clean,0.0,clean,roughness,10,aggressive,PASS,spatial_certificate,CLEAN_NUISANCE,False,0,51,0,0
design,design_clean_202,clean,0.0,clean,roughness,10,balanced,PASS,spatial_certificate,CLEAN_NUISANCE,False,0,51,0,0
design,design_clean_202,clean,0.0,clean,roughness,10,conservative,PASS,spatial_certificate,CLEAN_NUISANCE,False,0,51,0,0
design,design_clean_203,clean,0.0,clean,roughness,11,global_baseline,UNKNOWN,global_pass_fraction,CLEAN_NUISANCE,False,52,51,4,4
design,design_clean_203,clean,0.0,clean,roughness,11,tile,UNKNOWN,global_pass_fraction,CLEAN_NUISANCE,False,52,51,4,4
design,design_clean_203,clean,0.0,clean,roughness,11,multiscale,UNKNOWN,global_pass_fraction,CLEAN_NUISANCE,False,52,51,4,4
design,design_clean_203,clean,0.0,clean,roughness,11,connected_component,UNKNOWN,global_pass_fraction,CLEAN_NUISANCE,False,52,51,4,4
design,design_clean_203,clean,0.0,clean,roughness,11,max_local_density,UNKNOWN,global_pass_fraction,CLEAN_NUISANCE,False,52,51,4,4
design,design_clean_203,clean,0.0,clean,roughness,11,edge_aware,UNKNOWN,global_pass_fraction,CLEAN_NUISANCE,False,52,51,4,4
design,design_clean_203,clean,0.0,clean,roughness,11,aggressive,UNKNOWN,global_pass_fraction,CLEAN_NUISANCE,False,52,51,4,4
design,design_clean_203,clean,0.0,clean,roughness,11,balanced,UNKNOWN,global_pass_fraction,CLEAN_NUISANCE,False,52,51,4,4
design,design_clean_203,clean,0.0,clean,roughness,11,conservative,UNKNOWN,global_pass_fraction,CLEAN_NUISANCE,False,52,51,4,4
design,design_clean_204,clean,0.0,clean,roughness,12,global_baseline,PASS,spatial_certificate,CLEAN_NUISANCE,False,51,51,3,3
design,design_clean_204,clean,0.0,clean,roughness,12,tile,UNKNOWN,tile_density,CLEAN_NUISANCE,False,51,51,3,3
design,design_clean_204,clean,0.0,clean,roughness,12,multiscale,UNKNOWN,window_4_density,CLEAN_NUISANCE,False,51,51,3,3
design,design_clean_204,clean,0.0,clean,roughness,12,connected_component,PASS,spatial_certificate,CLEAN_NUISANCE,False,51,51,3,3
design,design_clean_204,clean,0.0,clean,roughness,12,max_local_density,UNKNOWN,window_4_density,CLEAN_NUISANCE,False,51,51,3,3
design,design_clean_204,clean,0.0,clean,roughness,12,edge_aware,PASS,spatial_certificate,CLEAN_NUISANCE,False,51,51,3,3
design,design_clean_204,clean,0.0,clean,roughness,12,aggressive,UNKNOWN,tile_density,CLEAN_NUISANCE,False,51,51,3,3
design,design_clean_204,clean,0.0,clean,roughness,12,balanced,PASS,spatial_certificate,CLEAN_NUISANCE,False,51,51,3,3
design,design_clean_204,clean,0.0,clean,roughness,12,conservative,PASS,spatial_certificate,CLEAN_NUISANCE,False,51,51,3,3
design,design_clean_205,clean,0.0,clean,roughness,13,global_baseline,UNKNOWN,global_pass_fraction,CLEAN_NUISANCE,False,52,51,4,3
design,design_clean_205,clean,0.0,clean,roughness,13,tile,UNKNOWN,global_pass_fraction,CLEAN_NUISANCE,False,52,51,4,3
design,design_clean_205,clean,0.0,clean,roughness,13,multiscale,UNKNOWN,global_pass_fraction,CLEAN_NUISANCE,False,52,51,4,3
design,design_clean_205,clean,0.0,clean,roughness,13,connected_component,UNKNOWN,global_pass_fraction,CLEAN_NUISANCE,False,52,51,4,3
design,design_clean_205,clean,0.0,clean,roughness,13,max_local_density,UNKNOWN,global_pass_fraction,CLEAN_NUISANCE,False,52,51,4,3
design,design_clean_205,clean,0.0,clean,roughness,13,edge_aware,UNKNOWN,global_pass_fraction,CLEAN_NUISANCE,False,52,51,4,3
design,design_clean_205,clean,0.0,clean,roughness,13,aggressive,UNKNOWN,global_pass_fraction,CLEAN_NUISANCE,False,52,51,4,3
design,design_clean_205,clean,0.0,clean,roughness,13,balanced,UNKNOWN,global_pass_fraction,CLEAN_NUISANCE,False,52,51,4,3
design,design_clean_205,clean,0.0,clean,roughness,13,conservative,UNKNOWN,global_pass_fraction,CLEAN_NUISANCE,False,52,51,4,3
design,design_clean_206,clean,0.0,clean,roughness,14,global_baseline,UNKNOWN,global_pass_fraction,CLEAN_NUISANCE,False,53,51,3,3
design,design_clean_206,clean,0.0,clean,roughness,14,tile,UNKNOWN,global_pass_fraction,CLEAN_NUISANCE,False,53,51,3,3
design,design_clean_206,clean,0.0,clean,roughness,14,multiscale,UNKNOWN,global_pass_fraction,CLEAN_NUISANCE,False,53,51,3,3
design,design_clean_206,clean,0.0,clean,roughness,14,connected_component,UNKNOWN,global_pass_fraction,CLEAN_NUISANCE,False,53,51,3,3
design,design_clean_206,clean,0.0,clean,roughness,14,max_local_density,UNKNOWN,global_pass_fraction,CLEAN_NUISANCE,False,53,51,3,3
design,design_clean_206,clean,0.0,clean,roughness,14,edge_aware,UNKNOWN,global_pass_fraction,CLEAN_NUISANCE,False,53,51,3,3
design,design_clean_206,clean,0.0,clean,roughness,14,aggressive,UNKNOWN,global_pass_fraction,CLEAN_NUISANCE,False,53,51,3,3
design,design_clean_206,clean,0.0,clean,roughness,14,balanced,UNKNOWN,global_pass_fraction,CLEAN_NUISANCE,False,53,51,3,3
design,design_clean_206,clean,0.0,clean,roughness,14,conservative,UNKNOWN,global_pass_fraction,CLEAN_NUISANCE,False,53,51,3,3
design,design_clean_207,clean,0.0,clean,roughness,15,global_baseline,PASS,spatial_certificate,CLEAN_NUISANCE,False,50,51,3,3
design,design_clean_207,clean,0.0,clean,roughness,15,tile,PASS,spatial_certificate,CLEAN_NUISANCE,False,50,51,3,3
design,design_clean_207,clean,0.0,clean,roughness,15,multiscale,UNKNOWN,window_4_density,CLEAN_NUISANCE,False,50,51,3,3
design,design_clean_207,clean,0.0,clean,roughness,15,connected_component,PASS,spatial_certificate,CLEAN_NUISANCE,False,50,51,3,3
design,design_clean_207,clean,0.0,clean,roughness,15,max_local_density,UNKNOWN,window_4_density,CLEAN_NUISANCE,False,50,51,3,3
design,design_clean_207,clean,0.0,clean,roughness,15,edge_aware,PASS,spatial_certificate,CLEAN_NUISANCE,False,50,51,3,3
design,design_clean_207,clean,0.0,clean,roughness,15,aggressive,UNKNOWN,tile_density,CLEAN_NUISANCE,False,50,51,3,3
design,design_clean_207,clean,0.0,clean,roughness,15,balanced,PASS,spatial_certificate,CLEAN_NUISANCE,False,50,51,3,3
design,design_clean_207,clean,0.0,clean,roughness,15,conservative,PASS,spatial_certificate,CLEAN_NUISANCE,False,50,51,3,3
design,design_clean_208,clean,0.0,clean,illumination_gradient,0,global_baseline,PASS,spatial_certificate,CLEAN_NUISANCE,False,1,1024,1,1
design,design_clean_208,clean,0.0,clean,illumination_gradient,0,tile,PASS,spatial_certificate,CLEAN_NUISANCE,False,1,1024,1,1
design,design_clean_208,clean,0.0,clean,illumination_gradient,0,multiscale,PASS,spatial_certificate,CLEAN_NUISANCE,False,1,1024,1,1
design,design_clean_208,clean,0.0,clean,illumination_gradient,0,connected_component,PASS,spatial_certificate,CLEAN_NUISANCE,False,1,1024,1,1
design,design_clean_208,clean,0.0,clean,illumination_gradient,0,max_local_density,PASS,spatial_certificate,CLEAN_NUISANCE,False,1,1024,1,1
design,design_clean_208,clean,0.0,clean,illumination_gradient,0,edge_aware,PASS,spatial_certificate,CLEAN_NUISANCE,False,1,1024,1,1
design,design_clean_208,clean,0.0,clean,illumination_gradient,0,aggressive,PASS,spatial_certificate,CLEAN_NUISANCE,False,1,1024,1,1
design,design_clean_208,clean,0.0,clean,illumination_gradient,0,balanced,PASS,spatial_certificate,CLEAN_NUISANCE,False,1,1024,1,1
design,design_clean_208,clean,0.0,clean,illumination_gradient,0,conservative,PASS,spatial_certificate,CLEAN_NUISANCE,False,1,1024,1,1
design,design_clean_209,clean,0.0,clean,illumination_gradient,1,global_baseline,PASS,spatial_certificate,CLEAN_NUISANCE,False,1,1024,1,1
design,design_clean_209,clean,0.0,clean,illumination_gradient,1,tile,PASS,spatial_certificate,CLEAN_NUISANCE,False,1,1024,1,1
design,design_clean_209,clean,0.0,clean,illumination_gradient,1,multiscale,PASS,spatial_certificate,CLEAN_NUISANCE,False,1,1024,1,1
design,design_clean_209,clean,0.0,clean,illumination_gradient,1,connected_component,PASS,spatial_certificate,CLEAN_NUISANCE,False,1,1024,1,1
design,design_clean_209,clean,0.0,clean,illumination_gradient,1,max_local_density,PASS,spatial_certificate,CLEAN_NUISANCE,False,1,1024,1,1
design,design_clean_209,clean,0.0,clean,illumination_gradient,1,edge_aware,PASS,spatial_certificate,CLEAN_NUISANCE,False,1,1024,1,1
design,design_clean_209,clean,0.0,clean,illumination_gradient,1,aggressive,PASS,spatial_certificate,CLEAN_NUISANCE,False,1,1024,1,1
design,design_clean_209,clean,0.0,clean,illumination_gradient,1,balanced,PASS,spatial_certificate,CLEAN_NUISANCE,False,1,1024,1,1
design,design_clean_209,clean,0.0,clean,illumination_gradient,1,conservative,PASS,spatial_certificate,CLEAN_NUISANCE,False,1,1024,1,1
design,design_clean_210,clean,0.0,clean,illumination_gradient,2,global_baseline,PASS,spatial_certificate,CLEAN_NUISANCE,False,1,1024,1,1
design,design_clean_210,clean,0.0,clean,illumination_gradient,2,tile,PASS,spatial_certificate,CLEAN_NUISANCE,False,1,1024,1,1
design,design_clean_210,clean,0.0,clean,illumination_gradient,2,multiscale,PASS,spatial_certificate,CLEAN_NUISANCE,False,1,1024,1,1
design,design_clean_210,clean,0.0,clean,illumination_gradient,2,connected_component,PASS,spatial_certificate,CLEAN_NUISANCE,False,1,1024,1,1
design,design_clean_210,clean,0.0,clean,illumination_gradient,2,max_local_density,PASS,spatial_certificate,CLEAN_NUISANCE,False,1,1024,1,1
design,design_clean_210,clean,0.0,clean,illumination_gradient,2,edge_aware,PASS,spatial_certificate,CLEAN_NUISANCE,False,1,1024,1,1
design,design_clean_210,clean,0.0,clean,illumination_gradient,2,aggressive,PASS,spatial_certificate,CLEAN_NUISANCE,False,1,1024,1,1
design,design_clean_210,clean,0.0,clean,illumination_gradient,2,balanced,PASS,spatial_certificate,CLEAN_NUISANCE,False,1,1024,1,1
design,design_clean_210,clean,0.0,clean,illumination_gradient,2,conservative,PASS,spatial_certificate,CLEAN_NUISANCE,False,1,1024,1,1
design,design_clean_211,clean,0.0,clean,illumination_gradient,3,global_baseline,PASS,spatial_certificate,CLEAN_NUISANCE,False,0,1024,0,0
design,design_clean_211,clean,0.0,clean,illumination_gradient,3,tile,PASS,spatial_certificate,CLEAN_NUISANCE,False,0,1024,0,0
design,design_clean_211,clean,0.0,clean,illumination_gradient,3,multiscale,PASS,spatial_certificate,CLEAN_NUISANCE,False,0,1024,0,0
design,design_clean_211,clean,0.0,clean,illumination_gradient,3,connected_component,PASS,spatial_certificate,CLEAN_NUISANCE,False,0,1024,0,0
design,design_clean_211,clean,0.0,clean,illumination_gradient,3,max_local_density,PASS,spatial_certificate,CLEAN_NUISANCE,False,0,1024,0,0
design,design_clean_211,clean,0.0,clean,illumination_gradient,3,edge_aware,PASS,spatial_certificate,CLEAN_NUISANCE,False,0,1024,0,0
design,design_clean_211,clean,0.0,clean,illumination_gradient,3,aggressive,PASS,spatial_certificate,CLEAN_NUISANCE,False,0,1024,0,0
design,design_clean_211,clean,0.0,clean,illumination_gradient,3,balanced,PASS,spatial_certificate,CLEAN_NUISANCE,False,0,1024,0,0
design,design_clean_211,clean,0.0,clean,illumination_gradient,3,conservative,PASS,spatial_certificate,CLEAN_NUISANCE,False,0,1024,0,0
design,design_clean_212,clean,0.0,clean,illumination_gradient,4,global_baseline,PASS,spatial_certificate,CLEAN_NUISANCE,False,1,1024,1,1
design,design_clean_212,clean,0.0,clean,illumination_gradient,4,tile,PASS,spatial_certificate,CLEAN_NUISANCE,False,1,1024,1,1
design,design_clean_212,clean,0.0,clean,illumination_gradient,4,multiscale,PASS,spatial_certificate,CLEAN_NUISANCE,False,1,1024,1,1
design,design_clean_212,clean,0.0,clean,illumination_gradient,4,connected_component,PASS,spatial_certificate,CLEAN_NUISANCE,False,1,1024,1,1
design,design_clean_212,clean,0.0,clean,illumination_gradient,4,max_local_density,PASS,spatial_certificate,CLEAN_NUISANCE,False,1,1024,1,1
design,design_clean_212,clean,0.0,clean,illumination_gradient,4,edge_aware,PASS,spatial_certificate,CLEAN_NUISANCE,False,1,1024,1,1
design,design_clean_212,clean,0.0,clean,illumination_gradient,4,aggressive,PASS,spatial_certificate,CLEAN_NUISANCE,False,1,1024,1,1
design,design_clean_212,clean,0.0,clean,illumination_gradient,4,balanced,PASS,spatial_certificate,CLEAN_NUISANCE,False,1,1024,1,1
design,design_clean_212,clean,0.0,clean,illumination_gradient,4,conservative,PASS,spatial_certificate,CLEAN_NUISANCE,False,1,1024,1,1
design,design_clean_213,clean,0.0,clean,illumination_gradient,5,global_baseline,PASS,spatial_certificate,CLEAN_NUISANCE,False,2,1024,1,1
design,design_clean_213,clean,0.0,clean,illumination_gradient,5,tile,PASS,spatial_certificate,CLEAN_NUISANCE,False,2,1024,1,1
design,design_clean_213,clean,0.0,clean,illumination_gradient,5,multiscale,PASS,spatial_certificate,CLEAN_NUISANCE,False,2,1024,1,1
design,design_clean_213,clean,0.0,clean,illumination_gradient,5,connected_component,PASS,spatial_certificate,CLEAN_NUISANCE,False,2,1024,1,1
design,design_clean_213,clean,0.0,clean,illumination_gradient,5,max_local_density,PASS,spatial_certificate,CLEAN_NUISANCE,False,2,1024,1,1
design,design_clean_213,clean,0.0,clean,illumination_gradient,5,edge_aware,PASS,spatial_certificate,CLEAN_NUISANCE,False,2,1024,1,1
design,design_clean_213,clean,0.0,clean,illumination_gradient,5,aggressive,PASS,spatial_certificate,CLEAN_NUISANCE,False,2,1024,1,1
design,design_clean_213,clean,0.0,clean,illumination_gradient,5,balanced,PASS,spatial_certificate,CLEAN_NUISANCE,False,2,1024,1,1
design,design_clean_213,clean,0.0,clean,illumination_gradient,5,conservative,PASS,spatial_certificate,CLEAN_NUISANCE,False,2,1024,1,1
design,design_clean_214,clean,0.0,clean,illumination_gradient,6,global_baseline,PASS,spatial_certificate,CLEAN_NUISANCE,False,0,1024,0,0
design,design_clean_214,clean,0.0,clean,illumination_gradient,6,tile,PASS,spatial_certificate,CLEAN_NUISANCE,False,0,1024,0,0
design,design_clean_214,clean,0.0,clean,illumination_gradient,6,multiscale,PASS,spatial_certificate,CLEAN_NUISANCE,False,0,1024,0,0
design,design_clean_214,clean,0.0,clean,illumination_gradient,6,connected_component,PASS,spatial_certificate,CLEAN_NUISANCE,False,0,1024,0,0
design,design_clean_214,clean,0.0,clean,illumination_gradient,6,max_local_density,PASS,spatial_certificate,CLEAN_NUISANCE,False,0,1024,0,0
design,design_clean_214,clean,0.0,clean,illumination_gradient,6,edge_aware,PASS,spatial_certificate,CLEAN_NUISANCE,False,0,1024,0,0
design,design_clean_214,clean,0.0,clean,illumination_gradient,6,aggressive,PASS,spatial_certificate,CLEAN_NUISANCE,False,0,1024,0,0
design,design_clean_214,clean,0.0,clean,illumination_gradient,6,balanced,PASS,spatial_certificate,CLEAN_NUISANCE,False,0,1024,0,0
design,design_clean_214,clean,0.0,clean,illumination_gradient,6,conservative,PASS,spatial_certificate,CLEAN_NUISANCE,False,0,1024,0,0
design,design_clean_215,clean,0.0,clean,illumination_gradient,7,global_baseline,PASS,spatial_certificate,CLEAN_NUISANCE,False,1,1024,1,1
design,design_clean_215,clean,0.0,clean,illumination_gradient,7,tile,PASS,spatial_certificate,CLEAN_NUISANCE,False,1,1024,1,1
design,design_clean_215,clean,0.0,clean,illumination_gradient,7,multiscale,PASS,spatial_certificate,CLEAN_NUISANCE,False,1,1024,1,1
design,design_clean_215,clean,0.0,clean,illumination_gradient,7,connected_component,PASS,spatial_certificate,CLEAN_NUISANCE,False,1,1024,1,1
design,design_clean_215,clean,0.0,clean,illumination_gradient,7,max_local_density,PASS,spatial_certificate,CLEAN_NUISANCE,False,1,1024,1,1
design,design_clean_215,clean,0.0,clean,illumination_gradient,7,edge_aware,PASS,spatial_certificate,CLEAN_NUISANCE,False,1,1024,1,1
design,design_clean_215,clean,0.0,clean,illumination_gradient,7,aggressive,PASS,spatial_certificate,CLEAN_NUISANCE,False,1,1024,1,1
design,design_clean_215,clean,0.0,clean,illumination_gradient,7,balanced,PASS,spatial_certificate,CLEAN_NUISANCE,False,1,1024,1,1
design,design_clean_215,clean,0.0,clean,illumination_gradient,7,conservative,PASS,spatial_certificate,CLEAN_NUISANCE,False,1,1024,1,1
design,design_clean_216,clean,0.0,clean,illumination_gradient,8,global_baseline,PASS,spatial_certificate,CLEAN_NUISANCE,False,1,1024,1,1
design,design_clean_216,clean,0.0,clean,illumination_gradient,8,tile,PASS,spatial_certificate,CLEAN_NUISANCE,False,1,1024,1,1
design,design_clean_216,clean,0.0,clean,illumination_gradient,8,multiscale,PASS,spatial_certificate,CLEAN_NUISANCE,False,1,1024,1,1
design,design_clean_216,clean,0.0,clean,illumination_gradient,8,connected_component,PASS,spatial_certificate,CLEAN_NUISANCE,False,1,1024,1,1
design,design_clean_216,clean,0.0,clean,illumination_gradient,8,max_local_density,PASS,spatial_certificate,CLEAN_NUISANCE,False,1,1024,1,1
design,design_clean_216,clean,0.0,clean,illumination_gradient,8,edge_aware,PASS,spatial_certificate,CLEAN_NUISANCE,False,1,1024,1,1
design,design_clean_216,clean,0.0,clean,illumination_gradient,8,aggressive,PASS,spatial_certificate,CLEAN_NUISANCE,False,1,1024,1,1
design,design_clean_216,clean,0.0,clean,illumination_gradient,8,balanced,PASS,spatial_certificate,CLEAN_NUISANCE,False,1,1024,1,1
design,design_clean_216,clean,0.0,clean,illumination_gradient,8,conservative,PASS,spatial_certificate,CLEAN_NUISANCE,False,1,1024,1,1
design,design_clean_217,clean,0.0,clean,illumination_gradient,9,global_baseline,PASS,spatial_certificate,CLEAN_NUISANCE,False,2,1024,1,1
design,design_clean_217,clean,0.0,clean,illumination_gradient,9,tile,PASS,spatial_certificate,CLEAN_NUISANCE,False,2,1024,1,1
design,design_clean_217,clean,0.0,clean,illumination_gradient,9,multiscale,PASS,spatial_certificate,CLEAN_NUISANCE,False,2,1024,1,1
design,design_clean_217,clean,0.0,clean,illumination_gradient,9,connected_component,PASS,spatial_certificate,CLEAN_NUISANCE,False,2,1024,1,1
design,design_clean_217,clean,0.0,clean,illumination_gradient,9,max_local_density,PASS,spatial_certificate,CLEAN_NUISANCE,False,2,1024,1,1
design,design_clean_217,clean,0.0,clean,illumination_gradient,9,edge_aware,PASS,spatial_certificate,CLEAN_NUISANCE,False,2,1024,1,1
design,design_clean_217,clean,0.0,clean,illumination_gradient,9,aggressive,PASS,spatial_certificate,CLEAN_NUISANCE,False,2,1024,1,1
design,design_clean_217,clean,0.0,clean,illumination_gradient,9,balanced,PASS,spatial_certificate,CLEAN_NUISANCE,False,2,1024,1,1
design,design_clean_217,clean,0.0,clean,illumination_gradient,9,conservative,PASS,spatial_certificate,CLEAN_NUISANCE,False,2,1024,1,1
design,design_clean_218,clean,0.0,clean,illumination_gradient,10,global_baseline,PASS,spatial_certificate,CLEAN_NUISANCE,False,1,1024,1,1
design,design_clean_218,clean,0.0,clean,illumination_gradient,10,tile,PASS,spatial_certificate,CLEAN_NUISANCE,False,1,1024,1,1
design,design_clean_218,clean,0.0,clean,illumination_gradient,10,multiscale,PASS,spatial_certificate,CLEAN_NUISANCE,False,1,1024,1,1
design,design_clean_218,clean,0.0,clean,illumination_gradient,10,connected_component,PASS,spatial_certificate,CLEAN_NUISANCE,False,1,1024,1,1
design,design_clean_218,clean,0.0,clean,illumination_gradient,10,max_local_density,PASS,spatial_certificate,CLEAN_NUISANCE,False,1,1024,1,1
design,design_clean_218,clean,0.0,clean,illumination_gradient,10,edge_aware,PASS,spatial_certificate,CLEAN_NUISANCE,False,1,1024,1,1
design,design_clean_218,clean,0.0,clean,illumination_gradient,10,aggressive,PASS,spatial_certificate,CLEAN_NUISANCE,False,1,1024,1,1
design,design_clean_218,clean,0.0,clean,illumination_gradient,10,balanced,PASS,spatial_certificate,CLEAN_NUISANCE,False,1,1024,1,1
design,design_clean_218,clean,0.0,clean,illumination_gradient,10,conservative,PASS,spatial_certificate,CLEAN_NUISANCE,False,1,1024,1,1
design,design_clean_219,clean,0.0,clean,illumination_gradient,11,global_baseline,PASS,spatial_certificate,CLEAN_NUISANCE,False,0,1024,0,0
design,design_clean_219,clean,0.0,clean,illumination_gradient,11,tile,PASS,spatial_certificate,CLEAN_NUISANCE,False,0,1024,0,0
design,design_clean_219,clean,0.0,clean,illumination_gradient,11,multiscale,PASS,spatial_certificate,CLEAN_NUISANCE,False,0,1024,0,0
design,design_clean_219,clean,0.0,clean,illumination_gradient,11,connected_component,PASS,spatial_certificate,CLEAN_NUISANCE,False,0,1024,0,0
design,design_clean_219,clean,0.0,clean,illumination_gradient,11,max_local_density,PASS,spatial_certificate,CLEAN_NUISANCE,False,0,1024,0,0
design,design_clean_219,clean,0.0,clean,illumination_gradient,11,edge_aware,PASS,spatial_certificate,CLEAN_NUISANCE,False,0,1024,0,0
design,design_clean_219,clean,0.0,clean,illumination_gradient,11,aggressive,PASS,spatial_certificate,CLEAN_NUISANCE,False,0,1024,0,0
design,design_clean_219,clean,0.0,clean,illumination_gradient,11,balanced,PASS,spatial_certificate,CLEAN_NUISANCE,False,0,1024,0,0
design,design_clean_219,clean,0.0,clean,illumination_gradient,11,conservative,PASS,spatial_certificate,CLEAN_NUISANCE,False,0,1024,0,0
design,design_clean_220,clean,0.0,clean,illumination_gradient,12,global_baseline,PASS,spatial_certificate,CLEAN_NUISANCE,False,3,1024,1,1
design,design_clean_220,clean,0.0,clean,illumination_gradient,12,tile,PASS,spatial_certificate,CLEAN_NUISANCE,False,3,1024,1,1
design,design_clean_220,clean,0.0,clean,illumination_gradient,12,multiscale,PASS,spatial_certificate,CLEAN_NUISANCE,False,3,1024,1,1
design,design_clean_220,clean,0.0,clean,illumination_gradient,12,connected_component,PASS,spatial_certificate,CLEAN_NUISANCE,False,3,1024,1,1
design,design_clean_220,clean,0.0,clean,illumination_gradient,12,max_local_density,PASS,spatial_certificate,CLEAN_NUISANCE,False,3,1024,1,1
design,design_clean_220,clean,0.0,clean,illumination_gradient,12,edge_aware,PASS,spatial_certificate,CLEAN_NUISANCE,False,3,1024,1,1
design,design_clean_220,clean,0.0,clean,illumination_gradient,12,aggressive,PASS,spatial_certificate,CLEAN_NUISANCE,False,3,1024,1,1
design,design_clean_220,clean,0.0,clean,illumination_gradient,12,balanced,PASS,spatial_certificate,CLEAN_NUISANCE,False,3,1024,1,1
design,design_clean_220,clean,0.0,clean,illumination_gradient,12,conservative,PASS,spatial_certificate,CLEAN_NUISANCE,False,3,1024,1,1
design,design_clean_221,clean,0.0,clean,illumination_gradient,13,global_baseline,PASS,spatial_certificate,CLEAN_NUISANCE,False,1,1024,1,1
design,design_clean_221,clean,0.0,clean,illumination_gradient,13,tile,PASS,spatial_certificate,CLEAN_NUISANCE,False,1,1024,1,1
design,design_clean_221,clean,0.0,clean,illumination_gradient,13,multiscale,PASS,spatial_certificate,CLEAN_NUISANCE,False,1,1024,1,1
design,design_clean_221,clean,0.0,clean,illumination_gradient,13,connected_component,PASS,spatial_certificate,CLEAN_NUISANCE,False,1,1024,1,1
design,design_clean_221,clean,0.0,clean,illumination_gradient,13,max_local_density,PASS,spatial_certificate,CLEAN_NUISANCE,False,1,1024,1,1
design,design_clean_221,clean,0.0,clean,illumination_gradient,13,edge_aware,PASS,spatial_certificate,CLEAN_NUISANCE,False,1,1024,1,1
design,design_clean_221,clean,0.0,clean,illumination_gradient,13,aggressive,PASS,spatial_certificate,CLEAN_NUISANCE,False,1,1024,1,1
design,design_clean_221,clean,0.0,clean,illumination_gradient,13,balanced,PASS,spatial_certificate,CLEAN_NUISANCE,False,1,1024,1,1
design,design_clean_221,clean,0.0,clean,illumination_gradient,13,conservative,PASS,spatial_certificate,CLEAN_NUISANCE,False,1,1024,1,1
design,design_clean_222,clean,0.0,clean,illumination_gradient,14,global_baseline,PASS,spatial_certificate,CLEAN_NUISANCE,False,0,1024,0,0
design,design_clean_222,clean,0.0,clean,illumination_gradient,14,tile,PASS,spatial_certificate,CLEAN_NUISANCE,False,0,1024,0,0
design,design_clean_222,clean,0.0,clean,illumination_gradient,14,multiscale,PASS,spatial_certificate,CLEAN_NUISANCE,False,0,1024,0,0
design,design_clean_222,clean,0.0,clean,illumination_gradient,14,connected_component,PASS,spatial_certificate,CLEAN_NUISANCE,False,0,1024,0,0
design,design_clean_222,clean,0.0,clean,illumination_gradient,14,max_local_density,PASS,spatial_certificate,CLEAN_NUISANCE,False,0,1024,0,0
design,design_clean_222,clean,0.0,clean,illumination_gradient,14,edge_aware,PASS,spatial_certificate,CLEAN_NUISANCE,False,0,1024,0,0
design,design_clean_222,clean,0.0,clean,illumination_gradient,14,aggressive,PASS,spatial_certificate,CLEAN_NUISANCE,False,0,1024,0,0
design,design_clean_222,clean,0.0,clean,illumination_gradient,14,balanced,PASS,spatial_certificate,CLEAN_NUISANCE,False,0,1024,0,0
design,design_clean_222,clean,0.0,clean,illumination_gradient,14,conservative,PASS,spatial_certificate,CLEAN_NUISANCE,False,0,1024,0,0
design,design_clean_223,clean,0.0,clean,illumination_gradient,15,global_baseline,PASS,spatial_certificate,CLEAN_NUISANCE,False,1,1024,1,1
design,design_clean_223,clean,0.0,clean,illumination_gradient,15,tile,PASS,spatial_certificate,CLEAN_NUISANCE,False,1,1024,1,1
design,design_clean_223,clean,0.0,clean,illumination_gradient,15,multiscale,PASS,spatial_certificate,CLEAN_NUISANCE,False,1,1024,1,1
design,design_clean_223,clean,0.0,clean,illumination_gradient,15,connected_component,PASS,spatial_certificate,CLEAN_NUISANCE,False,1,1024,1,1
design,design_clean_223,clean,0.0,clean,illumination_gradient,15,max_local_density,PASS,spatial_certificate,CLEAN_NUISANCE,False,1,1024,1,1
design,design_clean_223,clean,0.0,clean,illumination_gradient,15,edge_aware,PASS,spatial_certificate,CLEAN_NUISANCE,False,1,1024,1,1
design,design_clean_223,clean,0.0,clean,illumination_gradient,15,aggressive,PASS,spatial_certificate,CLEAN_NUISANCE,False,1,1024,1,1
design,design_clean_223,clean,0.0,clean,illumination_gradient,15,balanced,PASS,spatial_certificate,CLEAN_NUISANCE,False,1,1024,1,1
design,design_clean_223,clean,0.0,clean,illumination_gradient,15,conservative,PASS,spatial_certificate,CLEAN_NUISANCE,False,1,1024,1,1
design,design_clean_224,clean,0.0,clean,edge_artifact,0,global_baseline,PASS,spatial_certificate,CLEAN_NUISANCE,False,15,12,12,5
design,design_clean_224,clean,0.0,clean,edge_artifact,0,tile,UNKNOWN,tile_density,CLEAN_NUISANCE,False,15,12,12,5
design,design_clean_224,clean,0.0,clean,edge_artifact,0,multiscale,UNKNOWN,window_4_density,CLEAN_NUISANCE,False,15,12,12,5
design,design_clean_224,clean,0.0,clean,edge_artifact,0,connected_component,UNKNOWN,component_area,CLEAN_NUISANCE,False,15,12,12,5
design,design_clean_224,clean,0.0,clean,edge_artifact,0,max_local_density,UNKNOWN,window_4_density,CLEAN_NUISANCE,False,15,12,12,5
design,design_clean_224,clean,0.0,clean,edge_artifact,0,edge_aware,PASS,spatial_certificate,CLEAN_NUISANCE,False,15,12,12,5
design,design_clean_224,clean,0.0,clean,edge_artifact,0,aggressive,UNKNOWN,tile_density,CLEAN_NUISANCE,False,15,12,12,5
design,design_clean_224,clean,0.0,clean,edge_artifact,0,balanced,PASS,spatial_certificate,CLEAN_NUISANCE,False,15,12,12,5
design,design_clean_224,clean,0.0,clean,edge_artifact,0,conservative,PASS,spatial_certificate,CLEAN_NUISANCE,False,15,12,12,5
design,design_clean_225,clean,0.0,clean,edge_artifact,1,global_baseline,PASS,spatial_certificate,CLEAN_NUISANCE,False,2,12,2,2
design,design_clean_225,clean,0.0,clean,edge_artifact,1,tile,PASS,spatial_certificate,CLEAN_NUISANCE,False,2,12,2,2
design,design_clean_225,clean,0.0,clean,edge_artifact,1,multiscale,PASS,spatial_certificate,CLEAN_NUISANCE,False,2,12,2,2
design,design_clean_225,clean,0.0,clean,edge_artifact,1,connected_component,PASS,spatial_certificate,CLEAN_NUISANCE,False,2,12,2,2
design,design_clean_225,clean,0.0,clean,edge_artifact,1,max_local_density,PASS,spatial_certificate,CLEAN_NUISANCE,False,2,12,2,2
design,design_clean_225,clean,0.0,clean,edge_artifact,1,edge_aware,PASS,spatial_certificate,CLEAN_NUISANCE,False,2,12,2,2
design,design_clean_225,clean,0.0,clean,edge_artifact,1,aggressive,UNKNOWN,window_4_density,CLEAN_NUISANCE,False,2,12,2,2
design,design_clean_225,clean,0.0,clean,edge_artifact,1,balanced,PASS,spatial_certificate,CLEAN_NUISANCE,False,2,12,2,2
design,design_clean_225,clean,0.0,clean,edge_artifact,1,conservative,PASS,spatial_certificate,CLEAN_NUISANCE,False,2,12,2,2
design,design_clean_226,clean,0.0,clean,edge_artifact,2,global_baseline,PASS,spatial_certificate,CLEAN_NUISANCE,False,14,12,12,5
design,design_clean_226,clean,0.0,clean,edge_artifact,2,tile,UNKNOWN,tile_density,CLEAN_NUISANCE,False,14,12,12,5
design,design_clean_226,clean,0.0,clean,edge_artifact,2,multiscale,UNKNOWN,window_4_density,CLEAN_NUISANCE,False,14,12,12,5
design,design_clean_226,clean,0.0,clean,edge_artifact,2,connected_component,UNKNOWN,component_area,CLEAN_NUISANCE,False,14,12,12,5
design,design_clean_226,clean,0.0,clean,edge_artifact,2,max_local_density,UNKNOWN,window_4_density,CLEAN_NUISANCE,False,14,12,12,5
design,design_clean_226,clean,0.0,clean,edge_artifact,2,edge_aware,PASS,spatial_certificate,CLEAN_NUISANCE,False,14,12,12,5
design,design_clean_226,clean,0.0,clean,edge_artifact,2,aggressive,UNKNOWN,tile_density,CLEAN_NUISANCE,False,14,12,12,5
design,design_clean_226,clean,0.0,clean,edge_artifact,2,balanced,PASS,spatial_certificate,CLEAN_NUISANCE,False,14,12,12,5
design,design_clean_226,clean,0.0,clean,edge_artifact,2,conservative,PASS,spatial_certificate,CLEAN_NUISANCE,False,14,12,12,5
design,design_clean_227,clean,0.0,clean,edge_artifact,3,global_baseline,PASS,spatial_certificate,CLEAN_NUISANCE,False,12,12,12,5
design,design_clean_227,clean,0.0,clean,edge_artifact,3,tile,PASS,spatial_certificate,CLEAN_NUISANCE,False,12,12,12,5
design,design_clean_227,clean,0.0,clean,edge_artifact,3,multiscale,UNKNOWN,window_4_density,CLEAN_NUISANCE,False,12,12,12,5
design,design_clean_227,clean,0.0,clean,edge_artifact,3,connected_component,UNKNOWN,component_area,CLEAN_NUISANCE,False,12,12,12,5
design,design_clean_227,clean,0.0,clean,edge_artifact,3,max_local_density,UNKNOWN,window_4_density,CLEAN_NUISANCE,False,12,12,12,5
design,design_clean_227,clean,0.0,clean,edge_artifact,3,edge_aware,PASS,spatial_certificate,CLEAN_NUISANCE,False,12,12,12,5
design,design_clean_227,clean,0.0,clean,edge_artifact,3,aggressive,UNKNOWN,tile_density,CLEAN_NUISANCE,False,12,12,12,5
design,design_clean_227,clean,0.0,clean,edge_artifact,3,balanced,PASS,spatial_certificate,CLEAN_NUISANCE,False,12,12,12,5
design,design_clean_227,clean,0.0,clean,edge_artifact,3,conservative,PASS,spatial_certificate,CLEAN_NUISANCE,False,12,12,12,5
design,design_clean_228,clean,0.0,clean,edge_artifact,4,global_baseline,PASS,spatial_certificate,CLEAN_NUISANCE,False,12,12,12,5
design,design_clean_228,clean,0.0,clean,edge_artifact,4,tile,UNKNOWN,tile_density,CLEAN_NUISANCE,False,12,12,12,5
design,design_clean_228,clean,0.0,clean,edge_artifact,4,multiscale,UNKNOWN,window_4_density,CLEAN_NUISANCE,False,12,12,12,5
design,design_clean_228,clean,0.0,clean,edge_artifact,4,connected_component,UNKNOWN,component_area,CLEAN_NUISANCE,False,12,12,12,5
design,design_clean_228,clean,0.0,clean,edge_artifact,4,max_local_density,UNKNOWN,window_4_density,CLEAN_NUISANCE,False,12,12,12,5
design,design_clean_228,clean,0.0,clean,edge_artifact,4,edge_aware,PASS,spatial_certificate,CLEAN_NUISANCE,False,12,12,12,5
design,design_clean_228,clean,0.0,clean,edge_artifact,4,aggressive,UNKNOWN,tile_density,CLEAN_NUISANCE,False,12,12,12,5
design,design_clean_228,clean,0.0,clean,edge_artifact,4,balanced,PASS,spatial_certificate,CLEAN_NUISANCE,False,12,12,12,5
design,design_clean_228,clean,0.0,clean,edge_artifact,4,conservative,PASS,spatial_certificate,CLEAN_NUISANCE,False,12,12,12,5
design,design_clean_229,clean,0.0,clean,edge_artifact,5,global_baseline,PASS,spatial_certificate,CLEAN_NUISANCE,False,14,12,12,5
design,design_clean_229,clean,0.0,clean,edge_artifact,5,tile,UNKNOWN,tile_density,CLEAN_NUISANCE,False,14,12,12,5
design,design_clean_229,clean,0.0,clean,edge_artifact,5,multiscale,UNKNOWN,window_4_density,CLEAN_NUISANCE,False,14,12,12,5
design,design_clean_229,clean,0.0,clean,edge_artifact,5,connected_component,UNKNOWN,component_area,CLEAN_NUISANCE,False,14,12,12,5
design,design_clean_229,clean,0.0,clean,edge_artifact,5,max_local_density,UNKNOWN,window_4_density,CLEAN_NUISANCE,False,14,12,12,5
design,design_clean_229,clean,0.0,clean,edge_artifact,5,edge_aware,PASS,spatial_certificate,CLEAN_NUISANCE,False,14,12,12,5
design,design_clean_229,clean,0.0,clean,edge_artifact,5,aggressive,UNKNOWN,tile_density,CLEAN_NUISANCE,False,14,12,12,5
design,design_clean_229,clean,0.0,clean,edge_artifact,5,balanced,PASS,spatial_certificate,CLEAN_NUISANCE,False,14,12,12,5
design,design_clean_229,clean,0.0,clean,edge_artifact,5,conservative,PASS,spatial_certificate,CLEAN_NUISANCE,False,14,12,12,5
design,design_clean_230,clean,0.0,clean,edge_artifact,6,global_baseline,PASS,spatial_certificate,CLEAN_NUISANCE,False,2,12,1,1
design,design_clean_230,clean,0.0,clean,edge_artifact,6,tile,PASS,spatial_certificate,CLEAN_NUISANCE,False,2,12,1,1
design,design_clean_230,clean,0.0,clean,edge_artifact,6,multiscale,PASS,spatial_certificate,CLEAN_NUISANCE,False,2,12,1,1
design,design_clean_230,clean,0.0,clean,edge_artifact,6,connected_component,PASS,spatial_certificate,CLEAN_NUISANCE,False,2,12,1,1
design,design_clean_230,clean,0.0,clean,edge_artifact,6,max_local_density,PASS,spatial_certificate,CLEAN_NUISANCE,False,2,12,1,1
design,design_clean_230,clean,0.0,clean,edge_artifact,6,edge_aware,PASS,spatial_certificate,CLEAN_NUISANCE,False,2,12,1,1
design,design_clean_230,clean,0.0,clean,edge_artifact,6,aggressive,PASS,spatial_certificate,CLEAN_NUISANCE,False,2,12,1,1
design,design_clean_230,clean,0.0,clean,edge_artifact,6,balanced,PASS,spatial_certificate,CLEAN_NUISANCE,False,2,12,1,1
design,design_clean_230,clean,0.0,clean,edge_artifact,6,conservative,PASS,spatial_certificate,CLEAN_NUISANCE,False,2,12,1,1
design,design_clean_231,clean,0.0,clean,edge_artifact,7,global_baseline,PASS,spatial_certificate,CLEAN_NUISANCE,False,14,12,12,5
design,design_clean_231,clean,0.0,clean,edge_artifact,7,tile,UNKNOWN,tile_density,CLEAN_NUISANCE,False,14,12,12,5
design,design_clean_231,clean,0.0,clean,edge_artifact,7,multiscale,UNKNOWN,window_4_density,CLEAN_NUISANCE,False,14,12,12,5
design,design_clean_231,clean,0.0,clean,edge_artifact,7,connected_component,UNKNOWN,component_area,CLEAN_NUISANCE,False,14,12,12,5
design,design_clean_231,clean,0.0,clean,edge_artifact,7,max_local_density,UNKNOWN,window_4_density,CLEAN_NUISANCE,False,14,12,12,5
design,design_clean_231,clean,0.0,clean,edge_artifact,7,edge_aware,PASS,spatial_certificate,CLEAN_NUISANCE,False,14,12,12,5
design,design_clean_231,clean,0.0,clean,edge_artifact,7,aggressive,UNKNOWN,tile_density,CLEAN_NUISANCE,False,14,12,12,5
design,design_clean_231,clean,0.0,clean,edge_artifact,7,balanced,PASS,spatial_certificate,CLEAN_NUISANCE,False,14,12,12,5
design,design_clean_231,clean,0.0,clean,edge_artifact,7,conservative,PASS,spatial_certificate,CLEAN_NUISANCE,False,14,12,12,5
design,design_clean_232,clean,0.0,clean,edge_artifact,8,global_baseline,PASS,spatial_certificate,CLEAN_NUISANCE,False,13,12,12,5
design,design_clean_232,clean,0.0,clean,edge_artifact,8,tile,UNKNOWN,tile_density,CLEAN_NUISANCE,False,13,12,12,5
design,design_clean_232,clean,0.0,clean,edge_artifact,8,multiscale,UNKNOWN,window_4_density,CLEAN_NUISANCE,False,13,12,12,5
design,design_clean_232,clean,0.0,clean,edge_artifact,8,connected_component,UNKNOWN,component_area,CLEAN_NUISANCE,False,13,12,12,5
design,design_clean_232,clean,0.0,clean,edge_artifact,8,max_local_density,UNKNOWN,window_4_density,CLEAN_NUISANCE,False,13,12,12,5
design,design_clean_232,clean,0.0,clean,edge_artifact,8,edge_aware,PASS,spatial_certificate,CLEAN_NUISANCE,False,13,12,12,5
design,design_clean_232,clean,0.0,clean,edge_artifact,8,aggressive,UNKNOWN,tile_density,CLEAN_NUISANCE,False,13,12,12,5
design,design_clean_232,clean,0.0,clean,edge_artifact,8,balanced,PASS,spatial_certificate,CLEAN_NUISANCE,False,13,12,12,5
design,design_clean_232,clean,0.0,clean,edge_artifact,8,conservative,PASS,spatial_certificate,CLEAN_NUISANCE,False,13,12,12,5
design,design_clean_233,clean,0.0,clean,edge_artifact,9,global_baseline,PASS,spatial_certificate,CLEAN_NUISANCE,False,13,12,12,5
design,design_clean_233,clean,0.0,clean,edge_artifact,9,tile,UNKNOWN,tile_density,CLEAN_NUISANCE,False,13,12,12,5
design,design_clean_233,clean,0.0,clean,edge_artifact,9,multiscale,UNKNOWN,window_4_density,CLEAN_NUISANCE,False,13,12,12,5
design,design_clean_233,clean,0.0,clean,edge_artifact,9,connected_component,UNKNOWN,component_area,CLEAN_NUISANCE,False,13,12,12,5
design,design_clean_233,clean,0.0,clean,edge_artifact,9,max_local_density,UNKNOWN,window_4_density,CLEAN_NUISANCE,False,13,12,12,5
design,design_clean_233,clean,0.0,clean,edge_artifact,9,edge_aware,PASS,spatial_certificate,CLEAN_NUISANCE,False,13,12,12,5
design,design_clean_233,clean,0.0,clean,edge_artifact,9,aggressive,UNKNOWN,tile_density,CLEAN_NUISANCE,False,13,12,12,5
design,design_clean_233,clean,0.0,clean,edge_artifact,9,balanced,PASS,spatial_certificate,CLEAN_NUISANCE,False,13,12,12,5
design,design_clean_233,clean,0.0,clean,edge_artifact,9,conservative,PASS,spatial_certificate,CLEAN_NUISANCE,False,13,12,12,5
design,design_clean_234,clean,0.0,clean,edge_artifact,10,global_baseline,PASS,spatial_certificate,CLEAN_NUISANCE,False,13,12,12,5
design,design_clean_234,clean,0.0,clean,edge_artifact,10,tile,UNKNOWN,tile_density,CLEAN_NUISANCE,False,13,12,12,5
design,design_clean_234,clean,0.0,clean,edge_artifact,10,multiscale,UNKNOWN,window_4_density,CLEAN_NUISANCE,False,13,12,12,5
design,design_clean_234,clean,0.0,clean,edge_artifact,10,connected_component,UNKNOWN,component_area,CLEAN_NUISANCE,False,13,12,12,5
design,design_clean_234,clean,0.0,clean,edge_artifact,10,max_local_density,UNKNOWN,window_4_density,CLEAN_NUISANCE,False,13,12,12,5
design,design_clean_234,clean,0.0,clean,edge_artifact,10,edge_aware,PASS,spatial_certificate,CLEAN_NUISANCE,False,13,12,12,5
design,design_clean_234,clean,0.0,clean,edge_artifact,10,aggressive,UNKNOWN,tile_density,CLEAN_NUISANCE,False,13,12,12,5
design,design_clean_234,clean,0.0,clean,edge_artifact,10,balanced,PASS,spatial_certificate,CLEAN_NUISANCE,False,13,12,12,5
design,design_clean_234,clean,0.0,clean,edge_artifact,10,conservative,PASS,spatial_certificate,CLEAN_NUISANCE,False,13,12,12,5
design,design_clean_235,clean,0.0,clean,edge_artifact,11,global_baseline,PASS,spatial_certificate,CLEAN_NUISANCE,False,3,12,1,1
design,design_clean_235,clean,0.0,clean,edge_artifact,11,tile,PASS,spatial_certificate,CLEAN_NUISANCE,False,3,12,1,1
design,design_clean_235,clean,0.0,clean,edge_artifact,11,multiscale,PASS,spatial_certificate,CLEAN_NUISANCE,False,3,12,1,1
design,design_clean_235,clean,0.0,clean,edge_artifact,11,connected_component,PASS,spatial_certificate,CLEAN_NUISANCE,False,3,12,1,1
design,design_clean_235,clean,0.0,clean,edge_artifact,11,max_local_density,PASS,spatial_certificate,CLEAN_NUISANCE,False,3,12,1,1
design,design_clean_235,clean,0.0,clean,edge_artifact,11,edge_aware,PASS,spatial_certificate,CLEAN_NUISANCE,False,3,12,1,1
design,design_clean_235,clean,0.0,clean,edge_artifact,11,aggressive,PASS,spatial_certificate,CLEAN_NUISANCE,False,3,12,1,1
design,design_clean_235,clean,0.0,clean,edge_artifact,11,balanced,PASS,spatial_certificate,CLEAN_NUISANCE,False,3,12,1,1
design,design_clean_235,clean,0.0,clean,edge_artifact,11,conservative,PASS,spatial_certificate,CLEAN_NUISANCE,False,3,12,1,1
design,design_clean_236,clean,0.0,clean,edge_artifact,12,global_baseline,PASS,spatial_certificate,CLEAN_NUISANCE,False,12,12,12,5
design,design_clean_236,clean,0.0,clean,edge_artifact,12,tile,UNKNOWN,tile_density,CLEAN_NUISANCE,False,12,12,12,5
design,design_clean_236,clean,0.0,clean,edge_artifact,12,multiscale,UNKNOWN,window_4_density,CLEAN_NUISANCE,False,12,12,12,5
design,design_clean_236,clean,0.0,clean,edge_artifact,12,connected_component,UNKNOWN,component_area,CLEAN_NUISANCE,False,12,12,12,5
design,design_clean_236,clean,0.0,clean,edge_artifact,12,max_local_density,UNKNOWN,window_4_density,CLEAN_NUISANCE,False,12,12,12,5
design,design_clean_236,clean,0.0,clean,edge_artifact,12,edge_aware,PASS,spatial_certificate,CLEAN_NUISANCE,False,12,12,12,5
design,design_clean_236,clean,0.0,clean,edge_artifact,12,aggressive,UNKNOWN,tile_density,CLEAN_NUISANCE,False,12,12,12,5
design,design_clean_236,clean,0.0,clean,edge_artifact,12,balanced,PASS,spatial_certificate,CLEAN_NUISANCE,False,12,12,12,5
design,design_clean_236,clean,0.0,clean,edge_artifact,12,conservative,PASS,spatial_certificate,CLEAN_NUISANCE,False,12,12,12,5
design,design_clean_237,clean,0.0,clean,edge_artifact,13,global_baseline,PASS,spatial_certificate,CLEAN_NUISANCE,False,14,12,12,5
design,design_clean_237,clean,0.0,clean,edge_artifact,13,tile,PASS,spatial_certificate,CLEAN_NUISANCE,False,14,12,12,5
design,design_clean_237,clean,0.0,clean,edge_artifact,13,multiscale,UNKNOWN,window_4_density,CLEAN_NUISANCE,False,14,12,12,5
design,design_clean_237,clean,0.0,clean,edge_artifact,13,connected_component,UNKNOWN,component_area,CLEAN_NUISANCE,False,14,12,12,5
design,design_clean_237,clean,0.0,clean,edge_artifact,13,max_local_density,UNKNOWN,window_4_density,CLEAN_NUISANCE,False,14,12,12,5
design,design_clean_237,clean,0.0,clean,edge_artifact,13,edge_aware,PASS,spatial_certificate,CLEAN_NUISANCE,False,14,12,12,5
design,design_clean_237,clean,0.0,clean,edge_artifact,13,aggressive,UNKNOWN,tile_density,CLEAN_NUISANCE,False,14,12,12,5
design,design_clean_237,clean,0.0,clean,edge_artifact,13,balanced,PASS,spatial_certificate,CLEAN_NUISANCE,False,14,12,12,5
design,design_clean_237,clean,0.0,clean,edge_artifact,13,conservative,PASS,spatial_certificate,CLEAN_NUISANCE,False,14,12,12,5
design,design_clean_238,clean,0.0,clean,edge_artifact,14,global_baseline,PASS,spatial_certificate,CLEAN_NUISANCE,False,13,12,12,5
design,design_clean_238,clean,0.0,clean,edge_artifact,14,tile,UNKNOWN,tile_density,CLEAN_NUISANCE,False,13,12,12,5
design,design_clean_238,clean,0.0,clean,edge_artifact,14,multiscale,UNKNOWN,window_4_density,CLEAN_NUISANCE,False,13,12,12,5
design,design_clean_238,clean,0.0,clean,edge_artifact,14,connected_component,UNKNOWN,component_area,CLEAN_NUISANCE,False,13,12,12,5
design,design_clean_238,clean,0.0,clean,edge_artifact,14,max_local_density,UNKNOWN,window_4_density,CLEAN_NUISANCE,False,13,12,12,5
design,design_clean_238,clean,0.0,clean,edge_artifact,14,edge_aware,PASS,spatial_certificate,CLEAN_NUISANCE,False,13,12,12,5
design,design_clean_238,clean,0.0,clean,edge_artifact,14,aggressive,UNKNOWN,tile_density,CLEAN_NUISANCE,False,13,12,12,5
design,design_clean_238,clean,0.0,clean,edge_artifact,14,balanced,PASS,spatial_certificate,CLEAN_NUISANCE,False,13,12,12,5
design,design_clean_238,clean,0.0,clean,edge_artifact,14,conservative,PASS,spatial_certificate,CLEAN_NUISANCE,False,13,12,12,5
design,design_clean_239,clean,0.0,clean,edge_artifact,15,global_baseline,PASS,spatial_certificate,CLEAN_NUISANCE,False,12,12,12,5
design,design_clean_239,clean,0.0,clean,edge_artifact,15,tile,UNKNOWN,tile_density,CLEAN_NUISANCE,False,12,12,12,5
design,design_clean_239,clean,0.0,clean,edge_artifact,15,multiscale,UNKNOWN,window_4_density,CLEAN_NUISANCE,False,12,12,12,5
design,design_clean_239,clean,0.0,clean,edge_artifact,15,connected_component,UNKNOWN,component_area,CLEAN_NUISANCE,False,12,12,12,5
design,design_clean_239,clean,0.0,clean,edge_artifact,15,max_local_density,UNKNOWN,window_4_density,CLEAN_NUISANCE,False,12,12,12,5
design,design_clean_239,clean,0.0,clean,edge_artifact,15,edge_aware,PASS,spatial_certificate,CLEAN_NUISANCE,False,12,12,12,5
design,design_clean_239,clean,0.0,clean,edge_artifact,15,aggressive,UNKNOWN,tile_density,CLEAN_NUISANCE,False,12,12,12,5
design,design_clean_239,clean,0.0,clean,edge_artifact,15,balanced,PASS,spatial_certificate,CLEAN_NUISANCE,False,12,12,12,5
design,design_clean_239,clean,0.0,clean,edge_artifact,15,conservative,PASS,spatial_certificate,CLEAN_NUISANCE,False,12,12,12,5
design,design_clean_240,clean,0.0,clean,registration_noise,0,global_baseline,PASS,spatial_certificate,CLEAN_NUISANCE,False,0,1024,0,0
design,design_clean_240,clean,0.0,clean,registration_noise,0,tile,PASS,spatial_certificate,CLEAN_NUISANCE,False,0,1024,0,0
design,design_clean_240,clean,0.0,clean,registration_noise,0,multiscale,PASS,spatial_certificate,CLEAN_NUISANCE,False,0,1024,0,0
design,design_clean_240,clean,0.0,clean,registration_noise,0,connected_component,PASS,spatial_certificate,CLEAN_NUISANCE,False,0,1024,0,0
design,design_clean_240,clean,0.0,clean,registration_noise,0,max_local_density,PASS,spatial_certificate,CLEAN_NUISANCE,False,0,1024,0,0
design,design_clean_240,clean,0.0,clean,registration_noise,0,edge_aware,PASS,spatial_certificate,CLEAN_NUISANCE,False,0,1024,0,0
design,design_clean_240,clean,0.0,clean,registration_noise,0,aggressive,PASS,spatial_certificate,CLEAN_NUISANCE,False,0,1024,0,0
design,design_clean_240,clean,0.0,clean,registration_noise,0,balanced,PASS,spatial_certificate,CLEAN_NUISANCE,False,0,1024,0,0
design,design_clean_240,clean,0.0,clean,registration_noise,0,conservative,PASS,spatial_certificate,CLEAN_NUISANCE,False,0,1024,0,0
design,design_clean_241,clean,0.0,clean,registration_noise,1,global_baseline,PASS,spatial_certificate,CLEAN_NUISANCE,False,0,1024,0,0
design,design_clean_241,clean,0.0,clean,registration_noise,1,tile,PASS,spatial_certificate,CLEAN_NUISANCE,False,0,1024,0,0
design,design_clean_241,clean,0.0,clean,registration_noise,1,multiscale,PASS,spatial_certificate,CLEAN_NUISANCE,False,0,1024,0,0
design,design_clean_241,clean,0.0,clean,registration_noise,1,connected_component,PASS,spatial_certificate,CLEAN_NUISANCE,False,0,1024,0,0
design,design_clean_241,clean,0.0,clean,registration_noise,1,max_local_density,PASS,spatial_certificate,CLEAN_NUISANCE,False,0,1024,0,0
design,design_clean_241,clean,0.0,clean,registration_noise,1,edge_aware,PASS,spatial_certificate,CLEAN_NUISANCE,False,0,1024,0,0
design,design_clean_241,clean,0.0,clean,registration_noise,1,aggressive,PASS,spatial_certificate,CLEAN_NUISANCE,False,0,1024,0,0
design,design_clean_241,clean,0.0,clean,registration_noise,1,balanced,PASS,spatial_certificate,CLEAN_NUISANCE,False,0,1024,0,0
design,design_clean_241,clean,0.0,clean,registration_noise,1,conservative,PASS,spatial_certificate,CLEAN_NUISANCE,False,0,1024,0,0
design,design_clean_242,clean,0.0,clean,registration_noise,2,global_baseline,PASS,spatial_certificate,CLEAN_NUISANCE,False,0,1024,0,0
design,design_clean_242,clean,0.0,clean,registration_noise,2,tile,PASS,spatial_certificate,CLEAN_NUISANCE,False,0,1024,0,0
design,design_clean_242,clean,0.0,clean,registration_noise,2,multiscale,PASS,spatial_certificate,CLEAN_NUISANCE,False,0,1024,0,0
design,design_clean_242,clean,0.0,clean,registration_noise,2,connected_component,PASS,spatial_certificate,CLEAN_NUISANCE,False,0,1024,0,0
design,design_clean_242,clean,0.0,clean,registration_noise,2,max_local_density,PASS,spatial_certificate,CLEAN_NUISANCE,False,0,1024,0,0
design,design_clean_242,clean,0.0,clean,registration_noise,2,edge_aware,PASS,spatial_certificate,CLEAN_NUISANCE,False,0,1024,0,0
design,design_clean_242,clean,0.0,clean,registration_noise,2,aggressive,PASS,spatial_certificate,CLEAN_NUISANCE,False,0,1024,0,0
design,design_clean_242,clean,0.0,clean,registration_noise,2,balanced,PASS,spatial_certificate,CLEAN_NUISANCE,False,0,1024,0,0
design,design_clean_242,clean,0.0,clean,registration_noise,2,conservative,PASS,spatial_certificate,CLEAN_NUISANCE,False,0,1024,0,0
design,design_clean_243,clean,0.0,clean,registration_noise,3,global_baseline,PASS,spatial_certificate,CLEAN_NUISANCE,False,1,1024,1,1
design,design_clean_243,clean,0.0,clean,registration_noise,3,tile,PASS,spatial_certificate,CLEAN_NUISANCE,False,1,1024,1,1
design,design_clean_243,clean,0.0,clean,registration_noise,3,multiscale,PASS,spatial_certificate,CLEAN_NUISANCE,False,1,1024,1,1
design,design_clean_243,clean,0.0,clean,registration_noise,3,connected_component,PASS,spatial_certificate,CLEAN_NUISANCE,False,1,1024,1,1
design,design_clean_243,clean,0.0,clean,registration_noise,3,max_local_density,PASS,spatial_certificate,CLEAN_NUISANCE,False,1,1024,1,1
design,design_clean_243,clean,0.0,clean,registration_noise,3,edge_aware,PASS,spatial_certificate,CLEAN_NUISANCE,False,1,1024,1,1
design,design_clean_243,clean,0.0,clean,registration_noise,3,aggressive,PASS,spatial_certificate,CLEAN_NUISANCE,False,1,1024,1,1
design,design_clean_243,clean,0.0,clean,registration_noise,3,balanced,PASS,spatial_certificate,CLEAN_NUISANCE,False,1,1024,1,1
design,design_clean_243,clean,0.0,clean,registration_noise,3,conservative,PASS,spatial_certificate,CLEAN_NUISANCE,False,1,1024,1,1
design,design_clean_244,clean,0.0,clean,registration_noise,4,global_baseline,PASS,spatial_certificate,CLEAN_NUISANCE,False,0,1024,0,0
design,design_clean_244,clean,0.0,clean,registration_noise,4,tile,PASS,spatial_certificate,CLEAN_NUISANCE,False,0,1024,0,0
design,design_clean_244,clean,0.0,clean,registration_noise,4,multiscale,PASS,spatial_certificate,CLEAN_NUISANCE,False,0,1024,0,0
design,design_clean_244,clean,0.0,clean,registration_noise,4,connected_component,PASS,spatial_certificate,CLEAN_NUISANCE,False,0,1024,0,0
design,design_clean_244,clean,0.0,clean,registration_noise,4,max_local_density,PASS,spatial_certificate,CLEAN_NUISANCE,False,0,1024,0,0
design,design_clean_244,clean,0.0,clean,registration_noise,4,edge_aware,PASS,spatial_certificate,CLEAN_NUISANCE,False,0,1024,0,0
design,design_clean_244,clean,0.0,clean,registration_noise,4,aggressive,PASS,spatial_certificate,CLEAN_NUISANCE,False,0,1024,0,0
design,design_clean_244,clean,0.0,clean,registration_noise,4,balanced,PASS,spatial_certificate,CLEAN_NUISANCE,False,0,1024,0,0
design,design_clean_244,clean,0.0,clean,registration_noise,4,conservative,PASS,spatial_certificate,CLEAN_NUISANCE,False,0,1024,0,0
design,design_clean_245,clean,0.0,clean,registration_noise,5,global_baseline,PASS,spatial_certificate,CLEAN_NUISANCE,False,2,1024,1,1
design,design_clean_245,clean,0.0,clean,registration_noise,5,tile,PASS,spatial_certificate,CLEAN_NUISANCE,False,2,1024,1,1
design,design_clean_245,clean,0.0,clean,registration_noise,5,multiscale,PASS,spatial_certificate,CLEAN_NUISANCE,False,2,1024,1,1
design,design_clean_245,clean,0.0,clean,registration_noise,5,connected_component,PASS,spatial_certificate,CLEAN_NUISANCE,False,2,1024,1,1
design,design_clean_245,clean,0.0,clean,registration_noise,5,max_local_density,PASS,spatial_certificate,CLEAN_NUISANCE,False,2,1024,1,1
design,design_clean_245,clean,0.0,clean,registration_noise,5,edge_aware,PASS,spatial_certificate,CLEAN_NUISANCE,False,2,1024,1,1
design,design_clean_245,clean,0.0,clean,registration_noise,5,aggressive,PASS,spatial_certificate,CLEAN_NUISANCE,False,2,1024,1,1
design,design_clean_245,clean,0.0,clean,registration_noise,5,balanced,PASS,spatial_certificate,CLEAN_NUISANCE,False,2,1024,1,1
design,design_clean_245,clean,0.0,clean,registration_noise,5,conservative,PASS,spatial_certificate,CLEAN_NUISANCE,False,2,1024,1,1
design,design_clean_246,clean,0.0,clean,registration_noise,6,global_baseline,PASS,spatial_certificate,CLEAN_NUISANCE,False,1,1024,1,1
design,design_clean_246,clean,0.0,clean,registration_noise,6,tile,PASS,spatial_certificate,CLEAN_NUISANCE,False,1,1024,1,1
design,design_clean_246,clean,0.0,clean,registration_noise,6,multiscale,PASS,spatial_certificate,CLEAN_NUISANCE,False,1,1024,1,1
design,design_clean_246,clean,0.0,clean,registration_noise,6,connected_component,PASS,spatial_certificate,CLEAN_NUISANCE,False,1,1024,1,1
design,design_clean_246,clean,0.0,clean,registration_noise,6,max_local_density,PASS,spatial_certificate,CLEAN_NUISANCE,False,1,1024,1,1
design,design_clean_246,clean,0.0,clean,registration_noise,6,edge_aware,PASS,spatial_certificate,CLEAN_NUISANCE,False,1,1024,1,1
design,design_clean_246,clean,0.0,clean,registration_noise,6,aggressive,PASS,spatial_certificate,CLEAN_NUISANCE,False,1,1024,1,1
design,design_clean_246,clean,0.0,clean,registration_noise,6,balanced,PASS,spatial_certificate,CLEAN_NUISANCE,False,1,1024,1,1
design,design_clean_246,clean,0.0,clean,registration_noise,6,conservative,PASS,spatial_certificate,CLEAN_NUISANCE,False,1,1024,1,1
design,design_clean_247,clean,0.0,clean,registration_noise,7,global_baseline,PASS,spatial_certificate,CLEAN_NUISANCE,False,0,1024,0,0
design,design_clean_247,clean,0.0,clean,registration_noise,7,tile,PASS,spatial_certificate,CLEAN_NUISANCE,False,0,1024,0,0
design,design_clean_247,clean,0.0,clean,registration_noise,7,multiscale,PASS,spatial_certificate,CLEAN_NUISANCE,False,0,1024,0,0
design,design_clean_247,clean,0.0,clean,registration_noise,7,connected_component,PASS,spatial_certificate,CLEAN_NUISANCE,False,0,1024,0,0
design,design_clean_247,clean,0.0,clean,registration_noise,7,max_local_density,PASS,spatial_certificate,CLEAN_NUISANCE,False,0,1024,0,0
design,design_clean_247,clean,0.0,clean,registration_noise,7,edge_aware,PASS,spatial_certificate,CLEAN_NUISANCE,False,0,1024,0,0
design,design_clean_247,clean,0.0,clean,registration_noise,7,aggressive,PASS,spatial_certificate,CLEAN_NUISANCE,False,0,1024,0,0
design,design_clean_247,clean,0.0,clean,registration_noise,7,balanced,PASS,spatial_certificate,CLEAN_NUISANCE,False,0,1024,0,0
design,design_clean_247,clean,0.0,clean,registration_noise,7,conservative,PASS,spatial_certificate,CLEAN_NUISANCE,False,0,1024,0,0
design,design_clean_248,clean,0.0,clean,registration_noise,8,global_baseline,PASS,spatial_certificate,CLEAN_NUISANCE,False,0,1024,0,0
design,design_clean_248,clean,0.0,clean,registration_noise,8,tile,PASS,spatial_certificate,CLEAN_NUISANCE,False,0,1024,0,0
design,design_clean_248,clean,0.0,clean,registration_noise,8,multiscale,PASS,spatial_certificate,CLEAN_NUISANCE,False,0,1024,0,0
design,design_clean_248,clean,0.0,clean,registration_noise,8,connected_component,PASS,spatial_certificate,CLEAN_NUISANCE,False,0,1024,0,0
design,design_clean_248,clean,0.0,clean,registration_noise,8,max_local_density,PASS,spatial_certificate,CLEAN_NUISANCE,False,0,1024,0,0
design,design_clean_248,clean,0.0,clean,registration_noise,8,edge_aware,PASS,spatial_certificate,CLEAN_NUISANCE,False,0,1024,0,0
design,design_clean_248,clean,0.0,clean,registration_noise,8,aggressive,PASS,spatial_certificate,CLEAN_NUISANCE,False,0,1024,0,0
design,design_clean_248,clean,0.0,clean,registration_noise,8,balanced,PASS,spatial_certificate,CLEAN_NUISANCE,False,0,1024,0,0
design,design_clean_248,clean,0.0,clean,registration_noise,8,conservative,PASS,spatial_certificate,CLEAN_NUISANCE,False,0,1024,0,0
design,design_clean_249,clean,0.0,clean,registration_noise,9,global_baseline,PASS,spatial_certificate,CLEAN_NUISANCE,False,2,1024,1,1
design,design_clean_249,clean,0.0,clean,registration_noise,9,tile,PASS,spatial_certificate,CLEAN_NUISANCE,False,2,1024,1,1
design,design_clean_249,clean,0.0,clean,registration_noise,9,multiscale,PASS,spatial_certificate,CLEAN_NUISANCE,False,2,1024,1,1
design,design_clean_249,clean,0.0,clean,registration_noise,9,connected_component,PASS,spatial_certificate,CLEAN_NUISANCE,False,2,1024,1,1
design,design_clean_249,clean,0.0,clean,registration_noise,9,max_local_density,PASS,spatial_certificate,CLEAN_NUISANCE,False,2,1024,1,1
design,design_clean_249,clean,0.0,clean,registration_noise,9,edge_aware,PASS,spatial_certificate,CLEAN_NUISANCE,False,2,1024,1,1
design,design_clean_249,clean,0.0,clean,registration_noise,9,aggressive,PASS,spatial_certificate,CLEAN_NUISANCE,False,2,1024,1,1
design,design_clean_249,clean,0.0,clean,registration_noise,9,balanced,PASS,spatial_certificate,CLEAN_NUISANCE,False,2,1024,1,1
design,design_clean_249,clean,0.0,clean,registration_noise,9,conservative,PASS,spatial_certificate,CLEAN_NUISANCE,False,2,1024,1,1
design,design_clean_250,clean,0.0,clean,registration_noise,10,global_baseline,PASS,spatial_certificate,CLEAN_NUISANCE,False,2,1024,1,1
design,design_clean_250,clean,0.0,clean,registration_noise,10,tile,PASS,spatial_certificate,CLEAN_NUISANCE,False,2,1024,1,1
design,design_clean_250,clean,0.0,clean,registration_noise,10,multiscale,PASS,spatial_certificate,CLEAN_NUISANCE,False,2,1024,1,1
design,design_clean_250,clean,0.0,clean,registration_noise,10,connected_component,PASS,spatial_certificate,CLEAN_NUISANCE,False,2,1024,1,1
design,design_clean_250,clean,0.0,clean,registration_noise,10,max_local_density,PASS,spatial_certificate,CLEAN_NUISANCE,False,2,1024,1,1
design,design_clean_250,clean,0.0,clean,registration_noise,10,edge_aware,PASS,spatial_certificate,CLEAN_NUISANCE,False,2,1024,1,1
design,design_clean_250,clean,0.0,clean,registration_noise,10,aggressive,PASS,spatial_certificate,CLEAN_NUISANCE,False,2,1024,1,1
design,design_clean_250,clean,0.0,clean,registration_noise,10,balanced,PASS,spatial_certificate,CLEAN_NUISANCE,False,2,1024,1,1
design,design_clean_250,clean,0.0,clean,registration_noise,10,conservative,PASS,spatial_certificate,CLEAN_NUISANCE,False,2,1024,1,1
design,design_clean_251,clean,0.0,clean,registration_noise,11,global_baseline,PASS,spatial_certificate,CLEAN_NUISANCE,False,0,1024,0,0
design,design_clean_251,clean,0.0,clean,registration_noise,11,tile,PASS,spatial_certificate,CLEAN_NUISANCE,False,0,1024,0,0
design,design_clean_251,clean,0.0,clean,registration_noise,11,multiscale,PASS,spatial_certificate,CLEAN_NUISANCE,False,0,1024,0,0
design,design_clean_251,clean,0.0,clean,registration_noise,11,connected_component,PASS,spatial_certificate,CLEAN_NUISANCE,False,0,1024,0,0
design,design_clean_251,clean,0.0,clean,registration_noise,11,max_local_density,PASS,spatial_certificate,CLEAN_NUISANCE,False,0,1024,0,0
design,design_clean_251,clean,0.0,clean,registration_noise,11,edge_aware,PASS,spatial_certificate,CLEAN_NUISANCE,False,0,1024,0,0
design,design_clean_251,clean,0.0,clean,registration_noise,11,aggressive,PASS,spatial_certificate,CLEAN_NUISANCE,False,0,1024,0,0
design,design_clean_251,clean,0.0,clean,registration_noise,11,balanced,PASS,spatial_certificate,CLEAN_NUISANCE,False,0,1024,0,0
design,design_clean_251,clean,0.0,clean,registration_noise,11,conservative,PASS,spatial_certificate,CLEAN_NUISANCE,False,0,1024,0,0
design,design_clean_252,clean,0.0,clean,registration_noise,12,global_baseline,PASS,spatial_certificate,CLEAN_NUISANCE,False,1,1024,1,1
design,design_clean_252,clean,0.0,clean,registration_noise,12,tile,PASS,spatial_certificate,CLEAN_NUISANCE,False,1,1024,1,1
design,design_clean_252,clean,0.0,clean,registration_noise,12,multiscale,PASS,spatial_certificate,CLEAN_NUISANCE,False,1,1024,1,1
design,design_clean_252,clean,0.0,clean,registration_noise,12,connected_component,PASS,spatial_certificate,CLEAN_NUISANCE,False,1,1024,1,1
design,design_clean_252,clean,0.0,clean,registration_noise,12,max_local_density,PASS,spatial_certificate,CLEAN_NUISANCE,False,1,1024,1,1
design,design_clean_252,clean,0.0,clean,registration_noise,12,edge_aware,PASS,spatial_certificate,CLEAN_NUISANCE,False,1,1024,1,1
design,design_clean_252,clean,0.0,clean,registration_noise,12,aggressive,PASS,spatial_certificate,CLEAN_NUISANCE,False,1,1024,1,1
design,design_clean_252,clean,0.0,clean,registration_noise,12,balanced,PASS,spatial_certificate,CLEAN_NUISANCE,False,1,1024,1,1
design,design_clean_252,clean,0.0,clean,registration_noise,12,conservative,PASS,spatial_certificate,CLEAN_NUISANCE,False,1,1024,1,1
design,design_clean_253,clean,0.0,clean,registration_noise,13,global_baseline,PASS,spatial_certificate,CLEAN_NUISANCE,False,1,1024,1,1
design,design_clean_253,clean,0.0,clean,registration_noise,13,tile,PASS,spatial_certificate,CLEAN_NUISANCE,False,1,1024,1,1
design,design_clean_253,clean,0.0,clean,registration_noise,13,multiscale,PASS,spatial_certificate,CLEAN_NUISANCE,False,1,1024,1,1
design,design_clean_253,clean,0.0,clean,registration_noise,13,connected_component,PASS,spatial_certificate,CLEAN_NUISANCE,False,1,1024,1,1
design,design_clean_253,clean,0.0,clean,registration_noise,13,max_local_density,PASS,spatial_certificate,CLEAN_NUISANCE,False,1,1024,1,1
design,design_clean_253,clean,0.0,clean,registration_noise,13,edge_aware,PASS,spatial_certificate,CLEAN_NUISANCE,False,1,1024,1,1
design,design_clean_253,clean,0.0,clean,registration_noise,13,aggressive,PASS,spatial_certificate,CLEAN_NUISANCE,False,1,1024,1,1
design,design_clean_253,clean,0.0,clean,registration_noise,13,balanced,PASS,spatial_certificate,CLEAN_NUISANCE,False,1,1024,1,1
design,design_clean_253,clean,0.0,clean,registration_noise,13,conservative,PASS,spatial_certificate,CLEAN_NUISANCE,False,1,1024,1,1
design,design_clean_254,clean,0.0,clean,registration_noise,14,global_baseline,PASS,spatial_certificate,CLEAN_NUISANCE,False,2,1024,1,1
design,design_clean_254,clean,0.0,clean,registration_noise,14,tile,PASS,spatial_certificate,CLEAN_NUISANCE,False,2,1024,1,1
design,design_clean_254,clean,0.0,clean,registration_noise,14,multiscale,PASS,spatial_certificate,CLEAN_NUISANCE,False,2,1024,1,1
design,design_clean_254,clean,0.0,clean,registration_noise,14,connected_component,PASS,spatial_certificate,CLEAN_NUISANCE,False,2,1024,1,1
design,design_clean_254,clean,0.0,clean,registration_noise,14,max_local_density,PASS,spatial_certificate,CLEAN_NUISANCE,False,2,1024,1,1
design,design_clean_254,clean,0.0,clean,registration_noise,14,edge_aware,PASS,spatial_certificate,CLEAN_NUISANCE,False,2,1024,1,1
design,design_clean_254,clean,0.0,clean,registration_noise,14,aggressive,PASS,spatial_certificate,CLEAN_NUISANCE,False,2,1024,1,1
design,design_clean_254,clean,0.0,clean,registration_noise,14,balanced,PASS,spatial_certificate,CLEAN_NUISANCE,False,2,1024,1,1
design,design_clean_254,clean,0.0,clean,registration_noise,14,conservative,PASS,spatial_certificate,CLEAN_NUISANCE,False,2,1024,1,1
design,design_clean_255,clean,0.0,clean,registration_noise,15,global_baseline,PASS,spatial_certificate,CLEAN_NUISANCE,False,1,1024,1,1
design,design_clean_255,clean,0.0,clean,registration_noise,15,tile,PASS,spatial_certificate,CLEAN_NUISANCE,False,1,1024,1,1
design,design_clean_255,clean,0.0,clean,registration_noise,15,multiscale,PASS,spatial_certificate,CLEAN_NUISANCE,False,1,1024,1,1
design,design_clean_255,clean,0.0,clean,registration_noise,15,connected_component,PASS,spatial_certificate,CLEAN_NUISANCE,False,1,1024,1,1
design,design_clean_255,clean,0.0,clean,registration_noise,15,max_local_density,PASS,spatial_certificate,CLEAN_NUISANCE,False,1,1024,1,1
design,design_clean_255,clean,0.0,clean,registration_noise,15,edge_aware,PASS,spatial_certificate,CLEAN_NUISANCE,False,1,1024,1,1
design,design_clean_255,clean,0.0,clean,registration_noise,15,aggressive,PASS,spatial_certificate,CLEAN_NUISANCE,False,1,1024,1,1
design,design_clean_255,clean,0.0,clean,registration_noise,15,balanced,PASS,spatial_certificate,CLEAN_NUISANCE,False,1,1024,1,1
design,design_clean_255,clean,0.0,clean,registration_noise,15,conservative,PASS,spatial_certificate,CLEAN_NUISANCE,False,1,1024,1,1
validation,validation_dirty_000,contaminated,0.001,<1%,compact_blob,0,global_baseline,PASS,spatial_certificate,A_OBSERVABLE_SPATIALLY_DILUTED,True,4,1,1,1
validation,validation_dirty_000,contaminated,0.001,<1%,compact_blob,0,tile,PASS,spatial_certificate,A_OBSERVABLE_SPATIALLY_DILUTED,True,4,1,1,1
validation,validation_dirty_000,contaminated,0.001,<1%,compact_blob,0,multiscale,PASS,spatial_certificate,A_OBSERVABLE_SPATIALLY_DILUTED,True,4,1,1,1
validation,validation_dirty_000,contaminated,0.001,<1%,compact_blob,0,connected_component,PASS,spatial_certificate,A_OBSERVABLE_SPATIALLY_DILUTED,True,4,1,1,1
validation,validation_dirty_000,contaminated,0.001,<1%,compact_blob,0,max_local_density,PASS,spatial_certificate,A_OBSERVABLE_SPATIALLY_DILUTED,True,4,1,1,1
validation,validation_dirty_000,contaminated,0.001,<1%,compact_blob,0,edge_aware,PASS,spatial_certificate,A_OBSERVABLE_SPATIALLY_DILUTED,True,4,1,1,1
validation,validation_dirty_000,contaminated,0.001,<1%,compact_blob,0,aggressive,PASS,spatial_certificate,A_OBSERVABLE_SPATIALLY_DILUTED,True,4,1,1,1
validation,validation_dirty_000,contaminated,0.001,<1%,compact_blob,0,balanced,PASS,spatial_certificate,A_OBSERVABLE_SPATIALLY_DILUTED,True,4,1,1,1
validation,validation_dirty_000,contaminated,0.001,<1%,compact_blob,0,conservative,PASS,spatial_certificate,A_OBSERVABLE_SPATIALLY_DILUTED,True,4,1,1,1
validation,validation_dirty_001,contaminated,0.001,<1%,compact_blob,1,global_baseline,PASS,spatial_certificate,B_LOCALLY_UNOBSERVABLE,False,0,0,0,0
validation,validation_dirty_001,contaminated,0.001,<1%,compact_blob,1,tile,PASS,spatial_certificate,B_LOCALLY_UNOBSERVABLE,False,0,0,0,0
validation,validation_dirty_001,contaminated,0.001,<1%,compact_blob,1,multiscale,PASS,spatial_certificate,B_LOCALLY_UNOBSERVABLE,False,0,0,0,0
validation,validation_dirty_001,contaminated,0.001,<1%,compact_blob,1,connected_component,PASS,spatial_certificate,B_LOCALLY_UNOBSERVABLE,False,0,0,0,0
validation,validation_dirty_001,contaminated,0.001,<1%,compact_blob,1,max_local_density,PASS,spatial_certificate,B_LOCALLY_UNOBSERVABLE,False,0,0,0,0
validation,validation_dirty_001,contaminated,0.001,<1%,compact_blob,1,edge_aware,PASS,spatial_certificate,B_LOCALLY_UNOBSERVABLE,False,0,0,0,0
validation,validation_dirty_001,contaminated,0.001,<1%,compact_blob,1,aggressive,PASS,spatial_certificate,B_LOCALLY_UNOBSERVABLE,False,0,0,0,0
validation,validation_dirty_001,contaminated,0.001,<1%,compact_blob,1,balanced,PASS,spatial_certificate,B_LOCALLY_UNOBSERVABLE,False,0,0,0,0
validation,validation_dirty_001,contaminated,0.001,<1%,compact_blob,1,conservative,PASS,spatial_certificate,B_LOCALLY_UNOBSERVABLE,False,0,0,0,0
validation,validation_dirty_002,contaminated,0.001,<1%,elongated_streak,0,global_baseline,PASS,spatial_certificate,A_OBSERVABLE_SPATIALLY_DILUTED,True,2,1,1,1
validation,validation_dirty_002,contaminated,0.001,<1%,elongated_streak,0,tile,PASS,spatial_certificate,A_OBSERVABLE_SPATIALLY_DILUTED,True,2,1,1,1
validation,validation_dirty_002,contaminated,0.001,<1%,elongated_streak,0,multiscale,PASS,spatial_certificate,A_OBSERVABLE_SPATIALLY_DILUTED,True,2,1,1,1
validation,validation_dirty_002,contaminated,0.001,<1%,elongated_streak,0,connected_component,PASS,spatial_certificate,A_OBSERVABLE_SPATIALLY_DILUTED,True,2,1,1,1
validation,validation_dirty_002,contaminated,0.001,<1%,elongated_streak,0,max_local_density,PASS,spatial_certificate,A_OBSERVABLE_SPATIALLY_DILUTED,True,2,1,1,1
validation,validation_dirty_002,contaminated,0.001,<1%,elongated_streak,0,edge_aware,PASS,spatial_certificate,A_OBSERVABLE_SPATIALLY_DILUTED,True,2,1,1,1
validation,validation_dirty_002,contaminated,0.001,<1%,elongated_streak,0,aggressive,PASS,spatial_certificate,A_OBSERVABLE_SPATIALLY_DILUTED,True,2,1,1,1
validation,validation_dirty_002,contaminated,0.001,<1%,elongated_streak,0,balanced,PASS,spatial_certificate,A_OBSERVABLE_SPATIALLY_DILUTED,True,2,1,1,1
validation,validation_dirty_002,contaminated,0.001,<1%,elongated_streak,0,conservative,PASS,spatial_certificate,A_OBSERVABLE_SPATIALLY_DILUTED,True,2,1,1,1
validation,validation_dirty_003,contaminated,0.001,<1%,elongated_streak,1,global_baseline,PASS,spatial_certificate,A_OBSERVABLE_SPATIALLY_DILUTED,True,1,1,1,1
validation,validation_dirty_003,contaminated,0.001,<1%,elongated_streak,1,tile,PASS,spatial_certificate,A_OBSERVABLE_SPATIALLY_DILUTED,True,1,1,1,1
validation,validation_dirty_003,contaminated,0.001,<1%,elongated_streak,1,multiscale,PASS,spatial_certificate,A_OBSERVABLE_SPATIALLY_DILUTED,True,1,1,1,1
validation,validation_dirty_003,contaminated,0.001,<1%,elongated_streak,1,connected_component,PASS,spatial_certificate,A_OBSERVABLE_SPATIALLY_DILUTED,True,1,1,1,1
validation,validation_dirty_003,contaminated,0.001,<1%,elongated_streak,1,max_local_density,PASS,spatial_certificate,A_OBSERVABLE_SPATIALLY_DILUTED,True,1,1,1,1
validation,validation_dirty_003,contaminated,0.001,<1%,elongated_streak,1,edge_aware,PASS,spatial_certificate,A_OBSERVABLE_SPATIALLY_DILUTED,True,1,1,1,1
validation,validation_dirty_003,contaminated,0.001,<1%,elongated_streak,1,aggressive,PASS,spatial_certificate,A_OBSERVABLE_SPATIALLY_DILUTED,True,1,1,1,1
validation,validation_dirty_003,contaminated,0.001,<1%,elongated_streak,1,balanced,PASS,spatial_certificate,A_OBSERVABLE_SPATIALLY_DILUTED,True,1,1,1,1
validation,validation_dirty_003,contaminated,0.001,<1%,elongated_streak,1,conservative,PASS,spatial_certificate,A_OBSERVABLE_SPATIALLY_DILUTED,True,1,1,1,1
validation,validation_dirty_004,contaminated,0.001,<1%,edge_blob,0,global_baseline,PASS,spatial_certificate,A_OBSERVABLE_SPATIALLY_DILUTED,True,2,1,1,1
validation,validation_dirty_004,contaminated,0.001,<1%,edge_blob,0,tile,PASS,spatial_certificate,A_OBSERVABLE_SPATIALLY_DILUTED,True,2,1,1,1
validation,validation_dirty_004,contaminated,0.001,<1%,edge_blob,0,multiscale,PASS,spatial_certificate,A_OBSERVABLE_SPATIALLY_DILUTED,True,2,1,1,1
validation,validation_dirty_004,contaminated,0.001,<1%,edge_blob,0,connected_component,PASS,spatial_certificate,A_OBSERVABLE_SPATIALLY_DILUTED,True,2,1,1,1
validation,validation_dirty_004,contaminated,0.001,<1%,edge_blob,0,max_local_density,PASS,spatial_certificate,A_OBSERVABLE_SPATIALLY_DILUTED,True,2,1,1,1
validation,validation_dirty_004,contaminated,0.001,<1%,edge_blob,0,edge_aware,PASS,spatial_certificate,A_OBSERVABLE_SPATIALLY_DILUTED,True,2,1,1,1
validation,validation_dirty_004,contaminated,0.001,<1%,edge_blob,0,aggressive,PASS,spatial_certificate,A_OBSERVABLE_SPATIALLY_DILUTED,True,2,1,1,1
validation,validation_dirty_004,contaminated,0.001,<1%,edge_blob,0,balanced,PASS,spatial_certificate,A_OBSERVABLE_SPATIALLY_DILUTED,True,2,1,1,1
validation,validation_dirty_004,contaminated,0.001,<1%,edge_blob,0,conservative,PASS,spatial_certificate,A_OBSERVABLE_SPATIALLY_DILUTED,True,2,1,1,1
validation,validation_dirty_005,contaminated,0.001,<1%,edge_blob,1,global_baseline,PASS,spatial_certificate,A_OBSERVABLE_SPATIALLY_DILUTED,True,1,1,1,1
validation,validation_dirty_005,contaminated,0.001,<1%,edge_blob,1,tile,PASS,spatial_certificate,A_OBSERVABLE_SPATIALLY_DILUTED,True,1,1,1,1
validation,validation_dirty_005,contaminated,0.001,<1%,edge_blob,1,multiscale,PASS,spatial_certificate,A_OBSERVABLE_SPATIALLY_DILUTED,True,1,1,1,1
validation,validation_dirty_005,contaminated,0.001,<1%,edge_blob,1,connected_component,PASS,spatial_certificate,A_OBSERVABLE_SPATIALLY_DILUTED,True,1,1,1,1
validation,validation_dirty_005,contaminated,0.001,<1%,edge_blob,1,max_local_density,PASS,spatial_certificate,A_OBSERVABLE_SPATIALLY_DILUTED,True,1,1,1,1
validation,validation_dirty_005,contaminated,0.001,<1%,edge_blob,1,edge_aware,PASS,spatial_certificate,A_OBSERVABLE_SPATIALLY_DILUTED,True,1,1,1,1
validation,validation_dirty_005,contaminated,0.001,<1%,edge_blob,1,aggressive,PASS,spatial_certificate,A_OBSERVABLE_SPATIALLY_DILUTED,True,1,1,1,1
validation,validation_dirty_005,contaminated,0.001,<1%,edge_blob,1,balanced,PASS,spatial_certificate,A_OBSERVABLE_SPATIALLY_DILUTED,True,1,1,1,1
validation,validation_dirty_005,contaminated,0.001,<1%,edge_blob,1,conservative,PASS,spatial_certificate,A_OBSERVABLE_SPATIALLY_DILUTED,True,1,1,1,1
validation,validation_dirty_006,contaminated,0.001,<1%,corner_blob,0,global_baseline,PASS,spatial_certificate,A_OBSERVABLE_SPATIALLY_DILUTED,True,3,1,1,1
validation,validation_dirty_006,contaminated,0.001,<1%,corner_blob,0,tile,PASS,spatial_certificate,A_OBSERVABLE_SPATIALLY_DILUTED,True,3,1,1,1
validation,validation_dirty_006,contaminated,0.001,<1%,corner_blob,0,multiscale,PASS,spatial_certificate,A_OBSERVABLE_SPATIALLY_DILUTED,True,3,1,1,1
validation,validation_dirty_006,contaminated,0.001,<1%,corner_blob,0,connected_component,PASS,spatial_certificate,A_OBSERVABLE_SPATIALLY_DILUTED,True,3,1,1,1
validation,validation_dirty_006,contaminated,0.001,<1%,corner_blob,0,max_local_density,PASS,spatial_certificate,A_OBSERVABLE_SPATIALLY_DILUTED,True,3,1,1,1
validation,validation_dirty_006,contaminated,0.001,<1%,corner_blob,0,edge_aware,PASS,spatial_certificate,A_OBSERVABLE_SPATIALLY_DILUTED,True,3,1,1,1
validation,validation_dirty_006,contaminated,0.001,<1%,corner_blob,0,aggressive,PASS,spatial_certificate,A_OBSERVABLE_SPATIALLY_DILUTED,True,3,1,1,1
validation,validation_dirty_006,contaminated,0.001,<1%,corner_blob,0,balanced,PASS,spatial_certificate,A_OBSERVABLE_SPATIALLY_DILUTED,True,3,1,1,1
validation,validation_dirty_006,contaminated,0.001,<1%,corner_blob,0,conservative,PASS,spatial_certificate,A_OBSERVABLE_SPATIALLY_DILUTED,True,3,1,1,1
validation,validation_dirty_007,contaminated,0.001,<1%,corner_blob,1,global_baseline,FLAG,pixel_flag,NOT_FALSE_CLEAN,True,1,1,-1,-1
validation,validation_dirty_007,contaminated,0.001,<1%,corner_blob,1,tile,FLAG,pixel_flag,NOT_FALSE_CLEAN,True,1,1,-1,-1
validation,validation_dirty_007,contaminated,0.001,<1%,corner_blob,1,multiscale,FLAG,pixel_flag,NOT_FALSE_CLEAN,True,1,1,-1,-1
validation,validation_dirty_007,contaminated,0.001,<1%,corner_blob,1,connected_component,FLAG,pixel_flag,NOT_FALSE_CLEAN,True,1,1,-1,-1
validation,validation_dirty_007,contaminated,0.001,<1%,corner_blob,1,max_local_density,FLAG,pixel_flag,NOT_FALSE_CLEAN,True,1,1,-1,-1
validation,validation_dirty_007,contaminated,0.001,<1%,corner_blob,1,edge_aware,FLAG,pixel_flag,NOT_FALSE_CLEAN,True,1,1,-1,-1
validation,validation_dirty_007,contaminated,0.001,<1%,corner_blob,1,aggressive,FLAG,pixel_flag,NOT_FALSE_CLEAN,True,1,1,-1,-1
validation,validation_dirty_007,contaminated,0.001,<1%,corner_blob,1,balanced,FLAG,pixel_flag,NOT_FALSE_CLEAN,True,1,1,-1,-1
validation,validation_dirty_007,contaminated,0.001,<1%,corner_blob,1,conservative,FLAG,pixel_flag,NOT_FALSE_CLEAN,True,1,1,-1,-1
validation,validation_dirty_008,contaminated,0.001,<1%,multiple_droplets,0,global_baseline,PASS,spatial_certificate,A_OBSERVABLE_SPATIALLY_DILUTED,True,3,1,1,1
validation,validation_dirty_008,contaminated,0.001,<1%,multiple_droplets,0,tile,PASS,spatial_certificate,A_OBSERVABLE_SPATIALLY_DILUTED,True,3,1,1,1
validation,validation_dirty_008,contaminated,0.001,<1%,multiple_droplets,0,multiscale,PASS,spatial_certificate,A_OBSERVABLE_SPATIALLY_DILUTED,True,3,1,1,1
validation,validation_dirty_008,contaminated,0.001,<1%,multiple_droplets,0,connected_component,PASS,spatial_certificate,A_OBSERVABLE_SPATIALLY_DILUTED,True,3,1,1,1
validation,validation_dirty_008,contaminated,0.001,<1%,multiple_droplets,0,max_local_density,PASS,spatial_certificate,A_OBSERVABLE_SPATIALLY_DILUTED,True,3,1,1,1
validation,validation_dirty_008,contaminated,0.001,<1%,multiple_droplets,0,edge_aware,PASS,spatial_certificate,A_OBSERVABLE_SPATIALLY_DILUTED,True,3,1,1,1
validation,validation_dirty_008,contaminated,0.001,<1%,multiple_droplets,0,aggressive,PASS,spatial_certificate,A_OBSERVABLE_SPATIALLY_DILUTED,True,3,1,1,1
validation,validation_dirty_008,contaminated,0.001,<1%,multiple_droplets,0,balanced,PASS,spatial_certificate,A_OBSERVABLE_SPATIALLY_DILUTED,True,3,1,1,1
validation,validation_dirty_008,contaminated,0.001,<1%,multiple_droplets,0,conservative,PASS,spatial_certificate,A_OBSERVABLE_SPATIALLY_DILUTED,True,3,1,1,1
validation,validation_dirty_009,contaminated,0.001,<1%,multiple_droplets,1,global_baseline,PASS,spatial_certificate,A_OBSERVABLE_SPATIALLY_DILUTED,True,1,1,1,1
validation,validation_dirty_009,contaminated,0.001,<1%,multiple_droplets,1,tile,PASS,spatial_certificate,A_OBSERVABLE_SPATIALLY_DILUTED,True,1,1,1,1
validation,validation_dirty_009,contaminated,0.001,<1%,multiple_droplets,1,multiscale,PASS,spatial_certificate,A_OBSERVABLE_SPATIALLY_DILUTED,True,1,1,1,1
validation,validation_dirty_009,contaminated,0.001,<1%,multiple_droplets,1,connected_component,PASS,spatial_certificate,A_OBSERVABLE_SPATIALLY_DILUTED,True,1,1,1,1
validation,validation_dirty_009,contaminated,0.001,<1%,multiple_droplets,1,max_local_density,PASS,spatial_certificate,A_OBSERVABLE_SPATIALLY_DILUTED,True,1,1,1,1
validation,validation_dirty_009,contaminated,0.001,<1%,multiple_droplets,1,edge_aware,PASS,spatial_certificate,A_OBSERVABLE_SPATIALLY_DILUTED,True,1,1,1,1
validation,validation_dirty_009,contaminated,0.001,<1%,multiple_droplets,1,aggressive,PASS,spatial_certificate,A_OBSERVABLE_SPATIALLY_DILUTED,True,1,1,1,1
validation,validation_dirty_009,contaminated,0.001,<1%,multiple_droplets,1,balanced,PASS,spatial_certificate,A_OBSERVABLE_SPATIALLY_DILUTED,True,1,1,1,1
validation,validation_dirty_009,contaminated,0.001,<1%,multiple_droplets,1,conservative,PASS,spatial_certificate,A_OBSERVABLE_SPATIALLY_DILUTED,True,1,1,1,1
validation,validation_dirty_010,contaminated,0.001,<1%,dispersed_sparse,0,global_baseline,PASS,spatial_certificate,A_OBSERVABLE_SPATIALLY_DILUTED,True,6,1,2,2
validation,validation_dirty_010,contaminated,0.001,<1%,dispersed_sparse,0,tile,PASS,spatial_certificate,A_OBSERVABLE_SPATIALLY_DILUTED,True,6,1,2,2
validation,validation_dirty_010,contaminated,0.001,<1%,dispersed_sparse,0,multiscale,PASS,spatial_certificate,A_OBSERVABLE_SPATIALLY_DILUTED,True,6,1,2,2
validation,validation_dirty_010,contaminated,0.001,<1%,dispersed_sparse,0,connected_component,PASS,spatial_certificate,A_OBSERVABLE_SPATIALLY_DILUTED,True,6,1,2,2
validation,validation_dirty_010,contaminated,0.001,<1%,dispersed_sparse,0,max_local_density,PASS,spatial_certificate,A_OBSERVABLE_SPATIALLY_DILUTED,True,6,1,2,2
validation,validation_dirty_010,contaminated,0.001,<1%,dispersed_sparse,0,edge_aware,PASS,spatial_certificate,A_OBSERVABLE_SPATIALLY_DILUTED,True,6,1,2,2
validation,validation_dirty_010,contaminated,0.001,<1%,dispersed_sparse,0,aggressive,UNKNOWN,window_4_density,A_OBSERVABLE_SPATIALLY_DILUTED,True,6,1,2,2
validation,validation_dirty_010,contaminated,0.001,<1%,dispersed_sparse,0,balanced,PASS,spatial_certificate,A_OBSERVABLE_SPATIALLY_DILUTED,True,6,1,2,2
validation,validation_dirty_010,contaminated,0.001,<1%,dispersed_sparse,0,conservative,PASS,spatial_certificate,A_OBSERVABLE_SPATIALLY_DILUTED,True,6,1,2,2
validation,validation_dirty_011,contaminated,0.001,<1%,dispersed_sparse,1,global_baseline,PASS,spatial_certificate,A_OBSERVABLE_SPATIALLY_DILUTED,True,2,1,1,1
validation,validation_dirty_011,contaminated,0.001,<1%,dispersed_sparse,1,tile,PASS,spatial_certificate,A_OBSERVABLE_SPATIALLY_DILUTED,True,2,1,1,1
validation,validation_dirty_011,contaminated,0.001,<1%,dispersed_sparse,1,multiscale,PASS,spatial_certificate,A_OBSERVABLE_SPATIALLY_DILUTED,True,2,1,1,1
validation,validation_dirty_011,contaminated,0.001,<1%,dispersed_sparse,1,connected_component,PASS,spatial_certificate,A_OBSERVABLE_SPATIALLY_DILUTED,True,2,1,1,1
validation,validation_dirty_011,contaminated,0.001,<1%,dispersed_sparse,1,max_local_density,PASS,spatial_certificate,A_OBSERVABLE_SPATIALLY_DILUTED,True,2,1,1,1
validation,validation_dirty_011,contaminated,0.001,<1%,dispersed_sparse,1,edge_aware,PASS,spatial_certificate,A_OBSERVABLE_SPATIALLY_DILUTED,True,2,1,1,1
validation,validation_dirty_011,contaminated,0.001,<1%,dispersed_sparse,1,aggressive,PASS,spatial_certificate,A_OBSERVABLE_SPATIALLY_DILUTED,True,2,1,1,1
validation,validation_dirty_011,contaminated,0.001,<1%,dispersed_sparse,1,balanced,PASS,spatial_certificate,A_OBSERVABLE_SPATIALLY_DILUTED,True,2,1,1,1
validation,validation_dirty_011,contaminated,0.001,<1%,dispersed_sparse,1,conservative,PASS,spatial_certificate,A_OBSERVABLE_SPATIALLY_DILUTED,True,2,1,1,1
validation,validation_dirty_012,contaminated,0.001,<1%,psf_blurred,0,global_baseline,PASS,spatial_certificate,A_OBSERVABLE_SPATIALLY_DILUTED,True,9,5,9,3
validation,validation_dirty_012,contaminated,0.001,<1%,psf_blurred,0,tile,PASS,spatial_certificate,A_OBSERVABLE_SPATIALLY_DILUTED,True,9,5,9,3
validation,validation_dirty_012,contaminated,0.001,<1%,psf_blurred,0,multiscale,UNKNOWN,window_4_density,A_OBSERVABLE_SPATIALLY_DILUTED,True,9,5,9,3
validation,validation_dirty_012,contaminated,0.001,<1%,psf_blurred,0,connected_component,UNKNOWN,component_area,A_OBSERVABLE_SPATIALLY_DILUTED,True,9,5,9,3
validation,validation_dirty_012,contaminated,0.001,<1%,psf_blurred,0,max_local_density,UNKNOWN,window_4_density,A_OBSERVABLE_SPATIALLY_DILUTED,True,9,5,9,3
validation,validation_dirty_012,contaminated,0.001,<1%,psf_blurred,0,edge_aware,PASS,spatial_certificate,A_OBSERVABLE_SPATIALLY_DILUTED,True,9,5,9,3
validation,validation_dirty_012,contaminated,0.001,<1%,psf_blurred,0,aggressive,UNKNOWN,tile_density,A_OBSERVABLE_SPATIALLY_DILUTED,True,9,5,9,3
validation,validation_dirty_012,contaminated,0.001,<1%,psf_blurred,0,balanced,PASS,spatial_certificate,A_OBSERVABLE_SPATIALLY_DILUTED,True,9,5,9,3
validation,validation_dirty_012,contaminated,0.001,<1%,psf_blurred,0,conservative,PASS,spatial_certificate,A_OBSERVABLE_SPATIALLY_DILUTED,True,9,5,9,3
validation,validation_dirty_013,contaminated,0.001,<1%,psf_blurred,1,global_baseline,PASS,spatial_certificate,A_OBSERVABLE_SPATIALLY_DILUTED,True,10,1,9,3
validation,validation_dirty_013,contaminated,0.001,<1%,psf_blurred,1,tile,UNKNOWN,tile_density,A_OBSERVABLE_SPATIALLY_DILUTED,True,10,1,9,3
validation,validation_dirty_013,contaminated,0.001,<1%,psf_blurred,1,multiscale,UNKNOWN,window_4_density,A_OBSERVABLE_SPATIALLY_DILUTED,True,10,1,9,3
validation,validation_dirty_013,contaminated,0.001,<1%,psf_blurred,1,connected_component,UNKNOWN,component_area,A_OBSERVABLE_SPATIALLY_DILUTED,True,10,1,9,3
validation,validation_dirty_013,contaminated,0.001,<1%,psf_blurred,1,max_local_density,UNKNOWN,window_4_density,A_OBSERVABLE_SPATIALLY_DILUTED,True,10,1,9,3
validation,validation_dirty_013,contaminated,0.001,<1%,psf_blurred,1,edge_aware,PASS,spatial_certificate,A_OBSERVABLE_SPATIALLY_DILUTED,True,10,1,9,3
validation,validation_dirty_013,contaminated,0.001,<1%,psf_blurred,1,aggressive,UNKNOWN,tile_density,A_OBSERVABLE_SPATIALLY_DILUTED,True,10,1,9,3
validation,validation_dirty_013,contaminated,0.001,<1%,psf_blurred,1,balanced,PASS,spatial_certificate,A_OBSERVABLE_SPATIALLY_DILUTED,True,10,1,9,3
validation,validation_dirty_013,contaminated,0.001,<1%,psf_blurred,1,conservative,PASS,spatial_certificate,A_OBSERVABLE_SPATIALLY_DILUTED,True,10,1,9,3
validation,validation_dirty_014,contaminated,0.001,<1%,registration_shifted,0,global_baseline,PASS,spatial_certificate,A_OBSERVABLE_SPATIALLY_DILUTED,True,2,1,1,1
validation,validation_dirty_014,contaminated,0.001,<1%,registration_shifted,0,tile,PASS,spatial_certificate,A_OBSERVABLE_SPATIALLY_DILUTED,True,2,1,1,1
validation,validation_dirty_014,contaminated,0.001,<1%,registration_shifted,0,multiscale,PASS,spatial_certificate,A_OBSERVABLE_SPATIALLY_DILUTED,True,2,1,1,1
validation,validation_dirty_014,contaminated,0.001,<1%,registration_shifted,0,connected_component,PASS,spatial_certificate,A_OBSERVABLE_SPATIALLY_DILUTED,True,2,1,1,1
validation,validation_dirty_014,contaminated,0.001,<1%,registration_shifted,0,max_local_density,PASS,spatial_certificate,A_OBSERVABLE_SPATIALLY_DILUTED,True,2,1,1,1
validation,validation_dirty_014,contaminated,0.001,<1%,registration_shifted,0,edge_aware,PASS,spatial_certificate,A_OBSERVABLE_SPATIALLY_DILUTED,True,2,1,1,1
validation,validation_dirty_014,contaminated,0.001,<1%,registration_shifted,0,aggressive,PASS,spatial_certificate,A_OBSERVABLE_SPATIALLY_DILUTED,True,2,1,1,1
validation,validation_dirty_014,contaminated,0.001,<1%,registration_shifted,0,balanced,PASS,spatial_certificate,A_OBSERVABLE_SPATIALLY_DILUTED,True,2,1,1,1
validation,validation_dirty_014,contaminated,0.001,<1%,registration_shifted,0,conservative,PASS,spatial_certificate,A_OBSERVABLE_SPATIALLY_DILUTED,True,2,1,1,1
validation,validation_dirty_015,contaminated,0.001,<1%,registration_shifted,1,global_baseline,PASS,spatial_certificate,A_OBSERVABLE_SPATIALLY_DILUTED,True,3,1,1,1
validation,validation_dirty_015,contaminated,0.001,<1%,registration_shifted,1,tile,PASS,spatial_certificate,A_OBSERVABLE_SPATIALLY_DILUTED,True,3,1,1,1
validation,validation_dirty_015,contaminated,0.001,<1%,registration_shifted,1,multiscale,PASS,spatial_certificate,A_OBSERVABLE_SPATIALLY_DILUTED,True,3,1,1,1
validation,validation_dirty_015,contaminated,0.001,<1%,registration_shifted,1,connected_component,PASS,spatial_certificate,A_OBSERVABLE_SPATIALLY_DILUTED,True,3,1,1,1
validation,validation_dirty_015,contaminated,0.001,<1%,registration_shifted,1,max_local_density,PASS,spatial_certificate,A_OBSERVABLE_SPATIALLY_DILUTED,True,3,1,1,1
validation,validation_dirty_015,contaminated,0.001,<1%,registration_shifted,1,edge_aware,PASS,spatial_certificate,A_OBSERVABLE_SPATIALLY_DILUTED,True,3,1,1,1
validation,validation_dirty_015,contaminated,0.001,<1%,registration_shifted,1,aggressive,PASS,spatial_certificate,A_OBSERVABLE_SPATIALLY_DILUTED,True,3,1,1,1
validation,validation_dirty_015,contaminated,0.001,<1%,registration_shifted,1,balanced,PASS,spatial_certificate,A_OBSERVABLE_SPATIALLY_DILUTED,True,3,1,1,1
validation,validation_dirty_015,contaminated,0.001,<1%,registration_shifted,1,conservative,PASS,spatial_certificate,A_OBSERVABLE_SPATIALLY_DILUTED,True,3,1,1,1
validation,validation_dirty_016,contaminated,0.0025,<1%,compact_blob,0,global_baseline,FLAG,pixel_flag,NOT_FALSE_CLEAN,True,6,3,-1,-1
validation,validation_dirty_016,contaminated,0.0025,<1%,compact_blob,0,tile,FLAG,pixel_flag,NOT_FALSE_CLEAN,True,6,3,-1,-1
validation,validation_dirty_016,contaminated,0.0025,<1%,compact_blob,0,multiscale,FLAG,pixel_flag,NOT_FALSE_CLEAN,True,6,3,-1,-1
validation,validation_dirty_016,contaminated,0.0025,<1%,compact_blob,0,connected_component,FLAG,pixel_flag,NOT_FALSE_CLEAN,True,6,3,-1,-1
validation,validation_dirty_016,contaminated,0.0025,<1%,compact_blob,0,max_local_density,FLAG,pixel_flag,NOT_FALSE_CLEAN,True,6,3,-1,-1
validation,validation_dirty_016,contaminated,0.0025,<1%,compact_blob,0,edge_aware,FLAG,pixel_flag,NOT_FALSE_CLEAN,True,6,3,-1,-1
validation,validation_dirty_016,contaminated,0.0025,<1%,compact_blob,0,aggressive,FLAG,pixel_flag,NOT_FALSE_CLEAN,True,6,3,-1,-1
validation,validation_dirty_016,contaminated,0.0025,<1%,compact_blob,0,balanced,FLAG,pixel_flag,NOT_FALSE_CLEAN,True,6,3,-1,-1
validation,validation_dirty_016,contaminated,0.0025,<1%,compact_blob,0,conservative,FLAG,pixel_flag,NOT_FALSE_CLEAN,True,6,3,-1,-1
validation,validation_dirty_017,contaminated,0.0025,<1%,compact_blob,1,global_baseline,FLAG,pixel_flag,NOT_FALSE_CLEAN,True,6,4,-1,-1
validation,validation_dirty_017,contaminated,0.0025,<1%,compact_blob,1,tile,FLAG,pixel_flag,NOT_FALSE_CLEAN,True,6,4,-1,-1
validation,validation_dirty_017,contaminated,0.0025,<1%,compact_blob,1,multiscale,FLAG,pixel_flag,NOT_FALSE_CLEAN,True,6,4,-1,-1
validation,validation_dirty_017,contaminated,0.0025,<1%,compact_blob,1,connected_component,FLAG,pixel_flag,NOT_FALSE_CLEAN,True,6,4,-1,-1
validation,validation_dirty_017,contaminated,0.0025,<1%,compact_blob,1,max_local_density,FLAG,pixel_flag,NOT_FALSE_CLEAN,True,6,4,-1,-1
validation,validation_dirty_017,contaminated,0.0025,<1%,compact_blob,1,edge_aware,FLAG,pixel_flag,NOT_FALSE_CLEAN,True,6,4,-1,-1
validation,validation_dirty_017,contaminated,0.0025,<1%,compact_blob,1,aggressive,FLAG,pixel_flag,NOT_FALSE_CLEAN,True,6,4,-1,-1
validation,validation_dirty_017,contaminated,0.0025,<1%,compact_blob,1,balanced,FLAG,pixel_flag,NOT_FALSE_CLEAN,True,6,4,-1,-1
validation,validation_dirty_017,contaminated,0.0025,<1%,compact_blob,1,conservative,FLAG,pixel_flag,NOT_FALSE_CLEAN,True,6,4,-1,-1
validation,validation_dirty_018,contaminated,0.0025,<1%,elongated_streak,0,global_baseline,PASS,spatial_certificate,A_OBSERVABLE_SPATIALLY_DILUTED,True,4,3,1,1
validation,validation_dirty_018,contaminated,0.0025,<1%,elongated_streak,0,tile,PASS,spatial_certificate,A_OBSERVABLE_SPATIALLY_DILUTED,True,4,3,1,1
validation,validation_dirty_018,contaminated,0.0025,<1%,elongated_streak,0,multiscale,PASS,spatial_certificate,A_OBSERVABLE_SPATIALLY_DILUTED,True,4,3,1,1
validation,validation_dirty_018,contaminated,0.0025,<1%,elongated_streak,0,connected_component,PASS,spatial_certificate,A_OBSERVABLE_SPATIALLY_DILUTED,True,4,3,1,1
validation,validation_dirty_018,contaminated,0.0025,<1%,elongated_streak,0,max_local_density,PASS,spatial_certificate,A_OBSERVABLE_SPATIALLY_DILUTED,True,4,3,1,1
validation,validation_dirty_018,contaminated,0.0025,<1%,elongated_streak,0,edge_aware,PASS,spatial_certificate,A_OBSERVABLE_SPATIALLY_DILUTED,True,4,3,1,1
validation,validation_dirty_018,contaminated,0.0025,<1%,elongated_streak,0,aggressive,UNKNOWN,window_4_density,A_OBSERVABLE_SPATIALLY_DILUTED,True,4,3,1,1
validation,validation_dirty_018,contaminated,0.0025,<1%,elongated_streak,0,balanced,PASS,spatial_certificate,A_OBSERVABLE_SPATIALLY_DILUTED,True,4,3,1,1
validation,validation_dirty_018,contaminated,0.0025,<1%,elongated_streak,0,conservative,PASS,spatial_certificate,A_OBSERVABLE_SPATIALLY_DILUTED,True,4,3,1,1
validation,validation_dirty_019,contaminated,0.0025,<1%,elongated_streak,1,global_baseline,FLAG,pixel_flag,NOT_FALSE_CLEAN,True,3,3,-1,-1
validation,validation_dirty_019,contaminated,0.0025,<1%,elongated_streak,1,tile,FLAG,pixel_flag,NOT_FALSE_CLEAN,True,3,3,-1,-1
validation,validation_dirty_019,contaminated,0.0025,<1%,elongated_streak,1,multiscale,FLAG,pixel_flag,NOT_FALSE_CLEAN,True,3,3,-1,-1
validation,validation_dirty_019,contaminated,0.0025,<1%,elongated_streak,1,connected_component,FLAG,pixel_flag,NOT_FALSE_CLEAN,True,3,3,-1,-1
validation,validation_dirty_019,contaminated,0.0025,<1%,elongated_streak,1,max_local_density,FLAG,pixel_flag,NOT_FALSE_CLEAN,True,3,3,-1,-1
validation,validation_dirty_019,contaminated,0.0025,<1%,elongated_streak,1,edge_aware,FLAG,pixel_flag,NOT_FALSE_CLEAN,True,3,3,-1,-1
validation,validation_dirty_019,contaminated,0.0025,<1%,elongated_streak,1,aggressive,FLAG,pixel_flag,NOT_FALSE_CLEAN,True,3,3,-1,-1
validation,validation_dirty_019,contaminated,0.0025,<1%,elongated_streak,1,balanced,FLAG,pixel_flag,NOT_FALSE_CLEAN,True,3,3,-1,-1
validation,validation_dirty_019,contaminated,0.0025,<1%,elongated_streak,1,conservative,FLAG,pixel_flag,NOT_FALSE_CLEAN,True,3,3,-1,-1
validation,validation_dirty_020,contaminated,0.0025,<1%,edge_blob,0,global_baseline,PASS,spatial_certificate,A_OBSERVABLE_SPATIALLY_DILUTED,True,4,3,3,2
validation,validation_dirty_020,contaminated,0.0025,<1%,edge_blob,0,tile,PASS,spatial_certificate,A_OBSERVABLE_SPATIALLY_DILUTED,True,4,3,3,2
validation,validation_dirty_020,contaminated,0.0025,<1%,edge_blob,0,multiscale,PASS,spatial_certificate,A_OBSERVABLE_SPATIALLY_DILUTED,True,4,3,3,2
validation,validation_dirty_020,contaminated,0.0025,<1%,edge_blob,0,connected_component,PASS,spatial_certificate,A_OBSERVABLE_SPATIALLY_DILUTED,True,4,3,3,2
validation,validation_dirty_020,contaminated,0.0025,<1%,edge_blob,0,max_local_density,UNKNOWN,window_4_density,A_OBSERVABLE_SPATIALLY_DILUTED,True,4,3,3,2
validation,validation_dirty_020,contaminated,0.0025,<1%,edge_blob,0,edge_aware,PASS,spatial_certificate,A_OBSERVABLE_SPATIALLY_DILUTED,True,4,3,3,2
validation,validation_dirty_020,contaminated,0.0025,<1%,edge_blob,0,aggressive,UNKNOWN,window_4_density,A_OBSERVABLE_SPATIALLY_DILUTED,True,4,3,3,2
validation,validation_dirty_020,contaminated,0.0025,<1%,edge_blob,0,balanced,PASS,spatial_certificate,A_OBSERVABLE_SPATIALLY_DILUTED,True,4,3,3,2
validation,validation_dirty_020,contaminated,0.0025,<1%,edge_blob,0,conservative,PASS,spatial_certificate,A_OBSERVABLE_SPATIALLY_DILUTED,True,4,3,3,2
validation,validation_dirty_021,contaminated,0.0025,<1%,edge_blob,1,global_baseline,PASS,spatial_certificate,A_OBSERVABLE_SPATIALLY_DILUTED,True,5,3,3,2
validation,validation_dirty_021,contaminated,0.0025,<1%,edge_blob,1,tile,PASS,spatial_certificate,A_OBSERVABLE_SPATIALLY_DILUTED,True,5,3,3,2
validation,validation_dirty_021,contaminated,0.0025,<1%,edge_blob,1,multiscale,PASS,spatial_certificate,A_OBSERVABLE_SPATIALLY_DILUTED,True,5,3,3,2
validation,validation_dirty_021,contaminated,0.0025,<1%,edge_blob,1,connected_component,PASS,spatial_certificate,A_OBSERVABLE_SPATIALLY_DILUTED,True,5,3,3,2
validation,validation_dirty_021,contaminated,0.0025,<1%,edge_blob,1,max_local_density,UNKNOWN,window_4_density,A_OBSERVABLE_SPATIALLY_DILUTED,True,5,3,3,2
validation,validation_dirty_021,contaminated,0.0025,<1%,edge_blob,1,edge_aware,PASS,spatial_certificate,A_OBSERVABLE_SPATIALLY_DILUTED,True,5,3,3,2
validation,validation_dirty_021,contaminated,0.0025,<1%,edge_blob,1,aggressive,UNKNOWN,window_4_density,A_OBSERVABLE_SPATIALLY_DILUTED,True,5,3,3,2
validation,validation_dirty_021,contaminated,0.0025,<1%,edge_blob,1,balanced,PASS,spatial_certificate,A_OBSERVABLE_SPATIALLY_DILUTED,True,5,3,3,2
validation,validation_dirty_021,contaminated,0.0025,<1%,edge_blob,1,conservative,PASS,spatial_certificate,A_OBSERVABLE_SPATIALLY_DILUTED,True,5,3,3,2
validation,validation_dirty_022,contaminated,0.0025,<1%,corner_blob,0,global_baseline,FLAG,pixel_flag,NOT_FALSE_CLEAN,True,6,3,-1,-1
validation,validation_dirty_022,contaminated,0.0025,<1%,corner_blob,0,tile,FLAG,pixel_flag,NOT_FALSE_CLEAN,True,6,3,-1,-1
validation,validation_dirty_022,contaminated,0.0025,<1%,corner_blob,0,multiscale,FLAG,pixel_flag,NOT_FALSE_CLEAN,True,6,3,-1,-1
validation,validation_dirty_022,contaminated,0.0025,<1%,corner_blob,0,connected_component,FLAG,pixel_flag,NOT_FALSE_CLEAN,True,6,3,-1,-1
validation,validation_dirty_022,contaminated,0.0025,<1%,corner_blob,0,max_local_density,FLAG,pixel_flag,NOT_FALSE_CLEAN,True,6,3,-1,-1
validation,validation_dirty_022,contaminated,0.0025,<1%,corner_blob,0,edge_aware,FLAG,pixel_flag,NOT_FALSE_CLEAN,True,6,3,-1,-1
validation,validation_dirty_022,contaminated,0.0025,<1%,corner_blob,0,aggressive,FLAG,pixel_flag,NOT_FALSE_CLEAN,True,6,3,-1,-1
validation,validation_dirty_022,contaminated,0.0025,<1%,corner_blob,0,balanced,FLAG,pixel_flag,NOT_FALSE_CLEAN,True,6,3,-1,-1
validation,validation_dirty_022,contaminated,0.0025,<1%,corner_blob,0,conservative,FLAG,pixel_flag,NOT_FALSE_CLEAN,True,6,3,-1,-1
validation,validation_dirty_023,contaminated,0.0025,<1%,corner_blob,1,global_baseline,PASS,spatial_certificate,A_OBSERVABLE_SPATIALLY_DILUTED,True,4,3,3,2
validation,validation_dirty_023,contaminated,0.0025,<1%,corner_blob,1,tile,PASS,spatial_certificate,A_OBSERVABLE_SPATIALLY_DILUTED,True,4,3,3,2
validation,validation_dirty_023,contaminated,0.0025,<1%,corner_blob,1,multiscale,PASS,spatial_certificate,A_OBSERVABLE_SPATIALLY_DILUTED,True,4,3,3,2
validation,validation_dirty_023,contaminated,0.0025,<1%,corner_blob,1,connected_component,PASS,spatial_certificate,A_OBSERVABLE_SPATIALLY_DILUTED,True,4,3,3,2
validation,validation_dirty_023,contaminated,0.0025,<1%,corner_blob,1,max_local_density,UNKNOWN,window_4_density,A_OBSERVABLE_SPATIALLY_DILUTED,True,4,3,3,2
validation,validation_dirty_023,contaminated,0.0025,<1%,corner_blob,1,edge_aware,PASS,spatial_certificate,A_OBSERVABLE_SPATIALLY_DILUTED,True,4,3,3,2
validation,validation_dirty_023,contaminated,0.0025,<1%,corner_blob,1,aggressive,UNKNOWN,window_4_density,A_OBSERVABLE_SPATIALLY_DILUTED,True,4,3,3,2
validation,validation_dirty_023,contaminated,0.0025,<1%,corner_blob,1,balanced,PASS,spatial_certificate,A_OBSERVABLE_SPATIALLY_DILUTED,True,4,3,3,2
validation,validation_dirty_023,contaminated,0.0025,<1%,corner_blob,1,conservative,PASS,spatial_certificate,A_OBSERVABLE_SPATIALLY_DILUTED,True,4,3,3,2
validation,validation_dirty_024,contaminated,0.0025,<1%,multiple_droplets,0,global_baseline,FLAG,pixel_flag,NOT_FALSE_CLEAN,True,3,3,-1,-1
validation,validation_dirty_024,contaminated,0.0025,<1%,multiple_droplets,0,tile,FLAG,pixel_flag,NOT_FALSE_CLEAN,True,3,3,-1,-1
validation,validation_dirty_024,contaminated,0.0025,<1%,multiple_droplets,0,multiscale,FLAG,pixel_flag,NOT_FALSE_CLEAN,True,3,3,-1,-1
validation,validation_dirty_024,contaminated,0.0025,<1%,multiple_droplets,0,connected_component,FLAG,pixel_flag,NOT_FALSE_CLEAN,True,3,3,-1,-1
validation,validation_dirty_024,contaminated,0.0025,<1%,multiple_droplets,0,max_local_density,FLAG,pixel_flag,NOT_FALSE_CLEAN,True,3,3,-1,-1
validation,validation_dirty_024,contaminated,0.0025,<1%,multiple_droplets,0,edge_aware,FLAG,pixel_flag,NOT_FALSE_CLEAN,True,3,3,-1,-1
validation,validation_dirty_024,contaminated,0.0025,<1%,multiple_droplets,0,aggressive,FLAG,pixel_flag,NOT_FALSE_CLEAN,True,3,3,-1,-1
validation,validation_dirty_024,contaminated,0.0025,<1%,multiple_droplets,0,balanced,FLAG,pixel_flag,NOT_FALSE_CLEAN,True,3,3,-1,-1
validation,validation_dirty_024,contaminated,0.0025,<1%,multiple_droplets,0,conservative,FLAG,pixel_flag,NOT_FALSE_CLEAN,True,3,3,-1,-1
validation,validation_dirty_025,contaminated,0.0025,<1%,multiple_droplets,1,global_baseline,PASS,spatial_certificate,A_OBSERVABLE_SPATIALLY_DILUTED,True,3,3,1,1
validation,validation_dirty_025,contaminated,0.0025,<1%,multiple_droplets,1,tile,PASS,spatial_certificate,A_OBSERVABLE_SPATIALLY_DILUTED,True,3,3,1,1
validation,validation_dirty_025,contaminated,0.0025,<1%,multiple_droplets,1,multiscale,PASS,spatial_certificate,A_OBSERVABLE_SPATIALLY_DILUTED,True,3,3,1,1
validation,validation_dirty_025,contaminated,0.0025,<1%,multiple_droplets,1,connected_component,PASS,spatial_certificate,A_OBSERVABLE_SPATIALLY_DILUTED,True,3,3,1,1
validation,validation_dirty_025,contaminated,0.0025,<1%,multiple_droplets,1,max_local_density,PASS,spatial_certificate,A_OBSERVABLE_SPATIALLY_DILUTED,True,3,3,1,1
validation,validation_dirty_025,contaminated,0.0025,<1%,multiple_droplets,1,edge_aware,PASS,spatial_certificate,A_OBSERVABLE_SPATIALLY_DILUTED,True,3,3,1,1
validation,validation_dirty_025,contaminated,0.0025,<1%,multiple_droplets,1,aggressive,PASS,spatial_certificate,A_OBSERVABLE_SPATIALLY_DILUTED,True,3,3,1,1
validation,validation_dirty_025,contaminated,0.0025,<1%,multiple_droplets,1,balanced,PASS,spatial_certificate,A_OBSERVABLE_SPATIALLY_DILUTED,True,3,3,1,1
validation,validation_dirty_025,contaminated,0.0025,<1%,multiple_droplets,1,conservative,PASS,spatial_certificate,A_OBSERVABLE_SPATIALLY_DILUTED,True,3,3,1,1
validation,validation_dirty_026,contaminated,0.0025,<1%,dispersed_sparse,0,global_baseline,PASS,spatial_certificate,A_OBSERVABLE_SPATIALLY_DILUTED,True,4,3,1,1
validation,validation_dirty_026,contaminated,0.0025,<1%,dispersed_sparse,0,tile,PASS,spatial_certificate,A_OBSERVABLE_SPATIALLY_DILUTED,True,4,3,1,1
validation,validation_dirty_026,contaminated,0.0025,<1%,dispersed_sparse,0,multiscale,PASS,spatial_certificate,A_OBSERVABLE_SPATIALLY_DILUTED,True,4,3,1,1
validation,validation_dirty_026,contaminated,0.0025,<1%,dispersed_sparse,0,connected_component,PASS,spatial_certificate,A_OBSERVABLE_SPATIALLY_DILUTED,True,4,3,1,1
validation,validation_dirty_026,contaminated,0.0025,<1%,dispersed_sparse,0,max_local_density,PASS,spatial_certificate,A_OBSERVABLE_SPATIALLY_DILUTED,True,4,3,1,1
validation,validation_dirty_026,contaminated,0.0025,<1%,dispersed_sparse,0,edge_aware,PASS,spatial_certificate,A_OBSERVABLE_SPATIALLY_DILUTED,True,4,3,1,1
validation,validation_dirty_026,contaminated,0.0025,<1%,dispersed_sparse,0,aggressive,PASS,spatial_certificate,A_OBSERVABLE_SPATIALLY_DILUTED,True,4,3,1,1
validation,validation_dirty_026,contaminated,0.0025,<1%,dispersed_sparse,0,balanced,PASS,spatial_certificate,A_OBSERVABLE_SPATIALLY_DILUTED,True,4,3,1,1
validation,validation_dirty_026,contaminated,0.0025,<1%,dispersed_sparse,0,conservative,PASS,spatial_certificate,A_OBSERVABLE_SPATIALLY_DILUTED,True,4,3,1,1
validation,validation_dirty_027,contaminated,0.0025,<1%,dispersed_sparse,1,global_baseline,FLAG,pixel_flag,NOT_FALSE_CLEAN,True,7,3,-1,-1
validation,validation_dirty_027,contaminated,0.0025,<1%,dispersed_sparse,1,tile,FLAG,pixel_flag,NOT_FALSE_CLEAN,True,7,3,-1,-1
validation,validation_dirty_027,contaminated,0.0025,<1%,dispersed_sparse,1,multiscale,FLAG,pixel_flag,NOT_FALSE_CLEAN,True,7,3,-1,-1
validation,validation_dirty_027,contaminated,0.0025,<1%,dispersed_sparse,1,connected_component,FLAG,pixel_flag,NOT_FALSE_CLEAN,True,7,3,-1,-1
validation,validation_dirty_027,contaminated,0.0025,<1%,dispersed_sparse,1,max_local_density,FLAG,pixel_flag,NOT_FALSE_CLEAN,True,7,3,-1,-1
validation,validation_dirty_027,contaminated,0.0025,<1%,dispersed_sparse,1,edge_aware,FLAG,pixel_flag,NOT_FALSE_CLEAN,True,7,3,-1,-1
validation,validation_dirty_027,contaminated,0.0025,<1%,dispersed_sparse,1,aggressive,FLAG,pixel_flag,NOT_FALSE_CLEAN,True,7,3,-1,-1
validation,validation_dirty_027,contaminated,0.0025,<1%,dispersed_sparse,1,balanced,FLAG,pixel_flag,NOT_FALSE_CLEAN,True,7,3,-1,-1
validation,validation_dirty_027,contaminated,0.0025,<1%,dispersed_sparse,1,conservative,FLAG,pixel_flag,NOT_FALSE_CLEAN,True,7,3,-1,-1
validation,validation_dirty_028,contaminated,0.0025,<1%,psf_blurred,0,global_baseline,PASS,spatial_certificate,A_OBSERVABLE_SPATIALLY_DILUTED,True,34,12,32,6
validation,validation_dirty_028,contaminated,0.0025,<1%,psf_blurred,0,tile,UNKNOWN,tile_density,A_OBSERVABLE_SPATIALLY_DILUTED,True,34,12,32,6
validation,validation_dirty_028,contaminated,0.0025,<1%,psf_blurred,0,multiscale,UNKNOWN,window_4_density,A_OBSERVABLE_SPATIALLY_DILUTED,True,34,12,32,6
validation,validation_dirty_028,contaminated,0.0025,<1%,psf_blurred,0,connected_component,UNKNOWN,component_area,A_OBSERVABLE_SPATIALLY_DILUTED,True,34,12,32,6
validation,validation_dirty_028,contaminated,0.0025,<1%,psf_blurred,0,max_local_density,UNKNOWN,window_4_density,A_OBSERVABLE_SPATIALLY_DILUTED,True,34,12,32,6
validation,validation_dirty_028,contaminated,0.0025,<1%,psf_blurred,0,edge_aware,PASS,spatial_certificate,A_OBSERVABLE_SPATIALLY_DILUTED,True,34,12,32,6
validation,validation_dirty_028,contaminated,0.0025,<1%,psf_blurred,0,aggressive,UNKNOWN,tile_density,A_OBSERVABLE_SPATIALLY_DILUTED,True,34,12,32,6
validation,validation_dirty_028,contaminated,0.0025,<1%,psf_blurred,0,balanced,UNKNOWN,window_4_density,A_OBSERVABLE_SPATIALLY_DILUTED,True,34,12,32,6
validation,validation_dirty_028,contaminated,0.0025,<1%,psf_blurred,0,conservative,UNKNOWN,window_4_density,A_OBSERVABLE_SPATIALLY_DILUTED,True,34,12,32,6
validation,validation_dirty_029,contaminated,0.0025,<1%,psf_blurred,1,global_baseline,PASS,spatial_certificate,A_OBSERVABLE_SPATIALLY_DILUTED,True,36,13,35,7
validation,validation_dirty_029,contaminated,0.0025,<1%,psf_blurred,1,tile,UNKNOWN,tile_density,A_OBSERVABLE_SPATIALLY_DILUTED,True,36,13,35,7
validation,validation_dirty_029,contaminated,0.0025,<1%,psf_blurred,1,multiscale,UNKNOWN,window_4_density,A_OBSERVABLE_SPATIALLY_DILUTED,True,36,13,35,7
validation,validation_dirty_029,contaminated,0.0025,<1%,psf_blurred,1,connected_component,UNKNOWN,component_area,A_OBSERVABLE_SPATIALLY_DILUTED,True,36,13,35,7
validation,validation_dirty_029,contaminated,0.0025,<1%,psf_blurred,1,max_local_density,UNKNOWN,window_4_density,A_OBSERVABLE_SPATIALLY_DILUTED,True,36,13,35,7
validation,validation_dirty_029,contaminated,0.0025,<1%,psf_blurred,1,edge_aware,PASS,spatial_certificate,A_OBSERVABLE_SPATIALLY_DILUTED,True,36,13,35,7
validation,validation_dirty_029,contaminated,0.0025,<1%,psf_blurred,1,aggressive,UNKNOWN,tile_density,A_OBSERVABLE_SPATIALLY_DILUTED,True,36,13,35,7
validation,validation_dirty_029,contaminated,0.0025,<1%,psf_blurred,1,balanced,UNKNOWN,tile_density,A_OBSERVABLE_SPATIALLY_DILUTED,True,36,13,35,7
validation,validation_dirty_029,contaminated,0.0025,<1%,psf_blurred,1,conservative,UNKNOWN,window_4_density,A_OBSERVABLE_SPATIALLY_DILUTED,True,36,13,35,7
validation,validation_dirty_030,contaminated,0.0025,<1%,registration_shifted,0,global_baseline,FLAG,pixel_flag,NOT_FALSE_CLEAN,True,5,4,-1,-1
validation,validation_dirty_030,contaminated,0.0025,<1%,registration_shifted,0,tile,FLAG,pixel_flag,NOT_FALSE_CLEAN,True,5,4,-1,-1
validation,validation_dirty_030,contaminated,0.0025,<1%,registration_shifted,0,multiscale,FLAG,pixel_flag,NOT_FALSE_CLEAN,True,5,4,-1,-1
validation,validation_dirty_030,contaminated,0.0025,<1%,registration_shifted,0,connected_component,FLAG,pixel_flag,NOT_FALSE_CLEAN,True,5,4,-1,-1
validation,validation_dirty_030,contaminated,0.0025,<1%,registration_shifted,0,max_local_density,FLAG,pixel_flag,NOT_FALSE_CLEAN,True,5,4,-1,-1
validation,validation_dirty_030,contaminated,0.0025,<1%,registration_shifted,0,edge_aware,FLAG,pixel_flag,NOT_FALSE_CLEAN,True,5,4,-1,-1
validation,validation_dirty_030,contaminated,0.0025,<1%,registration_shifted,0,aggressive,FLAG,pixel_flag,NOT_FALSE_CLEAN,True,5,4,-1,-1
validation,validation_dirty_030,contaminated,0.0025,<1%,registration_shifted,0,balanced,FLAG,pixel_flag,NOT_FALSE_CLEAN,True,5,4,-1,-1
validation,validation_dirty_030,contaminated,0.0025,<1%,registration_shifted,0,conservative,FLAG,pixel_flag,NOT_FALSE_CLEAN,True,5,4,-1,-1
validation,validation_dirty_031,contaminated,0.0025,<1%,registration_shifted,1,global_baseline,FLAG,pixel_flag,NOT_FALSE_CLEAN,True,2,2,-1,-1
validation,validation_dirty_031,contaminated,0.0025,<1%,registration_shifted,1,tile,FLAG,pixel_flag,NOT_FALSE_CLEAN,True,2,2,-1,-1
validation,validation_dirty_031,contaminated,0.0025,<1%,registration_shifted,1,multiscale,FLAG,pixel_flag,NOT_FALSE_CLEAN,True,2,2,-1,-1
validation,validation_dirty_031,contaminated,0.0025,<1%,registration_shifted,1,connected_component,FLAG,pixel_flag,NOT_FALSE_CLEAN,True,2,2,-1,-1
validation,validation_dirty_031,contaminated,0.0025,<1%,registration_shifted,1,max_local_density,FLAG,pixel_flag,NOT_FALSE_CLEAN,True,2,2,-1,-1
validation,validation_dirty_031,contaminated,0.0025,<1%,registration_shifted,1,edge_aware,FLAG,pixel_flag,NOT_FALSE_CLEAN,True,2,2,-1,-1
validation,validation_dirty_031,contaminated,0.0025,<1%,registration_shifted,1,aggressive,FLAG,pixel_flag,NOT_FALSE_CLEAN,True,2,2,-1,-1
validation,validation_dirty_031,contaminated,0.0025,<1%,registration_shifted,1,balanced,FLAG,pixel_flag,NOT_FALSE_CLEAN,True,2,2,-1,-1
validation,validation_dirty_031,contaminated,0.0025,<1%,registration_shifted,1,conservative,FLAG,pixel_flag,NOT_FALSE_CLEAN,True,2,2,-1,-1
validation,validation_dirty_032,contaminated,0.005,<1%,compact_blob,0,global_baseline,PASS,spatial_certificate,A_OBSERVABLE_SPATIALLY_DILUTED,True,7,6,6,3
validation,validation_dirty_032,contaminated,0.005,<1%,compact_blob,0,tile,PASS,spatial_certificate,A_OBSERVABLE_SPATIALLY_DILUTED,True,7,6,6,3
validation,validation_dirty_032,contaminated,0.005,<1%,compact_blob,0,multiscale,UNKNOWN,window_4_density,A_OBSERVABLE_SPATIALLY_DILUTED,True,7,6,6,3
validation,validation_dirty_032,contaminated,0.005,<1%,compact_blob,0,connected_component,PASS,spatial_certificate,A_OBSERVABLE_SPATIALLY_DILUTED,True,7,6,6,3
validation,validation_dirty_032,contaminated,0.005,<1%,compact_blob,0,max_local_density,UNKNOWN,window_4_density,A_OBSERVABLE_SPATIALLY_DILUTED,True,7,6,6,3
validation,validation_dirty_032,contaminated,0.005,<1%,compact_blob,0,edge_aware,PASS,spatial_certificate,A_OBSERVABLE_SPATIALLY_DILUTED,True,7,6,6,3
validation,validation_dirty_032,contaminated,0.005,<1%,compact_blob,0,aggressive,UNKNOWN,tile_density,A_OBSERVABLE_SPATIALLY_DILUTED,True,7,6,6,3
validation,validation_dirty_032,contaminated,0.005,<1%,compact_blob,0,balanced,PASS,spatial_certificate,A_OBSERVABLE_SPATIALLY_DILUTED,True,7,6,6,3
validation,validation_dirty_032,contaminated,0.005,<1%,compact_blob,0,conservative,PASS,spatial_certificate,A_OBSERVABLE_SPATIALLY_DILUTED,True,7,6,6,3
validation,validation_dirty_033,contaminated,0.005,<1%,compact_blob,1,global_baseline,PASS,spatial_certificate,A_OBSERVABLE_SPATIALLY_DILUTED,True,5,4,4,2
validation,validation_dirty_033,contaminated,0.005,<1%,compact_blob,1,tile,PASS,spatial_certificate,A_OBSERVABLE_SPATIALLY_DILUTED,True,5,4,4,2
validation,validation_dirty_033,contaminated,0.005,<1%,compact_blob,1,multiscale,PASS,spatial_certificate,A_OBSERVABLE_SPATIALLY_DILUTED,True,5,4,4,2
validation,validation_dirty_033,contaminated,0.005,<1%,compact_blob,1,connected_component,PASS,spatial_certificate,A_OBSERVABLE_SPATIALLY_DILUTED,True,5,4,4,2
validation,validation_dirty_033,contaminated,0.005,<1%,compact_blob,1,max_local_density,UNKNOWN,window_4_density,A_OBSERVABLE_SPATIALLY_DILUTED,True,5,4,4,2
validation,validation_dirty_033,contaminated,0.005,<1%,compact_blob,1,edge_aware,PASS,spatial_certificate,A_OBSERVABLE_SPATIALLY_DILUTED,True,5,4,4,2
validation,validation_dirty_033,contaminated,0.005,<1%,compact_blob,1,aggressive,UNKNOWN,window_4_density,A_OBSERVABLE_SPATIALLY_DILUTED,True,5,4,4,2
validation,validation_dirty_033,contaminated,0.005,<1%,compact_blob,1,balanced,PASS,spatial_certificate,A_OBSERVABLE_SPATIALLY_DILUTED,True,5,4,4,2
validation,validation_dirty_033,contaminated,0.005,<1%,compact_blob,1,conservative,PASS,spatial_certificate,A_OBSERVABLE_SPATIALLY_DILUTED,True,5,4,4,2
validation,validation_dirty_034,contaminated,0.005,<1%,elongated_streak,0,global_baseline,FLAG,pixel_flag,NOT_FALSE_CLEAN,True,5,5,-1,-1
validation,validation_dirty_034,contaminated,0.005,<1%,elongated_streak,0,tile,FLAG,pixel_flag,NOT_FALSE_CLEAN,True,5,5,-1,-1
validation,validation_dirty_034,contaminated,0.005,<1%,elongated_streak,0,multiscale,FLAG,pixel_flag,NOT_FALSE_CLEAN,True,5,5,-1,-1
validation,validation_dirty_034,contaminated,0.005,<1%,elongated_streak,0,connected_component,FLAG,pixel_flag,NOT_FALSE_CLEAN,True,5,5,-1,-1
validation,validation_dirty_034,contaminated,0.005,<1%,elongated_streak,0,max_local_density,FLAG,pixel_flag,NOT_FALSE_CLEAN,True,5,5,-1,-1
validation,validation_dirty_034,contaminated,0.005,<1%,elongated_streak,0,edge_aware,FLAG,pixel_flag,NOT_FALSE_CLEAN,True,5,5,-1,-1
validation,validation_dirty_034,contaminated,0.005,<1%,elongated_streak,0,aggressive,FLAG,pixel_flag,NOT_FALSE_CLEAN,True,5,5,-1,-1
validation,validation_dirty_034,contaminated,0.005,<1%,elongated_streak,0,balanced,FLAG,pixel_flag,NOT_FALSE_CLEAN,True,5,5,-1,-1
validation,validation_dirty_034,contaminated,0.005,<1%,elongated_streak,0,conservative,FLAG,pixel_flag,NOT_FALSE_CLEAN,True,5,5,-1,-1
validation,validation_dirty_035,contaminated,0.005,<1%,elongated_streak,1,global_baseline,PASS,spatial_certificate,A_OBSERVABLE_SPATIALLY_DILUTED,True,9,5,5,5
validation,validation_dirty_035,contaminated,0.005,<1%,elongated_streak,1,tile,PASS,spatial_certificate,A_OBSERVABLE_SPATIALLY_DILUTED,True,9,5,5,5
validation,validation_dirty_035,contaminated,0.005,<1%,elongated_streak,1,multiscale,PASS,spatial_certificate,A_OBSERVABLE_SPATIALLY_DILUTED,True,9,5,5,5
validation,validation_dirty_035,contaminated,0.005,<1%,elongated_streak,1,connected_component,PASS,spatial_certificate,A_OBSERVABLE_SPATIALLY_DILUTED,True,9,5,5,5
validation,validation_dirty_035,contaminated,0.005,<1%,elongated_streak,1,max_local_density,UNKNOWN,window_4_density,A_OBSERVABLE_SPATIALLY_DILUTED,True,9,5,5,5
validation,validation_dirty_035,contaminated,0.005,<1%,elongated_streak,1,edge_aware,PASS,spatial_certificate,A_OBSERVABLE_SPATIALLY_DILUTED,True,9,5,5,5
validation,validation_dirty_035,contaminated,0.005,<1%,elongated_streak,1,aggressive,UNKNOWN,window_4_density,A_OBSERVABLE_SPATIALLY_DILUTED,True,9,5,5,5
validation,validation_dirty_035,contaminated,0.005,<1%,elongated_streak,1,balanced,PASS,spatial_certificate,A_OBSERVABLE_SPATIALLY_DILUTED,True,9,5,5,5
validation,validation_dirty_035,contaminated,0.005,<1%,elongated_streak,1,conservative,PASS,spatial_certificate,A_OBSERVABLE_SPATIALLY_DILUTED,True,9,5,5,5
validation,validation_dirty_036,contaminated,0.005,<1%,edge_blob,0,global_baseline,PASS,spatial_certificate,A_OBSERVABLE_SPATIALLY_DILUTED,True,5,5,5,3
validation,validation_dirty_036,contaminated,0.005,<1%,edge_blob,0,tile,PASS,spatial_certificate,A_OBSERVABLE_SPATIALLY_DILUTED,True,5,5,5,3
validation,validation_dirty_036,contaminated,0.005,<1%,edge_blob,0,multiscale,UNKNOWN,window_4_density,A_OBSERVABLE_SPATIALLY_DILUTED,True,5,5,5,3
validation,validation_dirty_036,contaminated,0.005,<1%,edge_blob,0,connected_component,PASS,spatial_certificate,A_OBSERVABLE_SPATIALLY_DILUTED,True,5,5,5,3
validation,validation_dirty_036,contaminated,0.005,<1%,edge_blob,0,max_local_density,UNKNOWN,window_4_density,A_OBSERVABLE_SPATIALLY_DILUTED,True,5,5,5,3
validation,validation_dirty_036,contaminated,0.005,<1%,edge_blob,0,edge_aware,PASS,spatial_certificate,A_OBSERVABLE_SPATIALLY_DILUTED,True,5,5,5,3
validation,validation_dirty_036,contaminated,0.005,<1%,edge_blob,0,aggressive,UNKNOWN,window_4_density,A_OBSERVABLE_SPATIALLY_DILUTED,True,5,5,5,3
validation,validation_dirty_036,contaminated,0.005,<1%,edge_blob,0,balanced,PASS,spatial_certificate,A_OBSERVABLE_SPATIALLY_DILUTED,True,5,5,5,3
validation,validation_dirty_036,contaminated,0.005,<1%,edge_blob,0,conservative,PASS,spatial_certificate,A_OBSERVABLE_SPATIALLY_DILUTED,True,5,5,5,3
validation,validation_dirty_037,contaminated,0.005,<1%,edge_blob,1,global_baseline,PASS,spatial_certificate,A_OBSERVABLE_SPATIALLY_DILUTED,True,6,5,5,3
validation,validation_dirty_037,contaminated,0.005,<1%,edge_blob,1,tile,PASS,spatial_certificate,A_OBSERVABLE_SPATIALLY_DILUTED,True,6,5,5,3
validation,validation_dirty_037,contaminated,0.005,<1%,edge_blob,1,multiscale,UNKNOWN,window_4_density,A_OBSERVABLE_SPATIALLY_DILUTED,True,6,5,5,3
validation,validation_dirty_037,contaminated,0.005,<1%,edge_blob,1,connected_component,PASS,spatial_certificate,A_OBSERVABLE_SPATIALLY_DILUTED,True,6,5,5,3
validation,validation_dirty_037,contaminated,0.005,<1%,edge_blob,1,max_local_density,UNKNOWN,window_4_density,A_OBSERVABLE_SPATIALLY_DILUTED,True,6,5,5,3
validation,validation_dirty_037,contaminated,0.005,<1%,edge_blob,1,edge_aware,PASS,spatial_certificate,A_OBSERVABLE_SPATIALLY_DILUTED,True,6,5,5,3
validation,validation_dirty_037,contaminated,0.005,<1%,edge_blob,1,aggressive,UNKNOWN,window_4_density,A_OBSERVABLE_SPATIALLY_DILUTED,True,6,5,5,3
validation,validation_dirty_037,contaminated,0.005,<1%,edge_blob,1,balanced,PASS,spatial_certificate,A_OBSERVABLE_SPATIALLY_DILUTED,True,6,5,5,3
validation,validation_dirty_037,contaminated,0.005,<1%,edge_blob,1,conservative,PASS,spatial_certificate,A_OBSERVABLE_SPATIALLY_DILUTED,True,6,5,5,3
validation,validation_dirty_038,contaminated,0.005,<1%,corner_blob,0,global_baseline,PASS,spatial_certificate,A_OBSERVABLE_SPATIALLY_DILUTED,True,6,5,5,3
validation,validation_dirty_038,contaminated,0.005,<1%,corner_blob,0,tile,PASS,spatial_certificate,A_OBSERVABLE_SPATIALLY_DILUTED,True,6,5,5,3
validation,validation_dirty_038,contaminated,0.005,<1%,corner_blob,0,multiscale,UNKNOWN,window_4_density,A_OBSERVABLE_SPATIALLY_DILUTED,True,6,5,5,3
validation,validation_dirty_038,contaminated,0.005,<1%,corner_blob,0,connected_component,PASS,spatial_certificate,A_OBSERVABLE_SPATIALLY_DILUTED,True,6,5,5,3
validation,validation_dirty_038,contaminated,0.005,<1%,corner_blob,0,max_local_density,UNKNOWN,window_4_density,A_OBSERVABLE_SPATIALLY_DILUTED,True,6,5,5,3
validation,validation_dirty_038,contaminated,0.005,<1%,corner_blob,0,edge_aware,PASS,spatial_certificate,A_OBSERVABLE_SPATIALLY_DILUTED,True,6,5,5,3
validation,validation_dirty_038,contaminated,0.005,<1%,corner_blob,0,aggressive,UNKNOWN,window_4_density,A_OBSERVABLE_SPATIALLY_DILUTED,True,6,5,5,3
validation,validation_dirty_038,contaminated,0.005,<1%,corner_blob,0,balanced,PASS,spatial_certificate,A_OBSERVABLE_SPATIALLY_DILUTED,True,6,5,5,3
validation,validation_dirty_038,contaminated,0.005,<1%,corner_blob,0,conservative,PASS,spatial_certificate,A_OBSERVABLE_SPATIALLY_DILUTED,True,6,5,5,3
validation,validation_dirty_039,contaminated,0.005,<1%,corner_blob,1,global_baseline,PASS,spatial_certificate,A_OBSERVABLE_SPATIALLY_DILUTED,True,5,5,5,3
validation,validation_dirty_039,contaminated,0.005,<1%,corner_blob,1,tile,PASS,spatial_certificate,A_OBSERVABLE_SPATIALLY_DILUTED,True,5,5,5,3
validation,validation_dirty_039,contaminated,0.005,<1%,corner_blob,1,multiscale,UNKNOWN,window_4_density,A_OBSERVABLE_SPATIALLY_DILUTED,True,5,5,5,3
validation,validation_dirty_039,contaminated,0.005,<1%,corner_blob,1,connected_component,PASS,spatial_certificate,A_OBSERVABLE_SPATIALLY_DILUTED,True,5,5,5,3
validation,validation_dirty_039,contaminated,0.005,<1%,corner_blob,1,max_local_density,UNKNOWN,window_4_density,A_OBSERVABLE_SPATIALLY_DILUTED,True,5,5,5,3
validation,validation_dirty_039,contaminated,0.005,<1%,corner_blob,1,edge_aware,PASS,spatial_certificate,A_OBSERVABLE_SPATIALLY_DILUTED,True,5,5,5,3
validation,validation_dirty_039,contaminated,0.005,<1%,corner_blob,1,aggressive,UNKNOWN,window_4_density,A_OBSERVABLE_SPATIALLY_DILUTED,True,5,5,5,3
validation,validation_dirty_039,contaminated,0.005,<1%,corner_blob,1,balanced,PASS,spatial_certificate,A_OBSERVABLE_SPATIALLY_DILUTED,True,5,5,5,3
validation,validation_dirty_039,contaminated,0.005,<1%,corner_blob,1,conservative,PASS,spatial_certificate,A_OBSERVABLE_SPATIALLY_DILUTED,True,5,5,5,3
validation,validation_dirty_040,contaminated,0.005,<1%,multiple_droplets,0,global_baseline,PASS,spatial_certificate,A_OBSERVABLE_SPATIALLY_DILUTED,True,7,5,2,2
validation,validation_dirty_040,contaminated,0.005,<1%,multiple_droplets,0,tile,PASS,spatial_certificate,A_OBSERVABLE_SPATIALLY_DILUTED,True,7,5,2,2
validation,validation_dirty_040,contaminated,0.005,<1%,multiple_droplets,0,multiscale,PASS,spatial_certificate,A_OBSERVABLE_SPATIALLY_DILUTED,True,7,5,2,2
validation,validation_dirty_040,contaminated,0.005,<1%,multiple_droplets,0,connected_component,PASS,spatial_certificate,A_OBSERVABLE_SPATIALLY_DILUTED,True,7,5,2,2
validation,validation_dirty_040,contaminated,0.005,<1%,multiple_droplets,0,max_local_density,PASS,spatial_certificate,A_OBSERVABLE_SPATIALLY_DILUTED,True,7,5,2,2
validation,validation_dirty_040,contaminated,0.005,<1%,multiple_droplets,0,edge_aware,PASS,spatial_certificate,A_OBSERVABLE_SPATIALLY_DILUTED,True,7,5,2,2
validation,validation_dirty_040,contaminated,0.005,<1%,multiple_droplets,0,aggressive,UNKNOWN,window_4_density,A_OBSERVABLE_SPATIALLY_DILUTED,True,7,5,2,2
validation,validation_dirty_040,contaminated,0.005,<1%,multiple_droplets,0,balanced,PASS,spatial_certificate,A_OBSERVABLE_SPATIALLY_DILUTED,True,7,5,2,2
validation,validation_dirty_040,contaminated,0.005,<1%,multiple_droplets,0,conservative,PASS,spatial_certificate,A_OBSERVABLE_SPATIALLY_DILUTED,True,7,5,2,2
validation,validation_dirty_041,contaminated,0.005,<1%,multiple_droplets,1,global_baseline,PASS,spatial_certificate,A_OBSERVABLE_SPATIALLY_DILUTED,True,6,5,2,2
validation,validation_dirty_041,contaminated,0.005,<1%,multiple_droplets,1,tile,PASS,spatial_certificate,A_OBSERVABLE_SPATIALLY_DILUTED,True,6,5,2,2
validation,validation_dirty_041,contaminated,0.005,<1%,multiple_droplets,1,multiscale,PASS,spatial_certificate,A_OBSERVABLE_SPATIALLY_DILUTED,True,6,5,2,2
validation,validation_dirty_041,contaminated,0.005,<1%,multiple_droplets,1,connected_component,PASS,spatial_certificate,A_OBSERVABLE_SPATIALLY_DILUTED,True,6,5,2,2
validation,validation_dirty_041,contaminated,0.005,<1%,multiple_droplets,1,max_local_density,PASS,spatial_certificate,A_OBSERVABLE_SPATIALLY_DILUTED,True,6,5,2,2
validation,validation_dirty_041,contaminated,0.005,<1%,multiple_droplets,1,edge_aware,PASS,spatial_certificate,A_OBSERVABLE_SPATIALLY_DILUTED,True,6,5,2,2
validation,validation_dirty_041,contaminated,0.005,<1%,multiple_droplets,1,aggressive,UNKNOWN,window_4_density,A_OBSERVABLE_SPATIALLY_DILUTED,True,6,5,2,2
validation,validation_dirty_041,contaminated,0.005,<1%,multiple_droplets,1,balanced,PASS,spatial_certificate,A_OBSERVABLE_SPATIALLY_DILUTED,True,6,5,2,2
validation,validation_dirty_041,contaminated,0.005,<1%,multiple_droplets,1,conservative,PASS,spatial_certificate,A_OBSERVABLE_SPATIALLY_DILUTED,True,6,5,2,2
validation,validation_dirty_042,contaminated,0.005,<1%,dispersed_sparse,0,global_baseline,FLAG,pixel_flag,NOT_FALSE_CLEAN,True,7,5,-1,-1
validation,validation_dirty_042,contaminated,0.005,<1%,dispersed_sparse,0,tile,FLAG,pixel_flag,NOT_FALSE_CLEAN,True,7,5,-1,-1
validation,validation_dirty_042,contaminated,0.005,<1%,dispersed_sparse,0,multiscale,FLAG,pixel_flag,NOT_FALSE_CLEAN,True,7,5,-1,-1
validation,validation_dirty_042,contaminated,0.005,<1%,dispersed_sparse,0,connected_component,FLAG,pixel_flag,NOT_FALSE_CLEAN,True,7,5,-1,-1
validation,validation_dirty_042,contaminated,0.005,<1%,dispersed_sparse,0,max_local_density,FLAG,pixel_flag,NOT_FALSE_CLEAN,True,7,5,-1,-1
validation,validation_dirty_042,contaminated,0.005,<1%,dispersed_sparse,0,edge_aware,FLAG,pixel_flag,NOT_FALSE_CLEAN,True,7,5,-1,-1
validation,validation_dirty_042,contaminated,0.005,<1%,dispersed_sparse,0,aggressive,FLAG,pixel_flag,NOT_FALSE_CLEAN,True,7,5,-1,-1
validation,validation_dirty_042,contaminated,0.005,<1%,dispersed_sparse,0,balanced,FLAG,pixel_flag,NOT_FALSE_CLEAN,True,7,5,-1,-1
validation,validation_dirty_042,contaminated,0.005,<1%,dispersed_sparse,0,conservative,FLAG,pixel_flag,NOT_FALSE_CLEAN,True,7,5,-1,-1
validation,validation_dirty_043,contaminated,0.005,<1%,dispersed_sparse,1,global_baseline,FLAG,pixel_flag,NOT_FALSE_CLEAN,True,8,5,-1,-1
validation,validation_dirty_043,contaminated,0.005,<1%,dispersed_sparse,1,tile,FLAG,pixel_flag,NOT_FALSE_CLEAN,True,8,5,-1,-1
validation,validation_dirty_043,contaminated,0.005,<1%,dispersed_sparse,1,multiscale,FLAG,pixel_flag,NOT_FALSE_CLEAN,True,8,5,-1,-1
validation,validation_dirty_043,contaminated,0.005,<1%,dispersed_sparse,1,connected_component,FLAG,pixel_flag,NOT_FALSE_CLEAN,True,8,5,-1,-1
validation,validation_dirty_043,contaminated,0.005,<1%,dispersed_sparse,1,max_local_density,FLAG,pixel_flag,NOT_FALSE_CLEAN,True,8,5,-1,-1
validation,validation_dirty_043,contaminated,0.005,<1%,dispersed_sparse,1,edge_aware,FLAG,pixel_flag,NOT_FALSE_CLEAN,True,8,5,-1,-1
validation,validation_dirty_043,contaminated,0.005,<1%,dispersed_sparse,1,aggressive,FLAG,pixel_flag,NOT_FALSE_CLEAN,True,8,5,-1,-1
validation,validation_dirty_043,contaminated,0.005,<1%,dispersed_sparse,1,balanced,FLAG,pixel_flag,NOT_FALSE_CLEAN,True,8,5,-1,-1
validation,validation_dirty_043,contaminated,0.005,<1%,dispersed_sparse,1,conservative,FLAG,pixel_flag,NOT_FALSE_CLEAN,True,8,5,-1,-1
validation,validation_dirty_044,contaminated,0.005,<1%,psf_blurred,0,global_baseline,PASS,spatial_certificate,A_OBSERVABLE_SPATIALLY_DILUTED,True,21,9,21,5
validation,validation_dirty_044,contaminated,0.005,<1%,psf_blurred,0,tile,UNKNOWN,tile_density,A_OBSERVABLE_SPATIALLY_DILUTED,True,21,9,21,5
validation,validation_dirty_044,contaminated,0.005,<1%,psf_blurred,0,multiscale,UNKNOWN,window_4_density,A_OBSERVABLE_SPATIALLY_DILUTED,True,21,9,21,5
validation,validation_dirty_044,contaminated,0.005,<1%,psf_blurred,0,connected_component,UNKNOWN,component_area,A_OBSERVABLE_SPATIALLY_DILUTED,True,21,9,21,5
validation,validation_dirty_044,contaminated,0.005,<1%,psf_blurred,0,max_local_density,UNKNOWN,window_4_density,A_OBSERVABLE_SPATIALLY_DILUTED,True,21,9,21,5
validation,validation_dirty_044,contaminated,0.005,<1%,psf_blurred,0,edge_aware,PASS,spatial_certificate,A_OBSERVABLE_SPATIALLY_DILUTED,True,21,9,21,5
validation,validation_dirty_044,contaminated,0.005,<1%,psf_blurred,0,aggressive,UNKNOWN,tile_density,A_OBSERVABLE_SPATIALLY_DILUTED,True,21,9,21,5
validation,validation_dirty_044,contaminated,0.005,<1%,psf_blurred,0,balanced,UNKNOWN,tile_density,A_OBSERVABLE_SPATIALLY_DILUTED,True,21,9,21,5
validation,validation_dirty_044,contaminated,0.005,<1%,psf_blurred,0,conservative,UNKNOWN,window_4_density,A_OBSERVABLE_SPATIALLY_DILUTED,True,21,9,21,5
validation,validation_dirty_045,contaminated,0.005,<1%,psf_blurred,1,global_baseline,PASS,spatial_certificate,A_OBSERVABLE_SPATIALLY_DILUTED,True,33,12,33,7
validation,validation_dirty_045,contaminated,0.005,<1%,psf_blurred,1,tile,UNKNOWN,tile_density,A_OBSERVABLE_SPATIALLY_DILUTED,True,33,12,33,7
validation,validation_dirty_045,contaminated,0.005,<1%,psf_blurred,1,multiscale,UNKNOWN,window_4_density,A_OBSERVABLE_SPATIALLY_DILUTED,True,33,12,33,7
validation,validation_dirty_045,contaminated,0.005,<1%,psf_blurred,1,connected_component,UNKNOWN,component_area,A_OBSERVABLE_SPATIALLY_DILUTED,True,33,12,33,7
validation,validation_dirty_045,contaminated,0.005,<1%,psf_blurred,1,max_local_density,UNKNOWN,window_4_density,A_OBSERVABLE_SPATIALLY_DILUTED,True,33,12,33,7
validation,validation_dirty_045,contaminated,0.005,<1%,psf_blurred,1,edge_aware,PASS,spatial_certificate,A_OBSERVABLE_SPATIALLY_DILUTED,True,33,12,33,7
validation,validation_dirty_045,contaminated,0.005,<1%,psf_blurred,1,aggressive,UNKNOWN,tile_density,A_OBSERVABLE_SPATIALLY_DILUTED,True,33,12,33,7
validation,validation_dirty_045,contaminated,0.005,<1%,psf_blurred,1,balanced,UNKNOWN,tile_density,A_OBSERVABLE_SPATIALLY_DILUTED,True,33,12,33,7
validation,validation_dirty_045,contaminated,0.005,<1%,psf_blurred,1,conservative,UNKNOWN,window_4_density,A_OBSERVABLE_SPATIALLY_DILUTED,True,33,12,33,7
validation,validation_dirty_046,contaminated,0.005,<1%,registration_shifted,0,global_baseline,PASS,spatial_certificate,A_OBSERVABLE_SPATIALLY_DILUTED,True,7,5,5,3
validation,validation_dirty_046,contaminated,0.005,<1%,registration_shifted,0,tile,PASS,spatial_certificate,A_OBSERVABLE_SPATIALLY_DILUTED,True,7,5,5,3
validation,validation_dirty_046,contaminated,0.005,<1%,registration_shifted,0,multiscale,UNKNOWN,window_4_density,A_OBSERVABLE_SPATIALLY_DILUTED,True,7,5,5,3
validation,validation_dirty_046,contaminated,0.005,<1%,registration_shifted,0,connected_component,PASS,spatial_certificate,A_OBSERVABLE_SPATIALLY_DILUTED,True,7,5,5,3
validation,validation_dirty_046,contaminated,0.005,<1%,registration_shifted,0,max_local_density,UNKNOWN,window_4_density,A_OBSERVABLE_SPATIALLY_DILUTED,True,7,5,5,3
validation,validation_dirty_046,contaminated,0.005,<1%,registration_shifted,0,edge_aware,PASS,spatial_certificate,A_OBSERVABLE_SPATIALLY_DILUTED,True,7,5,5,3
validation,validation_dirty_046,contaminated,0.005,<1%,registration_shifted,0,aggressive,UNKNOWN,window_4_density,A_OBSERVABLE_SPATIALLY_DILUTED,True,7,5,5,3
validation,validation_dirty_046,contaminated,0.005,<1%,registration_shifted,0,balanced,PASS,spatial_certificate,A_OBSERVABLE_SPATIALLY_DILUTED,True,7,5,5,3
validation,validation_dirty_046,contaminated,0.005,<1%,registration_shifted,0,conservative,PASS,spatial_certificate,A_OBSERVABLE_SPATIALLY_DILUTED,True,7,5,5,3
validation,validation_dirty_047,contaminated,0.005,<1%,registration_shifted,1,global_baseline,FLAG,pixel_flag,NOT_FALSE_CLEAN,True,6,5,-1,-1
validation,validation_dirty_047,contaminated,0.005,<1%,registration_shifted,1,tile,FLAG,pixel_flag,NOT_FALSE_CLEAN,True,6,5,-1,-1
validation,validation_dirty_047,contaminated,0.005,<1%,registration_shifted,1,multiscale,FLAG,pixel_flag,NOT_FALSE_CLEAN,True,6,5,-1,-1
validation,validation_dirty_047,contaminated,0.005,<1%,registration_shifted,1,connected_component,FLAG,pixel_flag,NOT_FALSE_CLEAN,True,6,5,-1,-1
validation,validation_dirty_047,contaminated,0.005,<1%,registration_shifted,1,max_local_density,FLAG,pixel_flag,NOT_FALSE_CLEAN,True,6,5,-1,-1
validation,validation_dirty_047,contaminated,0.005,<1%,registration_shifted,1,edge_aware,FLAG,pixel_flag,NOT_FALSE_CLEAN,True,6,5,-1,-1
validation,validation_dirty_047,contaminated,0.005,<1%,registration_shifted,1,aggressive,FLAG,pixel_flag,NOT_FALSE_CLEAN,True,6,5,-1,-1
validation,validation_dirty_047,contaminated,0.005,<1%,registration_shifted,1,balanced,FLAG,pixel_flag,NOT_FALSE_CLEAN,True,6,5,-1,-1
validation,validation_dirty_047,contaminated,0.005,<1%,registration_shifted,1,conservative,FLAG,pixel_flag,NOT_FALSE_CLEAN,True,6,5,-1,-1
validation,validation_dirty_048,contaminated,0.01,1-2%,compact_blob,0,global_baseline,PASS,spatial_certificate,A_OBSERVABLE_SPATIALLY_DILUTED,True,12,12,12,4
validation,validation_dirty_048,contaminated,0.01,1-2%,compact_blob,0,tile,UNKNOWN,tile_density,A_OBSERVABLE_SPATIALLY_DILUTED,True,12,12,12,4
validation,validation_dirty_048,contaminated,0.01,1-2%,compact_blob,0,multiscale,UNKNOWN,window_4_density,A_OBSERVABLE_SPATIALLY_DILUTED,True,12,12,12,4
validation,validation_dirty_048,contaminated,0.01,1-2%,compact_blob,0,connected_component,UNKNOWN,component_area,A_OBSERVABLE_SPATIALLY_DILUTED,True,12,12,12,4
validation,validation_dirty_048,contaminated,0.01,1-2%,compact_blob,0,max_local_density,UNKNOWN,window_4_density,A_OBSERVABLE_SPATIALLY_DILUTED,True,12,12,12,4
validation,validation_dirty_048,contaminated,0.01,1-2%,compact_blob,0,edge_aware,PASS,spatial_certificate,A_OBSERVABLE_SPATIALLY_DILUTED,True,12,12,12,4
validation,validation_dirty_048,contaminated,0.01,1-2%,compact_blob,0,aggressive,UNKNOWN,tile_density,A_OBSERVABLE_SPATIALLY_DILUTED,True,12,12,12,4
validation,validation_dirty_048,contaminated,0.01,1-2%,compact_blob,0,balanced,PASS,spatial_certificate,A_OBSERVABLE_SPATIALLY_DILUTED,True,12,12,12,4
validation,validation_dirty_048,contaminated,0.01,1-2%,compact_blob,0,conservative,PASS,spatial_certificate,A_OBSERVABLE_SPATIALLY_DILUTED,True,12,12,12,4
validation,validation_dirty_049,contaminated,0.01,1-2%,compact_blob,1,global_baseline,FLAG,pixel_flag,NOT_FALSE_CLEAN,True,10,10,-1,-1
validation,validation_dirty_049,contaminated,0.01,1-2%,compact_blob,1,tile,FLAG,pixel_flag,NOT_FALSE_CLEAN,True,10,10,-1,-1
validation,validation_dirty_049,contaminated,0.01,1-2%,compact_blob,1,multiscale,FLAG,pixel_flag,NOT_FALSE_CLEAN,True,10,10,-1,-1
validation,validation_dirty_049,contaminated,0.01,1-2%,compact_blob,1,connected_component,FLAG,pixel_flag,NOT_FALSE_CLEAN,True,10,10,-1,-1
validation,validation_dirty_049,contaminated,0.01,1-2%,compact_blob,1,max_local_density,FLAG,pixel_flag,NOT_FALSE_CLEAN,True,10,10,-1,-1
validation,validation_dirty_049,contaminated,0.01,1-2%,compact_blob,1,edge_aware,FLAG,pixel_flag,NOT_FALSE_CLEAN,True,10,10,-1,-1
validation,validation_dirty_049,contaminated,0.01,1-2%,compact_blob,1,aggressive,FLAG,pixel_flag,NOT_FALSE_CLEAN,True,10,10,-1,-1
validation,validation_dirty_049,contaminated,0.01,1-2%,compact_blob,1,balanced,FLAG,pixel_flag,NOT_FALSE_CLEAN,True,10,10,-1,-1
validation,validation_dirty_049,contaminated,0.01,1-2%,compact_blob,1,conservative,FLAG,pixel_flag,NOT_FALSE_CLEAN,True,10,10,-1,-1
validation,validation_dirty_050,contaminated,0.01,1-2%,elongated_streak,0,global_baseline,PASS,spatial_certificate,A_OBSERVABLE_SPATIALLY_DILUTED,True,11,10,2,2
validation,validation_dirty_050,contaminated,0.01,1-2%,elongated_streak,0,tile,PASS,spatial_certificate,A_OBSERVABLE_SPATIALLY_DILUTED,True,11,10,2,2
validation,validation_dirty_050,contaminated,0.01,1-2%,elongated_streak,0,multiscale,PASS,spatial_certificate,A_OBSERVABLE_SPATIALLY_DILUTED,True,11,10,2,2
validation,validation_dirty_050,contaminated,0.01,1-2%,elongated_streak,0,connected_component,PASS,spatial_certificate,A_OBSERVABLE_SPATIALLY_DILUTED,True,11,10,2,2
validation,validation_dirty_050,contaminated,0.01,1-2%,elongated_streak,0,max_local_density,PASS,spatial_certificate,A_OBSERVABLE_SPATIALLY_DILUTED,True,11,10,2,2
validation,validation_dirty_050,contaminated,0.01,1-2%,elongated_streak,0,edge_aware,PASS,spatial_certificate,A_OBSERVABLE_SPATIALLY_DILUTED,True,11,10,2,2
validation,validation_dirty_050,contaminated,0.01,1-2%,elongated_streak,0,aggressive,UNKNOWN,window_4_density,A_OBSERVABLE_SPATIALLY_DILUTED,True,11,10,2,2
validation,validation_dirty_050,contaminated,0.01,1-2%,elongated_streak,0,balanced,PASS,spatial_certificate,A_OBSERVABLE_SPATIALLY_DILUTED,True,11,10,2,2
validation,validation_dirty_050,contaminated,0.01,1-2%,elongated_streak,0,conservative,PASS,spatial_certificate,A_OBSERVABLE_SPATIALLY_DILUTED,True,11,10,2,2
validation,validation_dirty_051,contaminated,0.01,1-2%,elongated_streak,1,global_baseline,PASS,spatial_certificate,A_OBSERVABLE_SPATIALLY_DILUTED,True,12,10,10,10
validation,validation_dirty_051,contaminated,0.01,1-2%,elongated_streak,1,tile,PASS,spatial_certificate,A_OBSERVABLE_SPATIALLY_DILUTED,True,12,10,10,10
validation,validation_dirty_051,contaminated,0.01,1-2%,elongated_streak,1,multiscale,UNKNOWN,window_8_density,A_OBSERVABLE_SPATIALLY_DILUTED,True,12,10,10,10
validation,validation_dirty_051,contaminated,0.01,1-2%,elongated_streak,1,connected_component,UNKNOWN,component_area,A_OBSERVABLE_SPATIALLY_DILUTED,True,12,10,10,10
validation,validation_dirty_051,contaminated,0.01,1-2%,elongated_streak,1,max_local_density,UNKNOWN,window_4_density,A_OBSERVABLE_SPATIALLY_DILUTED,True,12,10,10,10
validation,validation_dirty_051,contaminated,0.01,1-2%,elongated_streak,1,edge_aware,PASS,spatial_certificate,A_OBSERVABLE_SPATIALLY_DILUTED,True,12,10,10,10
validation,validation_dirty_051,contaminated,0.01,1-2%,elongated_streak,1,aggressive,UNKNOWN,tile_density,A_OBSERVABLE_SPATIALLY_DILUTED,True,12,10,10,10
validation,validation_dirty_051,contaminated,0.01,1-2%,elongated_streak,1,balanced,PASS,spatial_certificate,A_OBSERVABLE_SPATIALLY_DILUTED,True,12,10,10,10
validation,validation_dirty_051,contaminated,0.01,1-2%,elongated_streak,1,conservative,PASS,spatial_certificate,A_OBSERVABLE_SPATIALLY_DILUTED,True,12,10,10,10
validation,validation_dirty_052,contaminated,0.01,1-2%,edge_blob,0,global_baseline,FLAG,pixel_flag,NOT_FALSE_CLEAN,True,11,10,-1,-1
validation,validation_dirty_052,contaminated,0.01,1-2%,edge_blob,0,tile,FLAG,pixel_flag,NOT_FALSE_CLEAN,True,11,10,-1,-1
validation,validation_dirty_052,contaminated,0.01,1-2%,edge_blob,0,multiscale,FLAG,pixel_flag,NOT_FALSE_CLEAN,True,11,10,-1,-1
validation,validation_dirty_052,contaminated,0.01,1-2%,edge_blob,0,connected_component,FLAG,pixel_flag,NOT_FALSE_CLEAN,True,11,10,-1,-1
validation,validation_dirty_052,contaminated,0.01,1-2%,edge_blob,0,max_local_density,FLAG,pixel_flag,NOT_FALSE_CLEAN,True,11,10,-1,-1
validation,validation_dirty_052,contaminated,0.01,1-2%,edge_blob,0,edge_aware,FLAG,pixel_flag,NOT_FALSE_CLEAN,True,11,10,-1,-1
validation,validation_dirty_052,contaminated,0.01,1-2%,edge_blob,0,aggressive,FLAG,pixel_flag,NOT_FALSE_CLEAN,True,11,10,-1,-1
validation,validation_dirty_052,contaminated,0.01,1-2%,edge_blob,0,balanced,FLAG,pixel_flag,NOT_FALSE_CLEAN,True,11,10,-1,-1
validation,validation_dirty_052,contaminated,0.01,1-2%,edge_blob,0,conservative,FLAG,pixel_flag,NOT_FALSE_CLEAN,True,11,10,-1,-1
validation,validation_dirty_053,contaminated,0.01,1-2%,edge_blob,1,global_baseline,FLAG,pixel_flag,NOT_FALSE_CLEAN,True,10,10,-1,-1
validation,validation_dirty_053,contaminated,0.01,1-2%,edge_blob,1,tile,FLAG,pixel_flag,NOT_FALSE_CLEAN,True,10,10,-1,-1
validation,validation_dirty_053,contaminated,0.01,1-2%,edge_blob,1,multiscale,FLAG,pixel_flag,NOT_FALSE_CLEAN,True,10,10,-1,-1
validation,validation_dirty_053,contaminated,0.01,1-2%,edge_blob,1,connected_component,FLAG,pixel_flag,NOT_FALSE_CLEAN,True,10,10,-1,-1
validation,validation_dirty_053,contaminated,0.01,1-2%,edge_blob,1,max_local_density,FLAG,pixel_flag,NOT_FALSE_CLEAN,True,10,10,-1,-1
validation,validation_dirty_053,contaminated,0.01,1-2%,edge_blob,1,edge_aware,FLAG,pixel_flag,NOT_FALSE_CLEAN,True,10,10,-1,-1
validation,validation_dirty_053,contaminated,0.01,1-2%,edge_blob,1,aggressive,FLAG,pixel_flag,NOT_FALSE_CLEAN,True,10,10,-1,-1
validation,validation_dirty_053,contaminated,0.01,1-2%,edge_blob,1,balanced,FLAG,pixel_flag,NOT_FALSE_CLEAN,True,10,10,-1,-1
validation,validation_dirty_053,contaminated,0.01,1-2%,edge_blob,1,conservative,FLAG,pixel_flag,NOT_FALSE_CLEAN,True,10,10,-1,-1
validation,validation_dirty_054,contaminated,0.01,1-2%,corner_blob,0,global_baseline,PASS,spatial_certificate,A_OBSERVABLE_SPATIALLY_DILUTED,True,10,10,10,4
validation,validation_dirty_054,contaminated,0.01,1-2%,corner_blob,0,tile,UNKNOWN,tile_density,A_OBSERVABLE_SPATIALLY_DILUTED,True,10,10,10,4
validation,validation_dirty_054,contaminated,0.01,1-2%,corner_blob,0,multiscale,UNKNOWN,window_4_density,A_OBSERVABLE_SPATIALLY_DILUTED,True,10,10,10,4
validation,validation_dirty_054,contaminated,0.01,1-2%,corner_blob,0,connected_component,UNKNOWN,component_area,A_OBSERVABLE_SPATIALLY_DILUTED,True,10,10,10,4
validation,validation_dirty_054,contaminated,0.01,1-2%,corner_blob,0,max_local_density,UNKNOWN,window_4_density,A_OBSERVABLE_SPATIALLY_DILUTED,True,10,10,10,4
validation,validation_dirty_054,contaminated,0.01,1-2%,corner_blob,0,edge_aware,PASS,spatial_certificate,A_OBSERVABLE_SPATIALLY_DILUTED,True,10,10,10,4
validation,validation_dirty_054,contaminated,0.01,1-2%,corner_blob,0,aggressive,UNKNOWN,tile_density,A_OBSERVABLE_SPATIALLY_DILUTED,True,10,10,10,4
validation,validation_dirty_054,contaminated,0.01,1-2%,corner_blob,0,balanced,PASS,spatial_certificate,A_OBSERVABLE_SPATIALLY_DILUTED,True,10,10,10,4
validation,validation_dirty_054,contaminated,0.01,1-2%,corner_blob,0,conservative,PASS,spatial_certificate,A_OBSERVABLE_SPATIALLY_DILUTED,True,10,10,10,4
validation,validation_dirty_055,contaminated,0.01,1-2%,corner_blob,1,global_baseline,FLAG,pixel_flag,NOT_FALSE_CLEAN,True,10,10,-1,-1
validation,validation_dirty_055,contaminated,0.01,1-2%,corner_blob,1,tile,FLAG,pixel_flag,NOT_FALSE_CLEAN,True,10,10,-1,-1
validation,validation_dirty_055,contaminated,0.01,1-2%,corner_blob,1,multiscale,FLAG,pixel_flag,NOT_FALSE_CLEAN,True,10,10,-1,-1
validation,validation_dirty_055,contaminated,0.01,1-2%,corner_blob,1,connected_component,FLAG,pixel_flag,NOT_FALSE_CLEAN,True,10,10,-1,-1
validation,validation_dirty_055,contaminated,0.01,1-2%,corner_blob,1,max_local_density,FLAG,pixel_flag,NOT_FALSE_CLEAN,True,10,10,-1,-1
validation,validation_dirty_055,contaminated,0.01,1-2%,corner_blob,1,edge_aware,FLAG,pixel_flag,NOT_FALSE_CLEAN,True,10,10,-1,-1
validation,validation_dirty_055,contaminated,0.01,1-2%,corner_blob,1,aggressive,FLAG,pixel_flag,NOT_FALSE_CLEAN,True,10,10,-1,-1
validation,validation_dirty_055,contaminated,0.01,1-2%,corner_blob,1,balanced,FLAG,pixel_flag,NOT_FALSE_CLEAN,True,10,10,-1,-1
validation,validation_dirty_055,contaminated,0.01,1-2%,corner_blob,1,conservative,FLAG,pixel_flag,NOT_FALSE_CLEAN,True,10,10,-1,-1
validation,validation_dirty_056,contaminated,0.01,1-2%,multiple_droplets,0,global_baseline,PASS,spatial_certificate,A_OBSERVABLE_SPATIALLY_DILUTED,True,11,10,5,3
validation,validation_dirty_056,contaminated,0.01,1-2%,multiple_droplets,0,tile,PASS,spatial_certificate,A_OBSERVABLE_SPATIALLY_DILUTED,True,11,10,5,3
validation,validation_dirty_056,contaminated,0.01,1-2%,multiple_droplets,0,multiscale,UNKNOWN,window_4_density,A_OBSERVABLE_SPATIALLY_DILUTED,True,11,10,5,3
validation,validation_dirty_056,contaminated,0.01,1-2%,multiple_droplets,0,connected_component,PASS,spatial_certificate,A_OBSERVABLE_SPATIALLY_DILUTED,True,11,10,5,3
validation,validation_dirty_056,contaminated,0.01,1-2%,multiple_droplets,0,max_local_density,UNKNOWN,window_4_density,A_OBSERVABLE_SPATIALLY_DILUTED,True,11,10,5,3
validation,validation_dirty_056,contaminated,0.01,1-2%,multiple_droplets,0,edge_aware,PASS,spatial_certificate,A_OBSERVABLE_SPATIALLY_DILUTED,True,11,10,5,3
validation,validation_dirty_056,contaminated,0.01,1-2%,multiple_droplets,0,aggressive,UNKNOWN,window_4_density,A_OBSERVABLE_SPATIALLY_DILUTED,True,11,10,5,3
validation,validation_dirty_056,contaminated,0.01,1-2%,multiple_droplets,0,balanced,PASS,spatial_certificate,A_OBSERVABLE_SPATIALLY_DILUTED,True,11,10,5,3
validation,validation_dirty_056,contaminated,0.01,1-2%,multiple_droplets,0,conservative,PASS,spatial_certificate,A_OBSERVABLE_SPATIALLY_DILUTED,True,11,10,5,3
validation,validation_dirty_057,contaminated,0.01,1-2%,multiple_droplets,1,global_baseline,PASS,spatial_certificate,A_OBSERVABLE_SPATIALLY_DILUTED,True,12,10,4,2
validation,validation_dirty_057,contaminated,0.01,1-2%,multiple_droplets,1,tile,PASS,spatial_certificate,A_OBSERVABLE_SPATIALLY_DILUTED,True,12,10,4,2
validation,validation_dirty_057,contaminated,0.01,1-2%,multiple_droplets,1,multiscale,PASS,spatial_certificate,A_OBSERVABLE_SPATIALLY_DILUTED,True,12,10,4,2
validation,validation_dirty_057,contaminated,0.01,1-2%,multiple_droplets,1,connected_component,PASS,spatial_certificate,A_OBSERVABLE_SPATIALLY_DILUTED,True,12,10,4,2
validation,validation_dirty_057,contaminated,0.01,1-2%,multiple_droplets,1,max_local_density,UNKNOWN,window_4_density,A_OBSERVABLE_SPATIALLY_DILUTED,True,12,10,4,2
validation,validation_dirty_057,contaminated,0.01,1-2%,multiple_droplets,1,edge_aware,PASS,spatial_certificate,A_OBSERVABLE_SPATIALLY_DILUTED,True,12,10,4,2
validation,validation_dirty_057,contaminated,0.01,1-2%,multiple_droplets,1,aggressive,UNKNOWN,window_4_density,A_OBSERVABLE_SPATIALLY_DILUTED,True,12,10,4,2
validation,validation_dirty_057,contaminated,0.01,1-2%,multiple_droplets,1,balanced,PASS,spatial_certificate,A_OBSERVABLE_SPATIALLY_DILUTED,True,12,10,4,2
validation,validation_dirty_057,contaminated,0.01,1-2%,multiple_droplets,1,conservative,PASS,spatial_certificate,A_OBSERVABLE_SPATIALLY_DILUTED,True,12,10,4,2
validation,validation_dirty_058,contaminated,0.01,1-2%,dispersed_sparse,0,global_baseline,FLAG,pixel_flag,NOT_FALSE_CLEAN,True,11,10,-1,-1
validation,validation_dirty_058,contaminated,0.01,1-2%,dispersed_sparse,0,tile,FLAG,pixel_flag,NOT_FALSE_CLEAN,True,11,10,-1,-1
validation,validation_dirty_058,contaminated,0.01,1-2%,dispersed_sparse,0,multiscale,FLAG,pixel_flag,NOT_FALSE_CLEAN,True,11,10,-1,-1
validation,validation_dirty_058,contaminated,0.01,1-2%,dispersed_sparse,0,connected_component,FLAG,pixel_flag,NOT_FALSE_CLEAN,True,11,10,-1,-1
validation,validation_dirty_058,contaminated,0.01,1-2%,dispersed_sparse,0,max_local_density,FLAG,pixel_flag,NOT_FALSE_CLEAN,True,11,10,-1,-1
validation,validation_dirty_058,contaminated,0.01,1-2%,dispersed_sparse,0,edge_aware,FLAG,pixel_flag,NOT_FALSE_CLEAN,True,11,10,-1,-1
validation,validation_dirty_058,contaminated,0.01,1-2%,dispersed_sparse,0,aggressive,FLAG,pixel_flag,NOT_FALSE_CLEAN,True,11,10,-1,-1
validation,validation_dirty_058,contaminated,0.01,1-2%,dispersed_sparse,0,balanced,FLAG,pixel_flag,NOT_FALSE_CLEAN,True,11,10,-1,-1
validation,validation_dirty_058,contaminated,0.01,1-2%,dispersed_sparse,0,conservative,FLAG,pixel_flag,NOT_FALSE_CLEAN,True,11,10,-1,-1
validation,validation_dirty_059,contaminated,0.01,1-2%,dispersed_sparse,1,global_baseline,FLAG,pixel_flag,NOT_FALSE_CLEAN,True,10,10,-1,-1
validation,validation_dirty_059,contaminated,0.01,1-2%,dispersed_sparse,1,tile,FLAG,pixel_flag,NOT_FALSE_CLEAN,True,10,10,-1,-1
validation,validation_dirty_059,contaminated,0.01,1-2%,dispersed_sparse,1,multiscale,FLAG,pixel_flag,NOT_FALSE_CLEAN,True,10,10,-1,-1
validation,validation_dirty_059,contaminated,0.01,1-2%,dispersed_sparse,1,connected_component,FLAG,pixel_flag,NOT_FALSE_CLEAN,True,10,10,-1,-1
validation,validation_dirty_059,contaminated,0.01,1-2%,dispersed_sparse,1,max_local_density,FLAG,pixel_flag,NOT_FALSE_CLEAN,True,10,10,-1,-1
validation,validation_dirty_059,contaminated,0.01,1-2%,dispersed_sparse,1,edge_aware,FLAG,pixel_flag,NOT_FALSE_CLEAN,True,10,10,-1,-1
validation,validation_dirty_059,contaminated,0.01,1-2%,dispersed_sparse,1,aggressive,FLAG,pixel_flag,NOT_FALSE_CLEAN,True,10,10,-1,-1
validation,validation_dirty_059,contaminated,0.01,1-2%,dispersed_sparse,1,balanced,FLAG,pixel_flag,NOT_FALSE_CLEAN,True,10,10,-1,-1
validation,validation_dirty_059,contaminated,0.01,1-2%,dispersed_sparse,1,conservative,FLAG,pixel_flag,NOT_FALSE_CLEAN,True,10,10,-1,-1
validation,validation_dirty_060,contaminated,0.01,1-2%,psf_blurred,0,global_baseline,PASS,spatial_certificate,A_OBSERVABLE_SPATIALLY_DILUTED,True,28,10,28,6
validation,validation_dirty_060,contaminated,0.01,1-2%,psf_blurred,0,tile,UNKNOWN,tile_density,A_OBSERVABLE_SPATIALLY_DILUTED,True,28,10,28,6
validation,validation_dirty_060,contaminated,0.01,1-2%,psf_blurred,0,multiscale,UNKNOWN,window_4_density,A_OBSERVABLE_SPATIALLY_DILUTED,True,28,10,28,6
validation,validation_dirty_060,contaminated,0.01,1-2%,psf_blurred,0,connected_component,UNKNOWN,component_area,A_OBSERVABLE_SPATIALLY_DILUTED,True,28,10,28,6
validation,validation_dirty_060,contaminated,0.01,1-2%,psf_blurred,0,max_local_density,UNKNOWN,window_4_density,A_OBSERVABLE_SPATIALLY_DILUTED,True,28,10,28,6
validation,validation_dirty_060,contaminated,0.01,1-2%,psf_blurred,0,edge_aware,PASS,spatial_certificate,A_OBSERVABLE_SPATIALLY_DILUTED,True,28,10,28,6
validation,validation_dirty_060,contaminated,0.01,1-2%,psf_blurred,0,aggressive,UNKNOWN,tile_density,A_OBSERVABLE_SPATIALLY_DILUTED,True,28,10,28,6
validation,validation_dirty_060,contaminated,0.01,1-2%,psf_blurred,0,balanced,UNKNOWN,tile_density,A_OBSERVABLE_SPATIALLY_DILUTED,True,28,10,28,6
validation,validation_dirty_060,contaminated,0.01,1-2%,psf_blurred,0,conservative,UNKNOWN,tile_density,A_OBSERVABLE_SPATIALLY_DILUTED,True,28,10,28,6
validation,validation_dirty_061,contaminated,0.01,1-2%,psf_blurred,1,global_baseline,FLAG,pixel_flag,NOT_FALSE_CLEAN,True,28,9,-1,-1
validation,validation_dirty_061,contaminated,0.01,1-2%,psf_blurred,1,tile,FLAG,pixel_flag,NOT_FALSE_CLEAN,True,28,9,-1,-1
validation,validation_dirty_061,contaminated,0.01,1-2%,psf_blurred,1,multiscale,FLAG,pixel_flag,NOT_FALSE_CLEAN,True,28,9,-1,-1
validation,validation_dirty_061,contaminated,0.01,1-2%,psf_blurred,1,connected_component,FLAG,pixel_flag,NOT_FALSE_CLEAN,True,28,9,-1,-1
validation,validation_dirty_061,contaminated,0.01,1-2%,psf_blurred,1,max_local_density,FLAG,pixel_flag,NOT_FALSE_CLEAN,True,28,9,-1,-1
validation,validation_dirty_061,contaminated,0.01,1-2%,psf_blurred,1,edge_aware,FLAG,pixel_flag,NOT_FALSE_CLEAN,True,28,9,-1,-1
validation,validation_dirty_061,contaminated,0.01,1-2%,psf_blurred,1,aggressive,FLAG,pixel_flag,NOT_FALSE_CLEAN,True,28,9,-1,-1
validation,validation_dirty_061,contaminated,0.01,1-2%,psf_blurred,1,balanced,FLAG,pixel_flag,NOT_FALSE_CLEAN,True,28,9,-1,-1
validation,validation_dirty_061,contaminated,0.01,1-2%,psf_blurred,1,conservative,FLAG,pixel_flag,NOT_FALSE_CLEAN,True,28,9,-1,-1
validation,validation_dirty_062,contaminated,0.01,1-2%,registration_shifted,0,global_baseline,FLAG,pixel_flag,NOT_FALSE_CLEAN,True,12,11,-1,-1
validation,validation_dirty_062,contaminated,0.01,1-2%,registration_shifted,0,tile,FLAG,pixel_flag,NOT_FALSE_CLEAN,True,12,11,-1,-1
validation,validation_dirty_062,contaminated,0.01,1-2%,registration_shifted,0,multiscale,FLAG,pixel_flag,NOT_FALSE_CLEAN,True,12,11,-1,-1
validation,validation_dirty_062,contaminated,0.01,1-2%,registration_shifted,0,connected_component,FLAG,pixel_flag,NOT_FALSE_CLEAN,True,12,11,-1,-1
validation,validation_dirty_062,contaminated,0.01,1-2%,registration_shifted,0,max_local_density,FLAG,pixel_flag,NOT_FALSE_CLEAN,True,12,11,-1,-1
validation,validation_dirty_062,contaminated,0.01,1-2%,registration_shifted,0,edge_aware,FLAG,pixel_flag,NOT_FALSE_CLEAN,True,12,11,-1,-1
validation,validation_dirty_062,contaminated,0.01,1-2%,registration_shifted,0,aggressive,FLAG,pixel_flag,NOT_FALSE_CLEAN,True,12,11,-1,-1
validation,validation_dirty_062,contaminated,0.01,1-2%,registration_shifted,0,balanced,FLAG,pixel_flag,NOT_FALSE_CLEAN,True,12,11,-1,-1
validation,validation_dirty_062,contaminated,0.01,1-2%,registration_shifted,0,conservative,FLAG,pixel_flag,NOT_FALSE_CLEAN,True,12,11,-1,-1
validation,validation_dirty_063,contaminated,0.01,1-2%,registration_shifted,1,global_baseline,FLAG,pixel_flag,NOT_FALSE_CLEAN,True,12,10,-1,-1
validation,validation_dirty_063,contaminated,0.01,1-2%,registration_shifted,1,tile,FLAG,pixel_flag,NOT_FALSE_CLEAN,True,12,10,-1,-1
validation,validation_dirty_063,contaminated,0.01,1-2%,registration_shifted,1,multiscale,FLAG,pixel_flag,NOT_FALSE_CLEAN,True,12,10,-1,-1
validation,validation_dirty_063,contaminated,0.01,1-2%,registration_shifted,1,connected_component,FLAG,pixel_flag,NOT_FALSE_CLEAN,True,12,10,-1,-1
validation,validation_dirty_063,contaminated,0.01,1-2%,registration_shifted,1,max_local_density,FLAG,pixel_flag,NOT_FALSE_CLEAN,True,12,10,-1,-1
validation,validation_dirty_063,contaminated,0.01,1-2%,registration_shifted,1,edge_aware,FLAG,pixel_flag,NOT_FALSE_CLEAN,True,12,10,-1,-1
validation,validation_dirty_063,contaminated,0.01,1-2%,registration_shifted,1,aggressive,FLAG,pixel_flag,NOT_FALSE_CLEAN,True,12,10,-1,-1
validation,validation_dirty_063,contaminated,0.01,1-2%,registration_shifted,1,balanced,FLAG,pixel_flag,NOT_FALSE_CLEAN,True,12,10,-1,-1
validation,validation_dirty_063,contaminated,0.01,1-2%,registration_shifted,1,conservative,FLAG,pixel_flag,NOT_FALSE_CLEAN,True,12,10,-1,-1
validation,validation_dirty_064,contaminated,0.02,2-5%,compact_blob,0,global_baseline,PASS,spatial_certificate,A_OBSERVABLE_SPATIALLY_DILUTED,True,18,18,18,5
validation,validation_dirty_064,contaminated,0.02,2-5%,compact_blob,0,tile,UNKNOWN,tile_density,A_OBSERVABLE_SPATIALLY_DILUTED,True,18,18,18,5
validation,validation_dirty_064,contaminated,0.02,2-5%,compact_blob,0,multiscale,UNKNOWN,window_4_density,A_OBSERVABLE_SPATIALLY_DILUTED,True,18,18,18,5
validation,validation_dirty_064,contaminated,0.02,2-5%,compact_blob,0,connected_component,UNKNOWN,component_area,A_OBSERVABLE_SPATIALLY_DILUTED,True,18,18,18,5
validation,validation_dirty_064,contaminated,0.02,2-5%,compact_blob,0,max_local_density,UNKNOWN,window_4_density,A_OBSERVABLE_SPATIALLY_DILUTED,True,18,18,18,5
validation,validation_dirty_064,contaminated,0.02,2-5%,compact_blob,0,edge_aware,PASS,spatial_certificate,A_OBSERVABLE_SPATIALLY_DILUTED,True,18,18,18,5
validation,validation_dirty_064,contaminated,0.02,2-5%,compact_blob,0,aggressive,UNKNOWN,tile_density,A_OBSERVABLE_SPATIALLY_DILUTED,True,18,18,18,5
validation,validation_dirty_064,contaminated,0.02,2-5%,compact_blob,0,balanced,UNKNOWN,window_4_density,A_OBSERVABLE_SPATIALLY_DILUTED,True,18,18,18,5
validation,validation_dirty_064,contaminated,0.02,2-5%,compact_blob,0,conservative,UNKNOWN,window_4_density,A_OBSERVABLE_SPATIALLY_DILUTED,True,18,18,18,5
validation,validation_dirty_065,contaminated,0.02,2-5%,compact_blob,1,global_baseline,PASS,spatial_certificate,A_OBSERVABLE_SPATIALLY_DILUTED,True,22,19,19,5
validation,validation_dirty_065,contaminated,0.02,2-5%,compact_blob,1,tile,UNKNOWN,tile_density,A_OBSERVABLE_SPATIALLY_DILUTED,True,22,19,19,5
validation,validation_dirty_065,contaminated,0.02,2-5%,compact_blob,1,multiscale,UNKNOWN,window_4_density,A_OBSERVABLE_SPATIALLY_DILUTED,True,22,19,19,5
validation,validation_dirty_065,contaminated,0.02,2-5%,compact_blob,1,connected_component,UNKNOWN,component_area,A_OBSERVABLE_SPATIALLY_DILUTED,True,22,19,19,5
validation,validation_dirty_065,contaminated,0.02,2-5%,compact_blob,1,max_local_density,UNKNOWN,window_4_density,A_OBSERVABLE_SPATIALLY_DILUTED,True,22,19,19,5
validation,validation_dirty_065,contaminated,0.02,2-5%,compact_blob,1,edge_aware,PASS,spatial_certificate,A_OBSERVABLE_SPATIALLY_DILUTED,True,22,19,19,5
validation,validation_dirty_065,contaminated,0.02,2-5%,compact_blob,1,aggressive,UNKNOWN,tile_density,A_OBSERVABLE_SPATIALLY_DILUTED,True,22,19,19,5
validation,validation_dirty_065,contaminated,0.02,2-5%,compact_blob,1,balanced,UNKNOWN,window_4_density,A_OBSERVABLE_SPATIALLY_DILUTED,True,22,19,19,5
validation,validation_dirty_065,contaminated,0.02,2-5%,compact_blob,1,conservative,UNKNOWN,window_4_density,A_OBSERVABLE_SPATIALLY_DILUTED,True,22,19,19,5
validation,validation_dirty_066,contaminated,0.02,2-5%,elongated_streak,0,global_baseline,PASS,spatial_certificate,A_OBSERVABLE_SPATIALLY_DILUTED,True,20,20,12,12
validation,validation_dirty_066,contaminated,0.02,2-5%,elongated_streak,0,tile,PASS,spatial_certificate,A_OBSERVABLE_SPATIALLY_DILUTED,True,20,20,12,12
validation,validation_dirty_066,contaminated,0.02,2-5%,elongated_streak,0,multiscale,UNKNOWN,window_8_density,A_OBSERVABLE_SPATIALLY_DILUTED,True,20,20,12,12
validation,validation_dirty_066,contaminated,0.02,2-5%,elongated_streak,0,connected_component,UNKNOWN,component_area,A_OBSERVABLE_SPATIALLY_DILUTED,True,20,20,12,12
validation,validation_dirty_066,contaminated,0.02,2-5%,elongated_streak,0,max_local_density,UNKNOWN,window_4_density,A_OBSERVABLE_SPATIALLY_DILUTED,True,20,20,12,12
validation,validation_dirty_066,contaminated,0.02,2-5%,elongated_streak,0,edge_aware,PASS,spatial_certificate,A_OBSERVABLE_SPATIALLY_DILUTED,True,20,20,12,12
validation,validation_dirty_066,contaminated,0.02,2-5%,elongated_streak,0,aggressive,UNKNOWN,tile_density,A_OBSERVABLE_SPATIALLY_DILUTED,True,20,20,12,12
validation,validation_dirty_066,contaminated,0.02,2-5%,elongated_streak,0,balanced,PASS,spatial_certificate,A_OBSERVABLE_SPATIALLY_DILUTED,True,20,20,12,12
validation,validation_dirty_066,contaminated,0.02,2-5%,elongated_streak,0,conservative,PASS,spatial_certificate,A_OBSERVABLE_SPATIALLY_DILUTED,True,20,20,12,12
validation,validation_dirty_067,contaminated,0.02,2-5%,elongated_streak,1,global_baseline,FLAG,pixel_flag,NOT_FALSE_CLEAN,True,21,20,-1,-1
validation,validation_dirty_067,contaminated,0.02,2-5%,elongated_streak,1,tile,FLAG,pixel_flag,NOT_FALSE_CLEAN,True,21,20,-1,-1
validation,validation_dirty_067,contaminated,0.02,2-5%,elongated_streak,1,multiscale,FLAG,pixel_flag,NOT_FALSE_CLEAN,True,21,20,-1,-1
validation,validation_dirty_067,contaminated,0.02,2-5%,elongated_streak,1,connected_component,FLAG,pixel_flag,NOT_FALSE_CLEAN,True,21,20,-1,-1
validation,validation_dirty_067,contaminated,0.02,2-5%,elongated_streak,1,max_local_density,FLAG,pixel_flag,NOT_FALSE_CLEAN,True,21,20,-1,-1
validation,validation_dirty_067,contaminated,0.02,2-5%,elongated_streak,1,edge_aware,FLAG,pixel_flag,NOT_FALSE_CLEAN,True,21,20,-1,-1
validation,validation_dirty_067,contaminated,0.02,2-5%,elongated_streak,1,aggressive,FLAG,pixel_flag,NOT_FALSE_CLEAN,True,21,20,-1,-1
validation,validation_dirty_067,contaminated,0.02,2-5%,elongated_streak,1,balanced,FLAG,pixel_flag,NOT_FALSE_CLEAN,True,21,20,-1,-1
validation,validation_dirty_067,contaminated,0.02,2-5%,elongated_streak,1,conservative,FLAG,pixel_flag,NOT_FALSE_CLEAN,True,21,20,-1,-1
validation,validation_dirty_068,contaminated,0.02,2-5%,edge_blob,0,global_baseline,FLAG,pixel_flag,NOT_FALSE_CLEAN,True,22,20,-1,-1
validation,validation_dirty_068,contaminated,0.02,2-5%,edge_blob,0,tile,FLAG,pixel_flag,NOT_FALSE_CLEAN,True,22,20,-1,-1
validation,validation_dirty_068,contaminated,0.02,2-5%,edge_blob,0,multiscale,FLAG,pixel_flag,NOT_FALSE_CLEAN,True,22,20,-1,-1
validation,validation_dirty_068,contaminated,0.02,2-5%,edge_blob,0,connected_component,FLAG,pixel_flag,NOT_FALSE_CLEAN,True,22,20,-1,-1
validation,validation_dirty_068,contaminated,0.02,2-5%,edge_blob,0,max_local_density,FLAG,pixel_flag,NOT_FALSE_CLEAN,True,22,20,-1,-1
validation,validation_dirty_068,contaminated,0.02,2-5%,edge_blob,0,edge_aware,FLAG,pixel_flag,NOT_FALSE_CLEAN,True,22,20,-1,-1
validation,validation_dirty_068,contaminated,0.02,2-5%,edge_blob,0,aggressive,FLAG,pixel_flag,NOT_FALSE_CLEAN,True,22,20,-1,-1
validation,validation_dirty_068,contaminated,0.02,2-5%,edge_blob,0,balanced,FLAG,pixel_flag,NOT_FALSE_CLEAN,True,22,20,-1,-1
validation,validation_dirty_068,contaminated,0.02,2-5%,edge_blob,0,conservative,FLAG,pixel_flag,NOT_FALSE_CLEAN,True,22,20,-1,-1
validation,validation_dirty_069,contaminated,0.02,2-5%,edge_blob,1,global_baseline,PASS,spatial_certificate,A_OBSERVABLE_SPATIALLY_DILUTED,True,20,20,20,7
validation,validation_dirty_069,contaminated,0.02,2-5%,edge_blob,1,tile,UNKNOWN,tile_density,A_OBSERVABLE_SPATIALLY_DILUTED,True,20,20,20,7
validation,validation_dirty_069,contaminated,0.02,2-5%,edge_blob,1,multiscale,UNKNOWN,window_4_density,A_OBSERVABLE_SPATIALLY_DILUTED,True,20,20,20,7
validation,validation_dirty_069,contaminated,0.02,2-5%,edge_blob,1,connected_component,UNKNOWN,component_area,A_OBSERVABLE_SPATIALLY_DILUTED,True,20,20,20,7
validation,validation_dirty_069,contaminated,0.02,2-5%,edge_blob,1,max_local_density,UNKNOWN,window_4_density,A_OBSERVABLE_SPATIALLY_DILUTED,True,20,20,20,7
validation,validation_dirty_069,contaminated,0.02,2-5%,edge_blob,1,edge_aware,PASS,spatial_certificate,A_OBSERVABLE_SPATIALLY_DILUTED,True,20,20,20,7
validation,validation_dirty_069,contaminated,0.02,2-5%,edge_blob,1,aggressive,UNKNOWN,tile_density,A_OBSERVABLE_SPATIALLY_DILUTED,True,20,20,20,7
validation,validation_dirty_069,contaminated,0.02,2-5%,edge_blob,1,balanced,UNKNOWN,tile_density,A_OBSERVABLE_SPATIALLY_DILUTED,True,20,20,20,7
validation,validation_dirty_069,contaminated,0.02,2-5%,edge_blob,1,conservative,PASS,spatial_certificate,A_OBSERVABLE_SPATIALLY_DILUTED,True,20,20,20,7
validation,validation_dirty_070,contaminated,0.02,2-5%,corner_blob,0,global_baseline,FLAG,pixel_flag,NOT_FALSE_CLEAN,True,21,20,-1,-1
validation,validation_dirty_070,contaminated,0.02,2-5%,corner_blob,0,tile,FLAG,pixel_flag,NOT_FALSE_CLEAN,True,21,20,-1,-1
validation,validation_dirty_070,contaminated,0.02,2-5%,corner_blob,0,multiscale,FLAG,pixel_flag,NOT_FALSE_CLEAN,True,21,20,-1,-1
validation,validation_dirty_070,contaminated,0.02,2-5%,corner_blob,0,connected_component,FLAG,pixel_flag,NOT_FALSE_CLEAN,True,21,20,-1,-1
validation,validation_dirty_070,contaminated,0.02,2-5%,corner_blob,0,max_local_density,FLAG,pixel_flag,NOT_FALSE_CLEAN,True,21,20,-1,-1
validation,validation_dirty_070,contaminated,0.02,2-5%,corner_blob,0,edge_aware,FLAG,pixel_flag,NOT_FALSE_CLEAN,True,21,20,-1,-1
validation,validation_dirty_070,contaminated,0.02,2-5%,corner_blob,0,aggressive,FLAG,pixel_flag,NOT_FALSE_CLEAN,True,21,20,-1,-1
validation,validation_dirty_070,contaminated,0.02,2-5%,corner_blob,0,balanced,FLAG,pixel_flag,NOT_FALSE_CLEAN,True,21,20,-1,-1
validation,validation_dirty_070,contaminated,0.02,2-5%,corner_blob,0,conservative,FLAG,pixel_flag,NOT_FALSE_CLEAN,True,21,20,-1,-1
validation,validation_dirty_071,contaminated,0.02,2-5%,corner_blob,1,global_baseline,PASS,spatial_certificate,A_OBSERVABLE_SPATIALLY_DILUTED,True,21,20,20,5
validation,validation_dirty_071,contaminated,0.02,2-5%,corner_blob,1,tile,UNKNOWN,tile_density,A_OBSERVABLE_SPATIALLY_DILUTED,True,21,20,20,5
validation,validation_dirty_071,contaminated,0.02,2-5%,corner_blob,1,multiscale,UNKNOWN,window_4_density,A_OBSERVABLE_SPATIALLY_DILUTED,True,21,20,20,5
validation,validation_dirty_071,contaminated,0.02,2-5%,corner_blob,1,connected_component,UNKNOWN,component_area,A_OBSERVABLE_SPATIALLY_DILUTED,True,21,20,20,5
validation,validation_dirty_071,contaminated,0.02,2-5%,corner_blob,1,max_local_density,UNKNOWN,window_4_density,A_OBSERVABLE_SPATIALLY_DILUTED,True,21,20,20,5
validation,validation_dirty_071,contaminated,0.02,2-5%,corner_blob,1,edge_aware,PASS,spatial_certificate,A_OBSERVABLE_SPATIALLY_DILUTED,True,21,20,20,5
validation,validation_dirty_071,contaminated,0.02,2-5%,corner_blob,1,aggressive,UNKNOWN,tile_density,A_OBSERVABLE_SPATIALLY_DILUTED,True,21,20,20,5
validation,validation_dirty_071,contaminated,0.02,2-5%,corner_blob,1,balanced,UNKNOWN,tile_density,A_OBSERVABLE_SPATIALLY_DILUTED,True,21,20,20,5
validation,validation_dirty_071,contaminated,0.02,2-5%,corner_blob,1,conservative,UNKNOWN,window_4_density,A_OBSERVABLE_SPATIALLY_DILUTED,True,21,20,20,5
validation,validation_dirty_072,contaminated,0.02,2-5%,multiple_droplets,0,global_baseline,PASS,spatial_certificate,A_OBSERVABLE_SPATIALLY_DILUTED,True,24,20,9,4
validation,validation_dirty_072,contaminated,0.02,2-5%,multiple_droplets,0,tile,UNKNOWN,tile_density,A_OBSERVABLE_SPATIALLY_DILUTED,True,24,20,9,4
validation,validation_dirty_072,contaminated,0.02,2-5%,multiple_droplets,0,multiscale,UNKNOWN,window_4_density,A_OBSERVABLE_SPATIALLY_DILUTED,True,24,20,9,4
validation,validation_dirty_072,contaminated,0.02,2-5%,multiple_droplets,0,connected_component,UNKNOWN,component_area,A_OBSERVABLE_SPATIALLY_DILUTED,True,24,20,9,4
validation,validation_dirty_072,contaminated,0.02,2-5%,multiple_droplets,0,max_local_density,UNKNOWN,window_4_density,A_OBSERVABLE_SPATIALLY_DILUTED,True,24,20,9,4
validation,validation_dirty_072,contaminated,0.02,2-5%,multiple_droplets,0,edge_aware,PASS,spatial_certificate,A_OBSERVABLE_SPATIALLY_DILUTED,True,24,20,9,4
validation,validation_dirty_072,contaminated,0.02,2-5%,multiple_droplets,0,aggressive,UNKNOWN,tile_density,A_OBSERVABLE_SPATIALLY_DILUTED,True,24,20,9,4
validation,validation_dirty_072,contaminated,0.02,2-5%,multiple_droplets,0,balanced,PASS,spatial_certificate,A_OBSERVABLE_SPATIALLY_DILUTED,True,24,20,9,4
validation,validation_dirty_072,contaminated,0.02,2-5%,multiple_droplets,0,conservative,PASS,spatial_certificate,A_OBSERVABLE_SPATIALLY_DILUTED,True,24,20,9,4
validation,validation_dirty_073,contaminated,0.02,2-5%,multiple_droplets,1,global_baseline,FLAG,pixel_flag,NOT_FALSE_CLEAN,True,22,20,-1,-1
validation,validation_dirty_073,contaminated,0.02,2-5%,multiple_droplets,1,tile,FLAG,pixel_flag,NOT_FALSE_CLEAN,True,22,20,-1,-1
validation,validation_dirty_073,contaminated,0.02,2-5%,multiple_droplets,1,multiscale,FLAG,pixel_flag,NOT_FALSE_CLEAN,True,22,20,-1,-1
validation,validation_dirty_073,contaminated,0.02,2-5%,multiple_droplets,1,connected_component,FLAG,pixel_flag,NOT_FALSE_CLEAN,True,22,20,-1,-1
validation,validation_dirty_073,contaminated,0.02,2-5%,multiple_droplets,1,max_local_density,FLAG,pixel_flag,NOT_FALSE_CLEAN,True,22,20,-1,-1
validation,validation_dirty_073,contaminated,0.02,2-5%,multiple_droplets,1,edge_aware,FLAG,pixel_flag,NOT_FALSE_CLEAN,True,22,20,-1,-1
validation,validation_dirty_073,contaminated,0.02,2-5%,multiple_droplets,1,aggressive,FLAG,pixel_flag,NOT_FALSE_CLEAN,True,22,20,-1,-1
validation,validation_dirty_073,contaminated,0.02,2-5%,multiple_droplets,1,balanced,FLAG,pixel_flag,NOT_FALSE_CLEAN,True,22,20,-1,-1
validation,validation_dirty_073,contaminated,0.02,2-5%,multiple_droplets,1,conservative,FLAG,pixel_flag,NOT_FALSE_CLEAN,True,22,20,-1,-1
validation,validation_dirty_074,contaminated,0.02,2-5%,dispersed_sparse,0,global_baseline,FLAG,pixel_flag,NOT_FALSE_CLEAN,True,22,20,-1,-1
validation,validation_dirty_074,contaminated,0.02,2-5%,dispersed_sparse,0,tile,FLAG,pixel_flag,NOT_FALSE_CLEAN,True,22,20,-1,-1
validation,validation_dirty_074,contaminated,0.02,2-5%,dispersed_sparse,0,multiscale,FLAG,pixel_flag,NOT_FALSE_CLEAN,True,22,20,-1,-1
validation,validation_dirty_074,contaminated,0.02,2-5%,dispersed_sparse,0,connected_component,FLAG,pixel_flag,NOT_FALSE_CLEAN,True,22,20,-1,-1
validation,validation_dirty_074,contaminated,0.02,2-5%,dispersed_sparse,0,max_local_density,FLAG,pixel_flag,NOT_FALSE_CLEAN,True,22,20,-1,-1
validation,validation_dirty_074,contaminated,0.02,2-5%,dispersed_sparse,0,edge_aware,FLAG,pixel_flag,NOT_FALSE_CLEAN,True,22,20,-1,-1
validation,validation_dirty_074,contaminated,0.02,2-5%,dispersed_sparse,0,aggressive,FLAG,pixel_flag,NOT_FALSE_CLEAN,True,22,20,-1,-1
validation,validation_dirty_074,contaminated,0.02,2-5%,dispersed_sparse,0,balanced,FLAG,pixel_flag,NOT_FALSE_CLEAN,True,22,20,-1,-1
validation,validation_dirty_074,contaminated,0.02,2-5%,dispersed_sparse,0,conservative,FLAG,pixel_flag,NOT_FALSE_CLEAN,True,22,20,-1,-1
validation,validation_dirty_075,contaminated,0.02,2-5%,dispersed_sparse,1,global_baseline,PASS,spatial_certificate,A_OBSERVABLE_SPATIALLY_DILUTED,True,20,20,2,2
validation,validation_dirty_075,contaminated,0.02,2-5%,dispersed_sparse,1,tile,PASS,spatial_certificate,A_OBSERVABLE_SPATIALLY_DILUTED,True,20,20,2,2
validation,validation_dirty_075,contaminated,0.02,2-5%,dispersed_sparse,1,multiscale,PASS,spatial_certificate,A_OBSERVABLE_SPATIALLY_DILUTED,True,20,20,2,2
validation,validation_dirty_075,contaminated,0.02,2-5%,dispersed_sparse,1,connected_component,PASS,spatial_certificate,A_OBSERVABLE_SPATIALLY_DILUTED,True,20,20,2,2
validation,validation_dirty_075,contaminated,0.02,2-5%,dispersed_sparse,1,max_local_density,PASS,spatial_certificate,A_OBSERVABLE_SPATIALLY_DILUTED,True,20,20,2,2
validation,validation_dirty_075,contaminated,0.02,2-5%,dispersed_sparse,1,edge_aware,PASS,spatial_certificate,A_OBSERVABLE_SPATIALLY_DILUTED,True,20,20,2,2
validation,validation_dirty_075,contaminated,0.02,2-5%,dispersed_sparse,1,aggressive,UNKNOWN,window_4_density,A_OBSERVABLE_SPATIALLY_DILUTED,True,20,20,2,2
validation,validation_dirty_075,contaminated,0.02,2-5%,dispersed_sparse,1,balanced,PASS,spatial_certificate,A_OBSERVABLE_SPATIALLY_DILUTED,True,20,20,2,2
validation,validation_dirty_075,contaminated,0.02,2-5%,dispersed_sparse,1,conservative,PASS,spatial_certificate,A_OBSERVABLE_SPATIALLY_DILUTED,True,20,20,2,2
validation,validation_dirty_076,contaminated,0.02,2-5%,psf_blurred,0,global_baseline,PASS,spatial_certificate,A_OBSERVABLE_SPATIALLY_DILUTED,True,45,20,45,8
validation,validation_dirty_076,contaminated,0.02,2-5%,psf_blurred,0,tile,UNKNOWN,tile_density,A_OBSERVABLE_SPATIALLY_DILUTED,True,45,20,45,8
validation,validation_dirty_076,contaminated,0.02,2-5%,psf_blurred,0,multiscale,UNKNOWN,window_4_density,A_OBSERVABLE_SPATIALLY_DILUTED,True,45,20,45,8
validation,validation_dirty_076,contaminated,0.02,2-5%,psf_blurred,0,connected_component,UNKNOWN,component_area,A_OBSERVABLE_SPATIALLY_DILUTED,True,45,20,45,8
validation,validation_dirty_076,contaminated,0.02,2-5%,psf_blurred,0,max_local_density,UNKNOWN,window_4_density,A_OBSERVABLE_SPATIALLY_DILUTED,True,45,20,45,8
validation,validation_dirty_076,contaminated,0.02,2-5%,psf_blurred,0,edge_aware,PASS,spatial_certificate,A_OBSERVABLE_SPATIALLY_DILUTED,True,45,20,45,8
validation,validation_dirty_076,contaminated,0.02,2-5%,psf_blurred,0,aggressive,UNKNOWN,tile_density,A_OBSERVABLE_SPATIALLY_DILUTED,True,45,20,45,8
validation,validation_dirty_076,contaminated,0.02,2-5%,psf_blurred,0,balanced,UNKNOWN,tile_density,A_OBSERVABLE_SPATIALLY_DILUTED,True,45,20,45,8
validation,validation_dirty_076,contaminated,0.02,2-5%,psf_blurred,0,conservative,UNKNOWN,tile_density,A_OBSERVABLE_SPATIALLY_DILUTED,True,45,20,45,8
validation,validation_dirty_077,contaminated,0.02,2-5%,psf_blurred,1,global_baseline,FLAG,pixel_flag,NOT_FALSE_CLEAN,True,45,21,-1,-1
validation,validation_dirty_077,contaminated,0.02,2-5%,psf_blurred,1,tile,FLAG,pixel_flag,NOT_FALSE_CLEAN,True,45,21,-1,-1
validation,validation_dirty_077,contaminated,0.02,2-5%,psf_blurred,1,multiscale,FLAG,pixel_flag,NOT_FALSE_CLEAN,True,45,21,-1,-1
validation,validation_dirty_077,contaminated,0.02,2-5%,psf_blurred,1,connected_component,FLAG,pixel_flag,NOT_FALSE_CLEAN,True,45,21,-1,-1
validation,validation_dirty_077,contaminated,0.02,2-5%,psf_blurred,1,max_local_density,FLAG,pixel_flag,NOT_FALSE_CLEAN,True,45,21,-1,-1
validation,validation_dirty_077,contaminated,0.02,2-5%,psf_blurred,1,edge_aware,FLAG,pixel_flag,NOT_FALSE_CLEAN,True,45,21,-1,-1
validation,validation_dirty_077,contaminated,0.02,2-5%,psf_blurred,1,aggressive,FLAG,pixel_flag,NOT_FALSE_CLEAN,True,45,21,-1,-1
validation,validation_dirty_077,contaminated,0.02,2-5%,psf_blurred,1,balanced,FLAG,pixel_flag,NOT_FALSE_CLEAN,True,45,21,-1,-1
validation,validation_dirty_077,contaminated,0.02,2-5%,psf_blurred,1,conservative,FLAG,pixel_flag,NOT_FALSE_CLEAN,True,45,21,-1,-1
validation,validation_dirty_078,contaminated,0.02,2-5%,registration_shifted,0,global_baseline,PASS,spatial_certificate,A_OBSERVABLE_SPATIALLY_DILUTED,True,20,19,19,5
validation,validation_dirty_078,contaminated,0.02,2-5%,registration_shifted,0,tile,UNKNOWN,tile_density,A_OBSERVABLE_SPATIALLY_DILUTED,True,20,19,19,5
validation,validation_dirty_078,contaminated,0.02,2-5%,registration_shifted,0,multiscale,UNKNOWN,window_4_density,A_OBSERVABLE_SPATIALLY_DILUTED,True,20,19,19,5
validation,validation_dirty_078,contaminated,0.02,2-5%,registration_shifted,0,connected_component,UNKNOWN,component_area,A_OBSERVABLE_SPATIALLY_DILUTED,True,20,19,19,5
validation,validation_dirty_078,contaminated,0.02,2-5%,registration_shifted,0,max_local_density,UNKNOWN,window_4_density,A_OBSERVABLE_SPATIALLY_DILUTED,True,20,19,19,5
validation,validation_dirty_078,contaminated,0.02,2-5%,registration_shifted,0,edge_aware,PASS,spatial_certificate,A_OBSERVABLE_SPATIALLY_DILUTED,True,20,19,19,5
validation,validation_dirty_078,contaminated,0.02,2-5%,registration_shifted,0,aggressive,UNKNOWN,tile_density,A_OBSERVABLE_SPATIALLY_DILUTED,True,20,19,19,5
validation,validation_dirty_078,contaminated,0.02,2-5%,registration_shifted,0,balanced,UNKNOWN,window_4_density,A_OBSERVABLE_SPATIALLY_DILUTED,True,20,19,19,5
validation,validation_dirty_078,contaminated,0.02,2-5%,registration_shifted,0,conservative,UNKNOWN,window_4_density,A_OBSERVABLE_SPATIALLY_DILUTED,True,20,19,19,5
validation,validation_dirty_079,contaminated,0.02,2-5%,registration_shifted,1,global_baseline,PASS,spatial_certificate,A_OBSERVABLE_SPATIALLY_DILUTED,True,21,20,20,5
validation,validation_dirty_079,contaminated,0.02,2-5%,registration_shifted,1,tile,UNKNOWN,tile_density,A_OBSERVABLE_SPATIALLY_DILUTED,True,21,20,20,5
validation,validation_dirty_079,contaminated,0.02,2-5%,registration_shifted,1,multiscale,UNKNOWN,window_4_density,A_OBSERVABLE_SPATIALLY_DILUTED,True,21,20,20,5
validation,validation_dirty_079,contaminated,0.02,2-5%,registration_shifted,1,connected_component,UNKNOWN,component_area,A_OBSERVABLE_SPATIALLY_DILUTED,True,21,20,20,5
validation,validation_dirty_079,contaminated,0.02,2-5%,registration_shifted,1,max_local_density,UNKNOWN,window_4_density,A_OBSERVABLE_SPATIALLY_DILUTED,True,21,20,20,5
validation,validation_dirty_079,contaminated,0.02,2-5%,registration_shifted,1,edge_aware,PASS,spatial_certificate,A_OBSERVABLE_SPATIALLY_DILUTED,True,21,20,20,5
validation,validation_dirty_079,contaminated,0.02,2-5%,registration_shifted,1,aggressive,UNKNOWN,tile_density,A_OBSERVABLE_SPATIALLY_DILUTED,True,21,20,20,5
validation,validation_dirty_079,contaminated,0.02,2-5%,registration_shifted,1,balanced,UNKNOWN,tile_density,A_OBSERVABLE_SPATIALLY_DILUTED,True,21,20,20,5
validation,validation_dirty_079,contaminated,0.02,2-5%,registration_shifted,1,conservative,UNKNOWN,window_4_density,A_OBSERVABLE_SPATIALLY_DILUTED,True,21,20,20,5
validation,validation_dirty_080,contaminated,0.03,2-5%,compact_blob,0,global_baseline,PASS,spatial_certificate,A_OBSERVABLE_SPATIALLY_DILUTED,True,31,31,31,7
validation,validation_dirty_080,contaminated,0.03,2-5%,compact_blob,0,tile,UNKNOWN,tile_density,A_OBSERVABLE_SPATIALLY_DILUTED,True,31,31,31,7
validation,validation_dirty_080,contaminated,0.03,2-5%,compact_blob,0,multiscale,UNKNOWN,window_4_density,A_OBSERVABLE_SPATIALLY_DILUTED,True,31,31,31,7
validation,validation_dirty_080,contaminated,0.03,2-5%,compact_blob,0,connected_component,UNKNOWN,component_area,A_OBSERVABLE_SPATIALLY_DILUTED,True,31,31,31,7
validation,validation_dirty_080,contaminated,0.03,2-5%,compact_blob,0,max_local_density,UNKNOWN,window_4_density,A_OBSERVABLE_SPATIALLY_DILUTED,True,31,31,31,7
validation,validation_dirty_080,contaminated,0.03,2-5%,compact_blob,0,edge_aware,PASS,spatial_certificate,A_OBSERVABLE_SPATIALLY_DILUTED,True,31,31,31,7
validation,validation_dirty_080,contaminated,0.03,2-5%,compact_blob,0,aggressive,UNKNOWN,tile_density,A_OBSERVABLE_SPATIALLY_DILUTED,True,31,31,31,7
validation,validation_dirty_080,contaminated,0.03,2-5%,compact_blob,0,balanced,UNKNOWN,tile_density,A_OBSERVABLE_SPATIALLY_DILUTED,True,31,31,31,7
validation,validation_dirty_080,contaminated,0.03,2-5%,compact_blob,0,conservative,UNKNOWN,tile_density,A_OBSERVABLE_SPATIALLY_DILUTED,True,31,31,31,7
validation,validation_dirty_081,contaminated,0.03,2-5%,compact_blob,1,global_baseline,FLAG,pixel_flag,NOT_FALSE_CLEAN,True,33,32,-1,-1
validation,validation_dirty_081,contaminated,0.03,2-5%,compact_blob,1,tile,FLAG,pixel_flag,NOT_FALSE_CLEAN,True,33,32,-1,-1
validation,validation_dirty_081,contaminated,0.03,2-5%,compact_blob,1,multiscale,FLAG,pixel_flag,NOT_FALSE_CLEAN,True,33,32,-1,-1
validation,validation_dirty_081,contaminated,0.03,2-5%,compact_blob,1,connected_component,FLAG,pixel_flag,NOT_FALSE_CLEAN,True,33,32,-1,-1
validation,validation_dirty_081,contaminated,0.03,2-5%,compact_blob,1,max_local_density,FLAG,pixel_flag,NOT_FALSE_CLEAN,True,33,32,-1,-1
validation,validation_dirty_081,contaminated,0.03,2-5%,compact_blob,1,edge_aware,FLAG,pixel_flag,NOT_FALSE_CLEAN,True,33,32,-1,-1
validation,validation_dirty_081,contaminated,0.03,2-5%,compact_blob,1,aggressive,FLAG,pixel_flag,NOT_FALSE_CLEAN,True,33,32,-1,-1
validation,validation_dirty_081,contaminated,0.03,2-5%,compact_blob,1,balanced,FLAG,pixel_flag,NOT_FALSE_CLEAN,True,33,32,-1,-1
validation,validation_dirty_081,contaminated,0.03,2-5%,compact_blob,1,conservative,FLAG,pixel_flag,NOT_FALSE_CLEAN,True,33,32,-1,-1
validation,validation_dirty_082,contaminated,0.03,2-5%,elongated_streak,0,global_baseline,FLAG,pixel_flag,NOT_FALSE_CLEAN,True,34,31,-1,-1
validation,validation_dirty_082,contaminated,0.03,2-5%,elongated_streak,0,tile,FLAG,pixel_flag,NOT_FALSE_CLEAN,True,34,31,-1,-1
validation,validation_dirty_082,contaminated,0.03,2-5%,elongated_streak,0,multiscale,FLAG,pixel_flag,NOT_FALSE_CLEAN,True,34,31,-1,-1
validation,validation_dirty_082,contaminated,0.03,2-5%,elongated_streak,0,connected_component,FLAG,pixel_flag,NOT_FALSE_CLEAN,True,34,31,-1,-1
validation,validation_dirty_082,contaminated,0.03,2-5%,elongated_streak,0,max_local_density,FLAG,pixel_flag,NOT_FALSE_CLEAN,True,34,31,-1,-1
validation,validation_dirty_082,contaminated,0.03,2-5%,elongated_streak,0,edge_aware,FLAG,pixel_flag,NOT_FALSE_CLEAN,True,34,31,-1,-1
validation,validation_dirty_082,contaminated,0.03,2-5%,elongated_streak,0,aggressive,FLAG,pixel_flag,NOT_FALSE_CLEAN,True,34,31,-1,-1
validation,validation_dirty_082,contaminated,0.03,2-5%,elongated_streak,0,balanced,FLAG,pixel_flag,NOT_FALSE_CLEAN,True,34,31,-1,-1
validation,validation_dirty_082,contaminated,0.03,2-5%,elongated_streak,0,conservative,FLAG,pixel_flag,NOT_FALSE_CLEAN,True,34,31,-1,-1
validation,validation_dirty_083,contaminated,0.03,2-5%,elongated_streak,1,global_baseline,FLAG,pixel_flag,NOT_FALSE_CLEAN,True,34,31,-1,-1
validation,validation_dirty_083,contaminated,0.03,2-5%,elongated_streak,1,tile,FLAG,pixel_flag,NOT_FALSE_CLEAN,True,34,31,-1,-1
validation,validation_dirty_083,contaminated,0.03,2-5%,elongated_streak,1,multiscale,FLAG,pixel_flag,NOT_FALSE_CLEAN,True,34,31,-1,-1
validation,validation_dirty_083,contaminated,0.03,2-5%,elongated_streak,1,connected_component,FLAG,pixel_flag,NOT_FALSE_CLEAN,True,34,31,-1,-1
validation,validation_dirty_083,contaminated,0.03,2-5%,elongated_streak,1,max_local_density,FLAG,pixel_flag,NOT_FALSE_CLEAN,True,34,31,-1,-1
validation,validation_dirty_083,contaminated,0.03,2-5%,elongated_streak,1,edge_aware,FLAG,pixel_flag,NOT_FALSE_CLEAN,True,34,31,-1,-1
validation,validation_dirty_083,contaminated,0.03,2-5%,elongated_streak,1,aggressive,FLAG,pixel_flag,NOT_FALSE_CLEAN,True,34,31,-1,-1
validation,validation_dirty_083,contaminated,0.03,2-5%,elongated_streak,1,balanced,FLAG,pixel_flag,NOT_FALSE_CLEAN,True,34,31,-1,-1
validation,validation_dirty_083,contaminated,0.03,2-5%,elongated_streak,1,conservative,FLAG,pixel_flag,NOT_FALSE_CLEAN,True,34,31,-1,-1
validation,validation_dirty_084,contaminated,0.03,2-5%,edge_blob,0,global_baseline,FLAG,pixel_flag,NOT_FALSE_CLEAN,True,31,31,-1,-1
validation,validation_dirty_084,contaminated,0.03,2-5%,edge_blob,0,tile,FLAG,pixel_flag,NOT_FALSE_CLEAN,True,31,31,-1,-1
validation,validation_dirty_084,contaminated,0.03,2-5%,edge_blob,0,multiscale,FLAG,pixel_flag,NOT_FALSE_CLEAN,True,31,31,-1,-1
validation,validation_dirty_084,contaminated,0.03,2-5%,edge_blob,0,connected_component,FLAG,pixel_flag,NOT_FALSE_CLEAN,True,31,31,-1,-1
validation,validation_dirty_084,contaminated,0.03,2-5%,edge_blob,0,max_local_density,FLAG,pixel_flag,NOT_FALSE_CLEAN,True,31,31,-1,-1
validation,validation_dirty_084,contaminated,0.03,2-5%,edge_blob,0,edge_aware,FLAG,pixel_flag,NOT_FALSE_CLEAN,True,31,31,-1,-1
validation,validation_dirty_084,contaminated,0.03,2-5%,edge_blob,0,aggressive,FLAG,pixel_flag,NOT_FALSE_CLEAN,True,31,31,-1,-1
validation,validation_dirty_084,contaminated,0.03,2-5%,edge_blob,0,balanced,FLAG,pixel_flag,NOT_FALSE_CLEAN,True,31,31,-1,-1
validation,validation_dirty_084,contaminated,0.03,2-5%,edge_blob,0,conservative,FLAG,pixel_flag,NOT_FALSE_CLEAN,True,31,31,-1,-1
validation,validation_dirty_085,contaminated,0.03,2-5%,edge_blob,1,global_baseline,FLAG,pixel_flag,NOT_FALSE_CLEAN,True,33,31,-1,-1
validation,validation_dirty_085,contaminated,0.03,2-5%,edge_blob,1,tile,FLAG,pixel_flag,NOT_FALSE_CLEAN,True,33,31,-1,-1
validation,validation_dirty_085,contaminated,0.03,2-5%,edge_blob,1,multiscale,FLAG,pixel_flag,NOT_FALSE_CLEAN,True,33,31,-1,-1
validation,validation_dirty_085,contaminated,0.03,2-5%,edge_blob,1,connected_component,FLAG,pixel_flag,NOT_FALSE_CLEAN,True,33,31,-1,-1
validation,validation_dirty_085,contaminated,0.03,2-5%,edge_blob,1,max_local_density,FLAG,pixel_flag,NOT_FALSE_CLEAN,True,33,31,-1,-1
validation,validation_dirty_085,contaminated,0.03,2-5%,edge_blob,1,edge_aware,FLAG,pixel_flag,NOT_FALSE_CLEAN,True,33,31,-1,-1
validation,validation_dirty_085,contaminated,0.03,2-5%,edge_blob,1,aggressive,FLAG,pixel_flag,NOT_FALSE_CLEAN,True,33,31,-1,-1
validation,validation_dirty_085,contaminated,0.03,2-5%,edge_blob,1,balanced,FLAG,pixel_flag,NOT_FALSE_CLEAN,True,33,31,-1,-1
validation,validation_dirty_085,contaminated,0.03,2-5%,edge_blob,1,conservative,FLAG,pixel_flag,NOT_FALSE_CLEAN,True,33,31,-1,-1
validation,validation_dirty_086,contaminated,0.03,2-5%,corner_blob,0,global_baseline,FLAG,pixel_flag,NOT_FALSE_CLEAN,True,31,31,-1,-1
validation,validation_dirty_086,contaminated,0.03,2-5%,corner_blob,0,tile,FLAG,pixel_flag,NOT_FALSE_CLEAN,True,31,31,-1,-1
validation,validation_dirty_086,contaminated,0.03,2-5%,corner_blob,0,multiscale,FLAG,pixel_flag,NOT_FALSE_CLEAN,True,31,31,-1,-1
validation,validation_dirty_086,contaminated,0.03,2-5%,corner_blob,0,connected_component,FLAG,pixel_flag,NOT_FALSE_CLEAN,True,31,31,-1,-1
validation,validation_dirty_086,contaminated,0.03,2-5%,corner_blob,0,max_local_density,FLAG,pixel_flag,NOT_FALSE_CLEAN,True,31,31,-1,-1
validation,validation_dirty_086,contaminated,0.03,2-5%,corner_blob,0,edge_aware,FLAG,pixel_flag,NOT_FALSE_CLEAN,True,31,31,-1,-1
validation,validation_dirty_086,contaminated,0.03,2-5%,corner_blob,0,aggressive,FLAG,pixel_flag,NOT_FALSE_CLEAN,True,31,31,-1,-1
validation,validation_dirty_086,contaminated,0.03,2-5%,corner_blob,0,balanced,FLAG,pixel_flag,NOT_FALSE_CLEAN,True,31,31,-1,-1
validation,validation_dirty_086,contaminated,0.03,2-5%,corner_blob,0,conservative,FLAG,pixel_flag,NOT_FALSE_CLEAN,True,31,31,-1,-1
validation,validation_dirty_087,contaminated,0.03,2-5%,corner_blob,1,global_baseline,FLAG,pixel_flag,NOT_FALSE_CLEAN,True,31,31,-1,-1
validation,validation_dirty_087,contaminated,0.03,2-5%,corner_blob,1,tile,FLAG,pixel_flag,NOT_FALSE_CLEAN,True,31,31,-1,-1
validation,validation_dirty_087,contaminated,0.03,2-5%,corner_blob,1,multiscale,FLAG,pixel_flag,NOT_FALSE_CLEAN,True,31,31,-1,-1
validation,validation_dirty_087,contaminated,0.03,2-5%,corner_blob,1,connected_component,FLAG,pixel_flag,NOT_FALSE_CLEAN,True,31,31,-1,-1
validation,validation_dirty_087,contaminated,0.03,2-5%,corner_blob,1,max_local_density,FLAG,pixel_flag,NOT_FALSE_CLEAN,True,31,31,-1,-1
validation,validation_dirty_087,contaminated,0.03,2-5%,corner_blob,1,edge_aware,FLAG,pixel_flag,NOT_FALSE_CLEAN,True,31,31,-1,-1
validation,validation_dirty_087,contaminated,0.03,2-5%,corner_blob,1,aggressive,FLAG,pixel_flag,NOT_FALSE_CLEAN,True,31,31,-1,-1
validation,validation_dirty_087,contaminated,0.03,2-5%,corner_blob,1,balanced,FLAG,pixel_flag,NOT_FALSE_CLEAN,True,31,31,-1,-1
validation,validation_dirty_087,contaminated,0.03,2-5%,corner_blob,1,conservative,FLAG,pixel_flag,NOT_FALSE_CLEAN,True,31,31,-1,-1
validation,validation_dirty_088,contaminated,0.03,2-5%,multiple_droplets,0,global_baseline,PASS,spatial_certificate,A_OBSERVABLE_SPATIALLY_DILUTED,True,32,31,16,6
validation,validation_dirty_088,contaminated,0.03,2-5%,multiple_droplets,0,tile,UNKNOWN,tile_density,A_OBSERVABLE_SPATIALLY_DILUTED,True,32,31,16,6
validation,validation_dirty_088,contaminated,0.03,2-5%,multiple_droplets,0,multiscale,UNKNOWN,window_4_density,A_OBSERVABLE_SPATIALLY_DILUTED,True,32,31,16,6
validation,validation_dirty_088,contaminated,0.03,2-5%,multiple_droplets,0,connected_component,UNKNOWN,component_area,A_OBSERVABLE_SPATIALLY_DILUTED,True,32,31,16,6
validation,validation_dirty_088,contaminated,0.03,2-5%,multiple_droplets,0,max_local_density,UNKNOWN,window_4_density,A_OBSERVABLE_SPATIALLY_DILUTED,True,32,31,16,6
validation,validation_dirty_088,contaminated,0.03,2-5%,multiple_droplets,0,edge_aware,PASS,spatial_certificate,A_OBSERVABLE_SPATIALLY_DILUTED,True,32,31,16,6
validation,validation_dirty_088,contaminated,0.03,2-5%,multiple_droplets,0,aggressive,UNKNOWN,tile_density,A_OBSERVABLE_SPATIALLY_DILUTED,True,32,31,16,6
validation,validation_dirty_088,contaminated,0.03,2-5%,multiple_droplets,0,balanced,UNKNOWN,window_8_density,A_OBSERVABLE_SPATIALLY_DILUTED,True,32,31,16,6
validation,validation_dirty_088,contaminated,0.03,2-5%,multiple_droplets,0,conservative,PASS,spatial_certificate,A_OBSERVABLE_SPATIALLY_DILUTED,True,32,31,16,6
validation,validation_dirty_089,contaminated,0.03,2-5%,multiple_droplets,1,global_baseline,PASS,spatial_certificate,A_OBSERVABLE_SPATIALLY_DILUTED,True,34,31,9,4
validation,validation_dirty_089,contaminated,0.03,2-5%,multiple_droplets,1,tile,UNKNOWN,tile_density,A_OBSERVABLE_SPATIALLY_DILUTED,True,34,31,9,4
validation,validation_dirty_089,contaminated,0.03,2-5%,multiple_droplets,1,multiscale,UNKNOWN,window_4_density,A_OBSERVABLE_SPATIALLY_DILUTED,True,34,31,9,4
validation,validation_dirty_089,contaminated,0.03,2-5%,multiple_droplets,1,connected_component,UNKNOWN,component_area,A_OBSERVABLE_SPATIALLY_DILUTED,True,34,31,9,4
validation,validation_dirty_089,contaminated,0.03,2-5%,multiple_droplets,1,max_local_density,UNKNOWN,window_4_density,A_OBSERVABLE_SPATIALLY_DILUTED,True,34,31,9,4
validation,validation_dirty_089,contaminated,0.03,2-5%,multiple_droplets,1,edge_aware,PASS,spatial_certificate,A_OBSERVABLE_SPATIALLY_DILUTED,True,34,31,9,4
validation,validation_dirty_089,contaminated,0.03,2-5%,multiple_droplets,1,aggressive,UNKNOWN,tile_density,A_OBSERVABLE_SPATIALLY_DILUTED,True,34,31,9,4
validation,validation_dirty_089,contaminated,0.03,2-5%,multiple_droplets,1,balanced,UNKNOWN,window_8_density,A_OBSERVABLE_SPATIALLY_DILUTED,True,34,31,9,4
validation,validation_dirty_089,contaminated,0.03,2-5%,multiple_droplets,1,conservative,PASS,spatial_certificate,A_OBSERVABLE_SPATIALLY_DILUTED,True,34,31,9,4
validation,validation_dirty_090,contaminated,0.03,2-5%,dispersed_sparse,0,global_baseline,FLAG,pixel_flag,NOT_FALSE_CLEAN,True,32,31,-1,-1
validation,validation_dirty_090,contaminated,0.03,2-5%,dispersed_sparse,0,tile,FLAG,pixel_flag,NOT_FALSE_CLEAN,True,32,31,-1,-1
validation,validation_dirty_090,contaminated,0.03,2-5%,dispersed_sparse,0,multiscale,FLAG,pixel_flag,NOT_FALSE_CLEAN,True,32,31,-1,-1
validation,validation_dirty_090,contaminated,0.03,2-5%,dispersed_sparse,0,connected_component,FLAG,pixel_flag,NOT_FALSE_CLEAN,True,32,31,-1,-1
validation,validation_dirty_090,contaminated,0.03,2-5%,dispersed_sparse,0,max_local_density,FLAG,pixel_flag,NOT_FALSE_CLEAN,True,32,31,-1,-1
validation,validation_dirty_090,contaminated,0.03,2-5%,dispersed_sparse,0,edge_aware,FLAG,pixel_flag,NOT_FALSE_CLEAN,True,32,31,-1,-1
validation,validation_dirty_090,contaminated,0.03,2-5%,dispersed_sparse,0,aggressive,FLAG,pixel_flag,NOT_FALSE_CLEAN,True,32,31,-1,-1
validation,validation_dirty_090,contaminated,0.03,2-5%,dispersed_sparse,0,balanced,FLAG,pixel_flag,NOT_FALSE_CLEAN,True,32,31,-1,-1
validation,validation_dirty_090,contaminated,0.03,2-5%,dispersed_sparse,0,conservative,FLAG,pixel_flag,NOT_FALSE_CLEAN,True,32,31,-1,-1
validation,validation_dirty_091,contaminated,0.03,2-5%,dispersed_sparse,1,global_baseline,FLAG,pixel_flag,NOT_FALSE_CLEAN,True,32,31,-1,-1
validation,validation_dirty_091,contaminated,0.03,2-5%,dispersed_sparse,1,tile,FLAG,pixel_flag,NOT_FALSE_CLEAN,True,32,31,-1,-1
validation,validation_dirty_091,contaminated,0.03,2-5%,dispersed_sparse,1,multiscale,FLAG,pixel_flag,NOT_FALSE_CLEAN,True,32,31,-1,-1
validation,validation_dirty_091,contaminated,0.03,2-5%,dispersed_sparse,1,connected_component,FLAG,pixel_flag,NOT_FALSE_CLEAN,True,32,31,-1,-1
validation,validation_dirty_091,contaminated,0.03,2-5%,dispersed_sparse,1,max_local_density,FLAG,pixel_flag,NOT_FALSE_CLEAN,True,32,31,-1,-1
validation,validation_dirty_091,contaminated,0.03,2-5%,dispersed_sparse,1,edge_aware,FLAG,pixel_flag,NOT_FALSE_CLEAN,True,32,31,-1,-1
validation,validation_dirty_091,contaminated,0.03,2-5%,dispersed_sparse,1,aggressive,FLAG,pixel_flag,NOT_FALSE_CLEAN,True,32,31,-1,-1
validation,validation_dirty_091,contaminated,0.03,2-5%,dispersed_sparse,1,balanced,FLAG,pixel_flag,NOT_FALSE_CLEAN,True,32,31,-1,-1
validation,validation_dirty_091,contaminated,0.03,2-5%,dispersed_sparse,1,conservative,FLAG,pixel_flag,NOT_FALSE_CLEAN,True,32,31,-1,-1
validation,validation_dirty_092,contaminated,0.03,2-5%,psf_blurred,0,global_baseline,FLAG,pixel_flag,NOT_FALSE_CLEAN,True,63,32,-1,-1
validation,validation_dirty_092,contaminated,0.03,2-5%,psf_blurred,0,tile,FLAG,pixel_flag,NOT_FALSE_CLEAN,True,63,32,-1,-1
validation,validation_dirty_092,contaminated,0.03,2-5%,psf_blurred,0,multiscale,FLAG,pixel_flag,NOT_FALSE_CLEAN,True,63,32,-1,-1
validation,validation_dirty_092,contaminated,0.03,2-5%,psf_blurred,0,connected_component,FLAG,pixel_flag,NOT_FALSE_CLEAN,True,63,32,-1,-1
validation,validation_dirty_092,contaminated,0.03,2-5%,psf_blurred,0,max_local_density,FLAG,pixel_flag,NOT_FALSE_CLEAN,True,63,32,-1,-1
validation,validation_dirty_092,contaminated,0.03,2-5%,psf_blurred,0,edge_aware,FLAG,pixel_flag,NOT_FALSE_CLEAN,True,63,32,-1,-1
validation,validation_dirty_092,contaminated,0.03,2-5%,psf_blurred,0,aggressive,FLAG,pixel_flag,NOT_FALSE_CLEAN,True,63,32,-1,-1
validation,validation_dirty_092,contaminated,0.03,2-5%,psf_blurred,0,balanced,FLAG,pixel_flag,NOT_FALSE_CLEAN,True,63,32,-1,-1
validation,validation_dirty_092,contaminated,0.03,2-5%,psf_blurred,0,conservative,FLAG,pixel_flag,NOT_FALSE_CLEAN,True,63,32,-1,-1
validation,validation_dirty_093,contaminated,0.03,2-5%,psf_blurred,1,global_baseline,UNKNOWN,global_pass_fraction,NOT_FALSE_CLEAN,True,59,28,58,9
validation,validation_dirty_093,contaminated,0.03,2-5%,psf_blurred,1,tile,UNKNOWN,global_pass_fraction,NOT_FALSE_CLEAN,True,59,28,58,9
validation,validation_dirty_093,contaminated,0.03,2-5%,psf_blurred,1,multiscale,UNKNOWN,global_pass_fraction,NOT_FALSE_CLEAN,True,59,28,58,9
validation,validation_dirty_093,contaminated,0.03,2-5%,psf_blurred,1,connected_component,UNKNOWN,global_pass_fraction,NOT_FALSE_CLEAN,True,59,28,58,9
validation,validation_dirty_093,contaminated,0.03,2-5%,psf_blurred,1,max_local_density,UNKNOWN,global_pass_fraction,NOT_FALSE_CLEAN,True,59,28,58,9
validation,validation_dirty_093,contaminated,0.03,2-5%,psf_blurred,1,edge_aware,UNKNOWN,global_pass_fraction,NOT_FALSE_CLEAN,True,59,28,58,9
validation,validation_dirty_093,contaminated,0.03,2-5%,psf_blurred,1,aggressive,UNKNOWN,global_pass_fraction,NOT_FALSE_CLEAN,True,59,28,58,9
validation,validation_dirty_093,contaminated,0.03,2-5%,psf_blurred,1,balanced,UNKNOWN,global_pass_fraction,NOT_FALSE_CLEAN,True,59,28,58,9
validation,validation_dirty_093,contaminated,0.03,2-5%,psf_blurred,1,conservative,UNKNOWN,global_pass_fraction,NOT_FALSE_CLEAN,True,59,28,58,9
validation,validation_dirty_094,contaminated,0.03,2-5%,registration_shifted,0,global_baseline,PASS,spatial_certificate,A_OBSERVABLE_SPATIALLY_DILUTED,True,32,31,31,6
validation,validation_dirty_094,contaminated,0.03,2-5%,registration_shifted,0,tile,UNKNOWN,tile_density,A_OBSERVABLE_SPATIALLY_DILUTED,True,32,31,31,6
validation,validation_dirty_094,contaminated,0.03,2-5%,registration_shifted,0,multiscale,UNKNOWN,window_4_density,A_OBSERVABLE_SPATIALLY_DILUTED,True,32,31,31,6
validation,validation_dirty_094,contaminated,0.03,2-5%,registration_shifted,0,connected_component,UNKNOWN,component_area,A_OBSERVABLE_SPATIALLY_DILUTED,True,32,31,31,6
validation,validation_dirty_094,contaminated,0.03,2-5%,registration_shifted,0,max_local_density,UNKNOWN,window_4_density,A_OBSERVABLE_SPATIALLY_DILUTED,True,32,31,31,6
validation,validation_dirty_094,contaminated,0.03,2-5%,registration_shifted,0,edge_aware,PASS,spatial_certificate,A_OBSERVABLE_SPATIALLY_DILUTED,True,32,31,31,6
validation,validation_dirty_094,contaminated,0.03,2-5%,registration_shifted,0,aggressive,UNKNOWN,tile_density,A_OBSERVABLE_SPATIALLY_DILUTED,True,32,31,31,6
validation,validation_dirty_094,contaminated,0.03,2-5%,registration_shifted,0,balanced,UNKNOWN,tile_density,A_OBSERVABLE_SPATIALLY_DILUTED,True,32,31,31,6
validation,validation_dirty_094,contaminated,0.03,2-5%,registration_shifted,0,conservative,UNKNOWN,tile_density,A_OBSERVABLE_SPATIALLY_DILUTED,True,32,31,31,6
validation,validation_dirty_095,contaminated,0.03,2-5%,registration_shifted,1,global_baseline,PASS,spatial_certificate,A_OBSERVABLE_SPATIALLY_DILUTED,True,33,32,32,6
validation,validation_dirty_095,contaminated,0.03,2-5%,registration_shifted,1,tile,UNKNOWN,tile_density,A_OBSERVABLE_SPATIALLY_DILUTED,True,33,32,32,6
validation,validation_dirty_095,contaminated,0.03,2-5%,registration_shifted,1,multiscale,UNKNOWN,window_4_density,A_OBSERVABLE_SPATIALLY_DILUTED,True,33,32,32,6
validation,validation_dirty_095,contaminated,0.03,2-5%,registration_shifted,1,connected_component,UNKNOWN,component_area,A_OBSERVABLE_SPATIALLY_DILUTED,True,33,32,32,6
validation,validation_dirty_095,contaminated,0.03,2-5%,registration_shifted,1,max_local_density,UNKNOWN,window_4_density,A_OBSERVABLE_SPATIALLY_DILUTED,True,33,32,32,6
validation,validation_dirty_095,contaminated,0.03,2-5%,registration_shifted,1,edge_aware,PASS,spatial_certificate,A_OBSERVABLE_SPATIALLY_DILUTED,True,33,32,32,6
validation,validation_dirty_095,contaminated,0.03,2-5%,registration_shifted,1,aggressive,UNKNOWN,tile_density,A_OBSERVABLE_SPATIALLY_DILUTED,True,33,32,32,6
validation,validation_dirty_095,contaminated,0.03,2-5%,registration_shifted,1,balanced,UNKNOWN,tile_density,A_OBSERVABLE_SPATIALLY_DILUTED,True,33,32,32,6
validation,validation_dirty_095,contaminated,0.03,2-5%,registration_shifted,1,conservative,UNKNOWN,tile_density,A_OBSERVABLE_SPATIALLY_DILUTED,True,33,32,32,6
validation,validation_dirty_096,contaminated,0.04,2-5%,compact_blob,0,global_baseline,PASS,spatial_certificate,A_OBSERVABLE_SPATIALLY_DILUTED,True,42,41,41,7
validation,validation_dirty_096,contaminated,0.04,2-5%,compact_blob,0,tile,UNKNOWN,tile_density,A_OBSERVABLE_SPATIALLY_DILUTED,True,42,41,41,7
validation,validation_dirty_096,contaminated,0.04,2-5%,compact_blob,0,multiscale,UNKNOWN,window_4_density,A_OBSERVABLE_SPATIALLY_DILUTED,True,42,41,41,7
validation,validation_dirty_096,contaminated,0.04,2-5%,compact_blob,0,connected_component,UNKNOWN,component_area,A_OBSERVABLE_SPATIALLY_DILUTED,True,42,41,41,7
validation,validation_dirty_096,contaminated,0.04,2-5%,compact_blob,0,max_local_density,UNKNOWN,window_4_density,A_OBSERVABLE_SPATIALLY_DILUTED,True,42,41,41,7
validation,validation_dirty_096,contaminated,0.04,2-5%,compact_blob,0,edge_aware,PASS,spatial_certificate,A_OBSERVABLE_SPATIALLY_DILUTED,True,42,41,41,7
validation,validation_dirty_096,contaminated,0.04,2-5%,compact_blob,0,aggressive,UNKNOWN,tile_density,A_OBSERVABLE_SPATIALLY_DILUTED,True,42,41,41,7
validation,validation_dirty_096,contaminated,0.04,2-5%,compact_blob,0,balanced,UNKNOWN,tile_density,A_OBSERVABLE_SPATIALLY_DILUTED,True,42,41,41,7
validation,validation_dirty_096,contaminated,0.04,2-5%,compact_blob,0,conservative,UNKNOWN,tile_density,A_OBSERVABLE_SPATIALLY_DILUTED,True,42,41,41,7
validation,validation_dirty_097,contaminated,0.04,2-5%,compact_blob,1,global_baseline,PASS,spatial_certificate,A_OBSERVABLE_SPATIALLY_DILUTED,True,43,41,41,8
validation,validation_dirty_097,contaminated,0.04,2-5%,compact_blob,1,tile,UNKNOWN,tile_density,A_OBSERVABLE_SPATIALLY_DILUTED,True,43,41,41,8
validation,validation_dirty_097,contaminated,0.04,2-5%,compact_blob,1,multiscale,UNKNOWN,window_4_density,A_OBSERVABLE_SPATIALLY_DILUTED,True,43,41,41,8
validation,validation_dirty_097,contaminated,0.04,2-5%,compact_blob,1,connected_component,UNKNOWN,component_area,A_OBSERVABLE_SPATIALLY_DILUTED,True,43,41,41,8
validation,validation_dirty_097,contaminated,0.04,2-5%,compact_blob,1,max_local_density,UNKNOWN,window_4_density,A_OBSERVABLE_SPATIALLY_DILUTED,True,43,41,41,8
validation,validation_dirty_097,contaminated,0.04,2-5%,compact_blob,1,edge_aware,PASS,spatial_certificate,A_OBSERVABLE_SPATIALLY_DILUTED,True,43,41,41,8
validation,validation_dirty_097,contaminated,0.04,2-5%,compact_blob,1,aggressive,UNKNOWN,tile_density,A_OBSERVABLE_SPATIALLY_DILUTED,True,43,41,41,8
validation,validation_dirty_097,contaminated,0.04,2-5%,compact_blob,1,balanced,UNKNOWN,tile_density,A_OBSERVABLE_SPATIALLY_DILUTED,True,43,41,41,8
validation,validation_dirty_097,contaminated,0.04,2-5%,compact_blob,1,conservative,UNKNOWN,tile_density,A_OBSERVABLE_SPATIALLY_DILUTED,True,43,41,41,8
validation,validation_dirty_098,contaminated,0.04,2-5%,elongated_streak,0,global_baseline,PASS,spatial_certificate,A_OBSERVABLE_SPATIALLY_DILUTED,True,41,41,40,30
validation,validation_dirty_098,contaminated,0.04,2-5%,elongated_streak,0,tile,UNKNOWN,tile_density,A_OBSERVABLE_SPATIALLY_DILUTED,True,41,41,40,30
validation,validation_dirty_098,contaminated,0.04,2-5%,elongated_streak,0,multiscale,UNKNOWN,window_4_density,A_OBSERVABLE_SPATIALLY_DILUTED,True,41,41,40,30
validation,validation_dirty_098,contaminated,0.04,2-5%,elongated_streak,0,connected_component,UNKNOWN,component_area,A_OBSERVABLE_SPATIALLY_DILUTED,True,41,41,40,30
validation,validation_dirty_098,contaminated,0.04,2-5%,elongated_streak,0,max_local_density,UNKNOWN,window_4_density,A_OBSERVABLE_SPATIALLY_DILUTED,True,41,41,40,30
validation,validation_dirty_098,contaminated,0.04,2-5%,elongated_streak,0,edge_aware,PASS,spatial_certificate,A_OBSERVABLE_SPATIALLY_DILUTED,True,41,41,40,30
validation,validation_dirty_098,contaminated,0.04,2-5%,elongated_streak,0,aggressive,UNKNOWN,tile_density,A_OBSERVABLE_SPATIALLY_DILUTED,True,41,41,40,30
validation,validation_dirty_098,contaminated,0.04,2-5%,elongated_streak,0,balanced,UNKNOWN,window_16_density,A_OBSERVABLE_SPATIALLY_DILUTED,True,41,41,40,30
validation,validation_dirty_098,contaminated,0.04,2-5%,elongated_streak,0,conservative,UNKNOWN,component_area,A_OBSERVABLE_SPATIALLY_DILUTED,True,41,41,40,30
validation,validation_dirty_099,contaminated,0.04,2-5%,elongated_streak,1,global_baseline,FLAG,pixel_flag,NOT_FALSE_CLEAN,True,45,41,-1,-1
validation,validation_dirty_099,contaminated,0.04,2-5%,elongated_streak,1,tile,FLAG,pixel_flag,NOT_FALSE_CLEAN,True,45,41,-1,-1
validation,validation_dirty_099,contaminated,0.04,2-5%,elongated_streak,1,multiscale,FLAG,pixel_flag,NOT_FALSE_CLEAN,True,45,41,-1,-1
validation,validation_dirty_099,contaminated,0.04,2-5%,elongated_streak,1,connected_component,FLAG,pixel_flag,NOT_FALSE_CLEAN,True,45,41,-1,-1
validation,validation_dirty_099,contaminated,0.04,2-5%,elongated_streak,1,max_local_density,FLAG,pixel_flag,NOT_FALSE_CLEAN,True,45,41,-1,-1
validation,validation_dirty_099,contaminated,0.04,2-5%,elongated_streak,1,edge_aware,FLAG,pixel_flag,NOT_FALSE_CLEAN,True,45,41,-1,-1
validation,validation_dirty_099,contaminated,0.04,2-5%,elongated_streak,1,aggressive,FLAG,pixel_flag,NOT_FALSE_CLEAN,True,45,41,-1,-1
validation,validation_dirty_099,contaminated,0.04,2-5%,elongated_streak,1,balanced,FLAG,pixel_flag,NOT_FALSE_CLEAN,True,45,41,-1,-1
validation,validation_dirty_099,contaminated,0.04,2-5%,elongated_streak,1,conservative,FLAG,pixel_flag,NOT_FALSE_CLEAN,True,45,41,-1,-1
validation,validation_dirty_100,contaminated,0.04,2-5%,edge_blob,0,global_baseline,PASS,spatial_certificate,A_OBSERVABLE_SPATIALLY_DILUTED,True,41,41,41,10
validation,validation_dirty_100,contaminated,0.04,2-5%,edge_blob,0,tile,UNKNOWN,tile_density,A_OBSERVABLE_SPATIALLY_DILUTED,True,41,41,41,10
validation,validation_dirty_100,contaminated,0.04,2-5%,edge_blob,0,multiscale,UNKNOWN,window_4_density,A_OBSERVABLE_SPATIALLY_DILUTED,True,41,41,41,10
validation,validation_dirty_100,contaminated,0.04,2-5%,edge_blob,0,connected_component,UNKNOWN,component_area,A_OBSERVABLE_SPATIALLY_DILUTED,True,41,41,41,10
validation,validation_dirty_100,contaminated,0.04,2-5%,edge_blob,0,max_local_density,UNKNOWN,window_4_density,A_OBSERVABLE_SPATIALLY_DILUTED,True,41,41,41,10
validation,validation_dirty_100,contaminated,0.04,2-5%,edge_blob,0,edge_aware,UNKNOWN,edge_density,A_OBSERVABLE_SPATIALLY_DILUTED,True,41,41,41,10
validation,validation_dirty_100,contaminated,0.04,2-5%,edge_blob,0,aggressive,UNKNOWN,tile_density,A_OBSERVABLE_SPATIALLY_DILUTED,True,41,41,41,10
validation,validation_dirty_100,contaminated,0.04,2-5%,edge_blob,0,balanced,UNKNOWN,tile_density,A_OBSERVABLE_SPATIALLY_DILUTED,True,41,41,41,10
validation,validation_dirty_100,contaminated,0.04,2-5%,edge_blob,0,conservative,UNKNOWN,window_4_density,A_OBSERVABLE_SPATIALLY_DILUTED,True,41,41,41,10
validation,validation_dirty_101,contaminated,0.04,2-5%,edge_blob,1,global_baseline,PASS,spatial_certificate,A_OBSERVABLE_SPATIALLY_DILUTED,True,43,41,41,10
validation,validation_dirty_101,contaminated,0.04,2-5%,edge_blob,1,tile,UNKNOWN,tile_density,A_OBSERVABLE_SPATIALLY_DILUTED,True,43,41,41,10
validation,validation_dirty_101,contaminated,0.04,2-5%,edge_blob,1,multiscale,UNKNOWN,window_4_density,A_OBSERVABLE_SPATIALLY_DILUTED,True,43,41,41,10
validation,validation_dirty_101,contaminated,0.04,2-5%,edge_blob,1,connected_component,UNKNOWN,component_area,A_OBSERVABLE_SPATIALLY_DILUTED,True,43,41,41,10
validation,validation_dirty_101,contaminated,0.04,2-5%,edge_blob,1,max_local_density,UNKNOWN,window_4_density,A_OBSERVABLE_SPATIALLY_DILUTED,True,43,41,41,10
validation,validation_dirty_101,contaminated,0.04,2-5%,edge_blob,1,edge_aware,UNKNOWN,edge_density,A_OBSERVABLE_SPATIALLY_DILUTED,True,43,41,41,10
validation,validation_dirty_101,contaminated,0.04,2-5%,edge_blob,1,aggressive,UNKNOWN,tile_density,A_OBSERVABLE_SPATIALLY_DILUTED,True,43,41,41,10
validation,validation_dirty_101,contaminated,0.04,2-5%,edge_blob,1,balanced,UNKNOWN,tile_density,A_OBSERVABLE_SPATIALLY_DILUTED,True,43,41,41,10
validation,validation_dirty_101,contaminated,0.04,2-5%,edge_blob,1,conservative,UNKNOWN,tile_density,A_OBSERVABLE_SPATIALLY_DILUTED,True,43,41,41,10
validation,validation_dirty_102,contaminated,0.04,2-5%,corner_blob,0,global_baseline,FLAG,pixel_flag,NOT_FALSE_CLEAN,True,41,41,-1,-1
validation,validation_dirty_102,contaminated,0.04,2-5%,corner_blob,0,tile,FLAG,pixel_flag,NOT_FALSE_CLEAN,True,41,41,-1,-1
validation,validation_dirty_102,contaminated,0.04,2-5%,corner_blob,0,multiscale,FLAG,pixel_flag,NOT_FALSE_CLEAN,True,41,41,-1,-1
validation,validation_dirty_102,contaminated,0.04,2-5%,corner_blob,0,connected_component,FLAG,pixel_flag,NOT_FALSE_CLEAN,True,41,41,-1,-1
validation,validation_dirty_102,contaminated,0.04,2-5%,corner_blob,0,max_local_density,FLAG,pixel_flag,NOT_FALSE_CLEAN,True,41,41,-1,-1
validation,validation_dirty_102,contaminated,0.04,2-5%,corner_blob,0,edge_aware,FLAG,pixel_flag,NOT_FALSE_CLEAN,True,41,41,-1,-1
validation,validation_dirty_102,contaminated,0.04,2-5%,corner_blob,0,aggressive,FLAG,pixel_flag,NOT_FALSE_CLEAN,True,41,41,-1,-1
validation,validation_dirty_102,contaminated,0.04,2-5%,corner_blob,0,balanced,FLAG,pixel_flag,NOT_FALSE_CLEAN,True,41,41,-1,-1
validation,validation_dirty_102,contaminated,0.04,2-5%,corner_blob,0,conservative,FLAG,pixel_flag,NOT_FALSE_CLEAN,True,41,41,-1,-1
validation,validation_dirty_103,contaminated,0.04,2-5%,corner_blob,1,global_baseline,PASS,spatial_certificate,A_OBSERVABLE_SPATIALLY_DILUTED,True,42,41,41,7
validation,validation_dirty_103,contaminated,0.04,2-5%,corner_blob,1,tile,UNKNOWN,tile_density,A_OBSERVABLE_SPATIALLY_DILUTED,True,42,41,41,7
validation,validation_dirty_103,contaminated,0.04,2-5%,corner_blob,1,multiscale,UNKNOWN,window_4_density,A_OBSERVABLE_SPATIALLY_DILUTED,True,42,41,41,7
validation,validation_dirty_103,contaminated,0.04,2-5%,corner_blob,1,connected_component,UNKNOWN,component_area,A_OBSERVABLE_SPATIALLY_DILUTED,True,42,41,41,7
validation,validation_dirty_103,contaminated,0.04,2-5%,corner_blob,1,max_local_density,UNKNOWN,window_4_density,A_OBSERVABLE_SPATIALLY_DILUTED,True,42,41,41,7
validation,validation_dirty_103,contaminated,0.04,2-5%,corner_blob,1,edge_aware,UNKNOWN,edge_density,A_OBSERVABLE_SPATIALLY_DILUTED,True,42,41,41,7
validation,validation_dirty_103,contaminated,0.04,2-5%,corner_blob,1,aggressive,UNKNOWN,tile_density,A_OBSERVABLE_SPATIALLY_DILUTED,True,42,41,41,7
validation,validation_dirty_103,contaminated,0.04,2-5%,corner_blob,1,balanced,UNKNOWN,tile_density,A_OBSERVABLE_SPATIALLY_DILUTED,True,42,41,41,7
validation,validation_dirty_103,contaminated,0.04,2-5%,corner_blob,1,conservative,UNKNOWN,tile_density,A_OBSERVABLE_SPATIALLY_DILUTED,True,42,41,41,7
validation,validation_dirty_104,contaminated,0.04,2-5%,multiple_droplets,0,global_baseline,PASS,spatial_certificate,A_OBSERVABLE_SPATIALLY_DILUTED,True,41,41,12,4
validation,validation_dirty_104,contaminated,0.04,2-5%,multiple_droplets,0,tile,UNKNOWN,tile_density,A_OBSERVABLE_SPATIALLY_DILUTED,True,41,41,12,4
validation,validation_dirty_104,contaminated,0.04,2-5%,multiple_droplets,0,multiscale,UNKNOWN,window_4_density,A_OBSERVABLE_SPATIALLY_DILUTED,True,41,41,12,4
validation,validation_dirty_104,contaminated,0.04,2-5%,multiple_droplets,0,connected_component,UNKNOWN,component_area,A_OBSERVABLE_SPATIALLY_DILUTED,True,41,41,12,4
validation,validation_dirty_104,contaminated,0.04,2-5%,multiple_droplets,0,max_local_density,UNKNOWN,window_4_density,A_OBSERVABLE_SPATIALLY_DILUTED,True,41,41,12,4
validation,validation_dirty_104,contaminated,0.04,2-5%,multiple_droplets,0,edge_aware,PASS,spatial_certificate,A_OBSERVABLE_SPATIALLY_DILUTED,True,41,41,12,4
validation,validation_dirty_104,contaminated,0.04,2-5%,multiple_droplets,0,aggressive,UNKNOWN,tile_density,A_OBSERVABLE_SPATIALLY_DILUTED,True,41,41,12,4
validation,validation_dirty_104,contaminated,0.04,2-5%,multiple_droplets,0,balanced,UNKNOWN,tile_density,A_OBSERVABLE_SPATIALLY_DILUTED,True,41,41,12,4
validation,validation_dirty_104,contaminated,0.04,2-5%,multiple_droplets,0,conservative,UNKNOWN,window_16_density,A_OBSERVABLE_SPATIALLY_DILUTED,True,41,41,12,4
validation,validation_dirty_105,contaminated,0.04,2-5%,multiple_droplets,1,global_baseline,PASS,spatial_certificate,A_OBSERVABLE_SPATIALLY_DILUTED,True,44,41,22,8
validation,validation_dirty_105,contaminated,0.04,2-5%,multiple_droplets,1,tile,UNKNOWN,tile_density,A_OBSERVABLE_SPATIALLY_DILUTED,True,44,41,22,8
validation,validation_dirty_105,contaminated,0.04,2-5%,multiple_droplets,1,multiscale,UNKNOWN,window_4_density,A_OBSERVABLE_SPATIALLY_DILUTED,True,44,41,22,8
validation,validation_dirty_105,contaminated,0.04,2-5%,multiple_droplets,1,connected_component,UNKNOWN,component_area,A_OBSERVABLE_SPATIALLY_DILUTED,True,44,41,22,8
validation,validation_dirty_105,contaminated,0.04,2-5%,multiple_droplets,1,max_local_density,UNKNOWN,window_4_density,A_OBSERVABLE_SPATIALLY_DILUTED,True,44,41,22,8
validation,validation_dirty_105,contaminated,0.04,2-5%,multiple_droplets,1,edge_aware,PASS,spatial_certificate,A_OBSERVABLE_SPATIALLY_DILUTED,True,44,41,22,8
validation,validation_dirty_105,contaminated,0.04,2-5%,multiple_droplets,1,aggressive,UNKNOWN,tile_density,A_OBSERVABLE_SPATIALLY_DILUTED,True,44,41,22,8
validation,validation_dirty_105,contaminated,0.04,2-5%,multiple_droplets,1,balanced,UNKNOWN,window_4_density,A_OBSERVABLE_SPATIALLY_DILUTED,True,44,41,22,8
validation,validation_dirty_105,contaminated,0.04,2-5%,multiple_droplets,1,conservative,UNKNOWN,window_16_density,A_OBSERVABLE_SPATIALLY_DILUTED,True,44,41,22,8
validation,validation_dirty_106,contaminated,0.04,2-5%,dispersed_sparse,0,global_baseline,FLAG,pixel_flag,NOT_FALSE_CLEAN,True,43,41,-1,-1
validation,validation_dirty_106,contaminated,0.04,2-5%,dispersed_sparse,0,tile,FLAG,pixel_flag,NOT_FALSE_CLEAN,True,43,41,-1,-1
validation,validation_dirty_106,contaminated,0.04,2-5%,dispersed_sparse,0,multiscale,FLAG,pixel_flag,NOT_FALSE_CLEAN,True,43,41,-1,-1
validation,validation_dirty_106,contaminated,0.04,2-5%,dispersed_sparse,0,connected_component,FLAG,pixel_flag,NOT_FALSE_CLEAN,True,43,41,-1,-1
validation,validation_dirty_106,contaminated,0.04,2-5%,dispersed_sparse,0,max_local_density,FLAG,pixel_flag,NOT_FALSE_CLEAN,True,43,41,-1,-1
validation,validation_dirty_106,contaminated,0.04,2-5%,dispersed_sparse,0,edge_aware,FLAG,pixel_flag,NOT_FALSE_CLEAN,True,43,41,-1,-1
validation,validation_dirty_106,contaminated,0.04,2-5%,dispersed_sparse,0,aggressive,FLAG,pixel_flag,NOT_FALSE_CLEAN,True,43,41,-1,-1
validation,validation_dirty_106,contaminated,0.04,2-5%,dispersed_sparse,0,balanced,FLAG,pixel_flag,NOT_FALSE_CLEAN,True,43,41,-1,-1
validation,validation_dirty_106,contaminated,0.04,2-5%,dispersed_sparse,0,conservative,FLAG,pixel_flag,NOT_FALSE_CLEAN,True,43,41,-1,-1
validation,validation_dirty_107,contaminated,0.04,2-5%,dispersed_sparse,1,global_baseline,FLAG,pixel_flag,NOT_FALSE_CLEAN,True,42,41,-1,-1
validation,validation_dirty_107,contaminated,0.04,2-5%,dispersed_sparse,1,tile,FLAG,pixel_flag,NOT_FALSE_CLEAN,True,42,41,-1,-1
validation,validation_dirty_107,contaminated,0.04,2-5%,dispersed_sparse,1,multiscale,FLAG,pixel_flag,NOT_FALSE_CLEAN,True,42,41,-1,-1
validation,validation_dirty_107,contaminated,0.04,2-5%,dispersed_sparse,1,connected_component,FLAG,pixel_flag,NOT_FALSE_CLEAN,True,42,41,-1,-1
validation,validation_dirty_107,contaminated,0.04,2-5%,dispersed_sparse,1,max_local_density,FLAG,pixel_flag,NOT_FALSE_CLEAN,True,42,41,-1,-1
validation,validation_dirty_107,contaminated,0.04,2-5%,dispersed_sparse,1,edge_aware,FLAG,pixel_flag,NOT_FALSE_CLEAN,True,42,41,-1,-1
validation,validation_dirty_107,contaminated,0.04,2-5%,dispersed_sparse,1,aggressive,FLAG,pixel_flag,NOT_FALSE_CLEAN,True,42,41,-1,-1
validation,validation_dirty_107,contaminated,0.04,2-5%,dispersed_sparse,1,balanced,FLAG,pixel_flag,NOT_FALSE_CLEAN,True,42,41,-1,-1
validation,validation_dirty_107,contaminated,0.04,2-5%,dispersed_sparse,1,conservative,FLAG,pixel_flag,NOT_FALSE_CLEAN,True,42,41,-1,-1
validation,validation_dirty_108,contaminated,0.04,2-5%,psf_blurred,0,global_baseline,UNKNOWN,global_pass_fraction,NOT_FALSE_CLEAN,True,68,39,65,9
validation,validation_dirty_108,contaminated,0.04,2-5%,psf_blurred,0,tile,UNKNOWN,global_pass_fraction,NOT_FALSE_CLEAN,True,68,39,65,9
validation,validation_dirty_108,contaminated,0.04,2-5%,psf_blurred,0,multiscale,UNKNOWN,global_pass_fraction,NOT_FALSE_CLEAN,True,68,39,65,9
validation,validation_dirty_108,contaminated,0.04,2-5%,psf_blurred,0,connected_component,UNKNOWN,global_pass_fraction,NOT_FALSE_CLEAN,True,68,39,65,9
validation,validation_dirty_108,contaminated,0.04,2-5%,psf_blurred,0,max_local_density,UNKNOWN,global_pass_fraction,NOT_FALSE_CLEAN,True,68,39,65,9
validation,validation_dirty_108,contaminated,0.04,2-5%,psf_blurred,0,edge_aware,UNKNOWN,global_pass_fraction,NOT_FALSE_CLEAN,True,68,39,65,9
validation,validation_dirty_108,contaminated,0.04,2-5%,psf_blurred,0,aggressive,UNKNOWN,global_pass_fraction,NOT_FALSE_CLEAN,True,68,39,65,9
validation,validation_dirty_108,contaminated,0.04,2-5%,psf_blurred,0,balanced,UNKNOWN,global_pass_fraction,NOT_FALSE_CLEAN,True,68,39,65,9
validation,validation_dirty_108,contaminated,0.04,2-5%,psf_blurred,0,conservative,UNKNOWN,global_pass_fraction,NOT_FALSE_CLEAN,True,68,39,65,9
validation,validation_dirty_109,contaminated,0.04,2-5%,psf_blurred,1,global_baseline,UNKNOWN,global_pass_fraction,NOT_FALSE_CLEAN,True,55,44,55,9
validation,validation_dirty_109,contaminated,0.04,2-5%,psf_blurred,1,tile,UNKNOWN,global_pass_fraction,NOT_FALSE_CLEAN,True,55,44,55,9
validation,validation_dirty_109,contaminated,0.04,2-5%,psf_blurred,1,multiscale,UNKNOWN,global_pass_fraction,NOT_FALSE_CLEAN,True,55,44,55,9
validation,validation_dirty_109,contaminated,0.04,2-5%,psf_blurred,1,connected_component,UNKNOWN,global_pass_fraction,NOT_FALSE_CLEAN,True,55,44,55,9
validation,validation_dirty_109,contaminated,0.04,2-5%,psf_blurred,1,max_local_density,UNKNOWN,global_pass_fraction,NOT_FALSE_CLEAN,True,55,44,55,9
validation,validation_dirty_109,contaminated,0.04,2-5%,psf_blurred,1,edge_aware,UNKNOWN,global_pass_fraction,NOT_FALSE_CLEAN,True,55,44,55,9
validation,validation_dirty_109,contaminated,0.04,2-5%,psf_blurred,1,aggressive,UNKNOWN,global_pass_fraction,NOT_FALSE_CLEAN,True,55,44,55,9
validation,validation_dirty_109,contaminated,0.04,2-5%,psf_blurred,1,balanced,UNKNOWN,global_pass_fraction,NOT_FALSE_CLEAN,True,55,44,55,9
validation,validation_dirty_109,contaminated,0.04,2-5%,psf_blurred,1,conservative,UNKNOWN,global_pass_fraction,NOT_FALSE_CLEAN,True,55,44,55,9
validation,validation_dirty_110,contaminated,0.04,2-5%,registration_shifted,0,global_baseline,PASS,spatial_certificate,A_OBSERVABLE_SPATIALLY_DILUTED,True,42,41,41,8
validation,validation_dirty_110,contaminated,0.04,2-5%,registration_shifted,0,tile,UNKNOWN,tile_density,A_OBSERVABLE_SPATIALLY_DILUTED,True,42,41,41,8
validation,validation_dirty_110,contaminated,0.04,2-5%,registration_shifted,0,multiscale,UNKNOWN,window_4_density,A_OBSERVABLE_SPATIALLY_DILUTED,True,42,41,41,8
validation,validation_dirty_110,contaminated,0.04,2-5%,registration_shifted,0,connected_component,UNKNOWN,component_area,A_OBSERVABLE_SPATIALLY_DILUTED,True,42,41,41,8
validation,validation_dirty_110,contaminated,0.04,2-5%,registration_shifted,0,max_local_density,UNKNOWN,window_4_density,A_OBSERVABLE_SPATIALLY_DILUTED,True,42,41,41,8
validation,validation_dirty_110,contaminated,0.04,2-5%,registration_shifted,0,edge_aware,PASS,spatial_certificate,A_OBSERVABLE_SPATIALLY_DILUTED,True,42,41,41,8
validation,validation_dirty_110,contaminated,0.04,2-5%,registration_shifted,0,aggressive,UNKNOWN,tile_density,A_OBSERVABLE_SPATIALLY_DILUTED,True,42,41,41,8
validation,validation_dirty_110,contaminated,0.04,2-5%,registration_shifted,0,balanced,UNKNOWN,tile_density,A_OBSERVABLE_SPATIALLY_DILUTED,True,42,41,41,8
validation,validation_dirty_110,contaminated,0.04,2-5%,registration_shifted,0,conservative,UNKNOWN,tile_density,A_OBSERVABLE_SPATIALLY_DILUTED,True,42,41,41,8
validation,validation_dirty_111,contaminated,0.04,2-5%,registration_shifted,1,global_baseline,PASS,spatial_certificate,A_OBSERVABLE_SPATIALLY_DILUTED,True,40,40,40,7
validation,validation_dirty_111,contaminated,0.04,2-5%,registration_shifted,1,tile,UNKNOWN,tile_density,A_OBSERVABLE_SPATIALLY_DILUTED,True,40,40,40,7
validation,validation_dirty_111,contaminated,0.04,2-5%,registration_shifted,1,multiscale,UNKNOWN,window_4_density,A_OBSERVABLE_SPATIALLY_DILUTED,True,40,40,40,7
validation,validation_dirty_111,contaminated,0.04,2-5%,registration_shifted,1,connected_component,UNKNOWN,component_area,A_OBSERVABLE_SPATIALLY_DILUTED,True,40,40,40,7
validation,validation_dirty_111,contaminated,0.04,2-5%,registration_shifted,1,max_local_density,UNKNOWN,window_4_density,A_OBSERVABLE_SPATIALLY_DILUTED,True,40,40,40,7
validation,validation_dirty_111,contaminated,0.04,2-5%,registration_shifted,1,edge_aware,PASS,spatial_certificate,A_OBSERVABLE_SPATIALLY_DILUTED,True,40,40,40,7
validation,validation_dirty_111,contaminated,0.04,2-5%,registration_shifted,1,aggressive,UNKNOWN,tile_density,A_OBSERVABLE_SPATIALLY_DILUTED,True,40,40,40,7
validation,validation_dirty_111,contaminated,0.04,2-5%,registration_shifted,1,balanced,UNKNOWN,tile_density,A_OBSERVABLE_SPATIALLY_DILUTED,True,40,40,40,7
validation,validation_dirty_111,contaminated,0.04,2-5%,registration_shifted,1,conservative,UNKNOWN,tile_density,A_OBSERVABLE_SPATIALLY_DILUTED,True,40,40,40,7
validation,validation_dirty_112,contaminated,0.05,2-5%,compact_blob,0,global_baseline,FLAG,pixel_flag,NOT_FALSE_CLEAN,True,49,49,-1,-1
validation,validation_dirty_112,contaminated,0.05,2-5%,compact_blob,0,tile,FLAG,pixel_flag,NOT_FALSE_CLEAN,True,49,49,-1,-1
validation,validation_dirty_112,contaminated,0.05,2-5%,compact_blob,0,multiscale,FLAG,pixel_flag,NOT_FALSE_CLEAN,True,49,49,-1,-1
validation,validation_dirty_112,contaminated,0.05,2-5%,compact_blob,0,connected_component,FLAG,pixel_flag,NOT_FALSE_CLEAN,True,49,49,-1,-1
validation,validation_dirty_112,contaminated,0.05,2-5%,compact_blob,0,max_local_density,FLAG,pixel_flag,NOT_FALSE_CLEAN,True,49,49,-1,-1
validation,validation_dirty_112,contaminated,0.05,2-5%,compact_blob,0,edge_aware,FLAG,pixel_flag,NOT_FALSE_CLEAN,True,49,49,-1,-1
validation,validation_dirty_112,contaminated,0.05,2-5%,compact_blob,0,aggressive,FLAG,pixel_flag,NOT_FALSE_CLEAN,True,49,49,-1,-1
validation,validation_dirty_112,contaminated,0.05,2-5%,compact_blob,0,balanced,FLAG,pixel_flag,NOT_FALSE_CLEAN,True,49,49,-1,-1
validation,validation_dirty_112,contaminated,0.05,2-5%,compact_blob,0,conservative,FLAG,pixel_flag,NOT_FALSE_CLEAN,True,49,49,-1,-1
validation,validation_dirty_113,contaminated,0.05,2-5%,compact_blob,1,global_baseline,FLAG,pixel_flag,NOT_FALSE_CLEAN,True,54,51,-1,-1
validation,validation_dirty_113,contaminated,0.05,2-5%,compact_blob,1,tile,FLAG,pixel_flag,NOT_FALSE_CLEAN,True,54,51,-1,-1
validation,validation_dirty_113,contaminated,0.05,2-5%,compact_blob,1,multiscale,FLAG,pixel_flag,NOT_FALSE_CLEAN,True,54,51,-1,-1
validation,validation_dirty_113,contaminated,0.05,2-5%,compact_blob,1,connected_component,FLAG,pixel_flag,NOT_FALSE_CLEAN,True,54,51,-1,-1
validation,validation_dirty_113,contaminated,0.05,2-5%,compact_blob,1,max_local_density,FLAG,pixel_flag,NOT_FALSE_CLEAN,True,54,51,-1,-1
validation,validation_dirty_113,contaminated,0.05,2-5%,compact_blob,1,edge_aware,FLAG,pixel_flag,NOT_FALSE_CLEAN,True,54,51,-1,-1
validation,validation_dirty_113,contaminated,0.05,2-5%,compact_blob,1,aggressive,FLAG,pixel_flag,NOT_FALSE_CLEAN,True,54,51,-1,-1
validation,validation_dirty_113,contaminated,0.05,2-5%,compact_blob,1,balanced,FLAG,pixel_flag,NOT_FALSE_CLEAN,True,54,51,-1,-1
validation,validation_dirty_113,contaminated,0.05,2-5%,compact_blob,1,conservative,FLAG,pixel_flag,NOT_FALSE_CLEAN,True,54,51,-1,-1
validation,validation_dirty_114,contaminated,0.05,2-5%,elongated_streak,0,global_baseline,FLAG,pixel_flag,NOT_FALSE_CLEAN,True,51,51,-1,-1
validation,validation_dirty_114,contaminated,0.05,2-5%,elongated_streak,0,tile,FLAG,pixel_flag,NOT_FALSE_CLEAN,True,51,51,-1,-1
validation,validation_dirty_114,contaminated,0.05,2-5%,elongated_streak,0,multiscale,FLAG,pixel_flag,NOT_FALSE_CLEAN,True,51,51,-1,-1
validation,validation_dirty_114,contaminated,0.05,2-5%,elongated_streak,0,connected_component,FLAG,pixel_flag,NOT_FALSE_CLEAN,True,51,51,-1,-1
validation,validation_dirty_114,contaminated,0.05,2-5%,elongated_streak,0,max_local_density,FLAG,pixel_flag,NOT_FALSE_CLEAN,True,51,51,-1,-1
validation,validation_dirty_114,contaminated,0.05,2-5%,elongated_streak,0,edge_aware,FLAG,pixel_flag,NOT_FALSE_CLEAN,True,51,51,-1,-1
validation,validation_dirty_114,contaminated,0.05,2-5%,elongated_streak,0,aggressive,FLAG,pixel_flag,NOT_FALSE_CLEAN,True,51,51,-1,-1
validation,validation_dirty_114,contaminated,0.05,2-5%,elongated_streak,0,balanced,FLAG,pixel_flag,NOT_FALSE_CLEAN,True,51,51,-1,-1
validation,validation_dirty_114,contaminated,0.05,2-5%,elongated_streak,0,conservative,FLAG,pixel_flag,NOT_FALSE_CLEAN,True,51,51,-1,-1
validation,validation_dirty_115,contaminated,0.05,2-5%,elongated_streak,1,global_baseline,UNKNOWN,global_pass_fraction,NOT_FALSE_CLEAN,True,52,51,51,32
validation,validation_dirty_115,contaminated,0.05,2-5%,elongated_streak,1,tile,UNKNOWN,global_pass_fraction,NOT_FALSE_CLEAN,True,52,51,51,32
validation,validation_dirty_115,contaminated,0.05,2-5%,elongated_streak,1,multiscale,UNKNOWN,global_pass_fraction,NOT_FALSE_CLEAN,True,52,51,51,32
validation,validation_dirty_115,contaminated,0.05,2-5%,elongated_streak,1,connected_component,UNKNOWN,global_pass_fraction,NOT_FALSE_CLEAN,True,52,51,51,32
validation,validation_dirty_115,contaminated,0.05,2-5%,elongated_streak,1,max_local_density,UNKNOWN,global_pass_fraction,NOT_FALSE_CLEAN,True,52,51,51,32
validation,validation_dirty_115,contaminated,0.05,2-5%,elongated_streak,1,edge_aware,UNKNOWN,global_pass_fraction,NOT_FALSE_CLEAN,True,52,51,51,32
validation,validation_dirty_115,contaminated,0.05,2-5%,elongated_streak,1,aggressive,UNKNOWN,global_pass_fraction,NOT_FALSE_CLEAN,True,52,51,51,32
validation,validation_dirty_115,contaminated,0.05,2-5%,elongated_streak,1,balanced,UNKNOWN,global_pass_fraction,NOT_FALSE_CLEAN,True,52,51,51,32
validation,validation_dirty_115,contaminated,0.05,2-5%,elongated_streak,1,conservative,UNKNOWN,global_pass_fraction,NOT_FALSE_CLEAN,True,52,51,51,32
validation,validation_dirty_116,contaminated,0.05,2-5%,edge_blob,0,global_baseline,UNKNOWN,global_pass_fraction,NOT_FALSE_CLEAN,True,54,51,51,10
validation,validation_dirty_116,contaminated,0.05,2-5%,edge_blob,0,tile,UNKNOWN,global_pass_fraction,NOT_FALSE_CLEAN,True,54,51,51,10
validation,validation_dirty_116,contaminated,0.05,2-5%,edge_blob,0,multiscale,UNKNOWN,global_pass_fraction,NOT_FALSE_CLEAN,True,54,51,51,10
validation,validation_dirty_116,contaminated,0.05,2-5%,edge_blob,0,connected_component,UNKNOWN,global_pass_fraction,NOT_FALSE_CLEAN,True,54,51,51,10
validation,validation_dirty_116,contaminated,0.05,2-5%,edge_blob,0,max_local_density,UNKNOWN,global_pass_fraction,NOT_FALSE_CLEAN,True,54,51,51,10
validation,validation_dirty_116,contaminated,0.05,2-5%,edge_blob,0,edge_aware,UNKNOWN,global_pass_fraction,NOT_FALSE_CLEAN,True,54,51,51,10
validation,validation_dirty_116,contaminated,0.05,2-5%,edge_blob,0,aggressive,UNKNOWN,global_pass_fraction,NOT_FALSE_CLEAN,True,54,51,51,10
validation,validation_dirty_116,contaminated,0.05,2-5%,edge_blob,0,balanced,UNKNOWN,global_pass_fraction,NOT_FALSE_CLEAN,True,54,51,51,10
validation,validation_dirty_116,contaminated,0.05,2-5%,edge_blob,0,conservative,UNKNOWN,global_pass_fraction,NOT_FALSE_CLEAN,True,54,51,51,10
validation,validation_dirty_117,contaminated,0.05,2-5%,edge_blob,1,global_baseline,FLAG,pixel_flag,NOT_FALSE_CLEAN,True,52,51,-1,-1
validation,validation_dirty_117,contaminated,0.05,2-5%,edge_blob,1,tile,FLAG,pixel_flag,NOT_FALSE_CLEAN,True,52,51,-1,-1
validation,validation_dirty_117,contaminated,0.05,2-5%,edge_blob,1,multiscale,FLAG,pixel_flag,NOT_FALSE_CLEAN,True,52,51,-1,-1
validation,validation_dirty_117,contaminated,0.05,2-5%,edge_blob,1,connected_component,FLAG,pixel_flag,NOT_FALSE_CLEAN,True,52,51,-1,-1
validation,validation_dirty_117,contaminated,0.05,2-5%,edge_blob,1,max_local_density,FLAG,pixel_flag,NOT_FALSE_CLEAN,True,52,51,-1,-1
validation,validation_dirty_117,contaminated,0.05,2-5%,edge_blob,1,edge_aware,FLAG,pixel_flag,NOT_FALSE_CLEAN,True,52,51,-1,-1
validation,validation_dirty_117,contaminated,0.05,2-5%,edge_blob,1,aggressive,FLAG,pixel_flag,NOT_FALSE_CLEAN,True,52,51,-1,-1
validation,validation_dirty_117,contaminated,0.05,2-5%,edge_blob,1,balanced,FLAG,pixel_flag,NOT_FALSE_CLEAN,True,52,51,-1,-1
validation,validation_dirty_117,contaminated,0.05,2-5%,edge_blob,1,conservative,FLAG,pixel_flag,NOT_FALSE_CLEAN,True,52,51,-1,-1
validation,validation_dirty_118,contaminated,0.05,2-5%,corner_blob,0,global_baseline,FLAG,pixel_flag,NOT_FALSE_CLEAN,True,51,51,-1,-1
validation,validation_dirty_118,contaminated,0.05,2-5%,corner_blob,0,tile,FLAG,pixel_flag,NOT_FALSE_CLEAN,True,51,51,-1,-1
validation,validation_dirty_118,contaminated,0.05,2-5%,corner_blob,0,multiscale,FLAG,pixel_flag,NOT_FALSE_CLEAN,True,51,51,-1,-1
validation,validation_dirty_118,contaminated,0.05,2-5%,corner_blob,0,connected_component,FLAG,pixel_flag,NOT_FALSE_CLEAN,True,51,51,-1,-1
validation,validation_dirty_118,contaminated,0.05,2-5%,corner_blob,0,max_local_density,FLAG,pixel_flag,NOT_FALSE_CLEAN,True,51,51,-1,-1
validation,validation_dirty_118,contaminated,0.05,2-5%,corner_blob,0,edge_aware,FLAG,pixel_flag,NOT_FALSE_CLEAN,True,51,51,-1,-1
validation,validation_dirty_118,contaminated,0.05,2-5%,corner_blob,0,aggressive,FLAG,pixel_flag,NOT_FALSE_CLEAN,True,51,51,-1,-1
validation,validation_dirty_118,contaminated,0.05,2-5%,corner_blob,0,balanced,FLAG,pixel_flag,NOT_FALSE_CLEAN,True,51,51,-1,-1
validation,validation_dirty_118,contaminated,0.05,2-5%,corner_blob,0,conservative,FLAG,pixel_flag,NOT_FALSE_CLEAN,True,51,51,-1,-1
validation,validation_dirty_119,contaminated,0.05,2-5%,corner_blob,1,global_baseline,UNKNOWN,global_pass_fraction,NOT_FALSE_CLEAN,True,52,51,51,8
validation,validation_dirty_119,contaminated,0.05,2-5%,corner_blob,1,tile,UNKNOWN,global_pass_fraction,NOT_FALSE_CLEAN,True,52,51,51,8
validation,validation_dirty_119,contaminated,0.05,2-5%,corner_blob,1,multiscale,UNKNOWN,global_pass_fraction,NOT_FALSE_CLEAN,True,52,51,51,8
validation,validation_dirty_119,contaminated,0.05,2-5%,corner_blob,1,connected_component,UNKNOWN,global_pass_fraction,NOT_FALSE_CLEAN,True,52,51,51,8
validation,validation_dirty_119,contaminated,0.05,2-5%,corner_blob,1,max_local_density,UNKNOWN,global_pass_fraction,NOT_FALSE_CLEAN,True,52,51,51,8
validation,validation_dirty_119,contaminated,0.05,2-5%,corner_blob,1,edge_aware,UNKNOWN,global_pass_fraction,NOT_FALSE_CLEAN,True,52,51,51,8
validation,validation_dirty_119,contaminated,0.05,2-5%,corner_blob,1,aggressive,UNKNOWN,global_pass_fraction,NOT_FALSE_CLEAN,True,52,51,51,8
validation,validation_dirty_119,contaminated,0.05,2-5%,corner_blob,1,balanced,UNKNOWN,global_pass_fraction,NOT_FALSE_CLEAN,True,52,51,51,8
validation,validation_dirty_119,contaminated,0.05,2-5%,corner_blob,1,conservative,UNKNOWN,global_pass_fraction,NOT_FALSE_CLEAN,True,52,51,51,8
validation,validation_dirty_120,contaminated,0.05,2-5%,multiple_droplets,0,global_baseline,PASS,spatial_certificate,A_OBSERVABLE_SPATIALLY_DILUTED,True,51,51,14,5
validation,validation_dirty_120,contaminated,0.05,2-5%,multiple_droplets,0,tile,UNKNOWN,tile_density,A_OBSERVABLE_SPATIALLY_DILUTED,True,51,51,14,5
validation,validation_dirty_120,contaminated,0.05,2-5%,multiple_droplets,0,multiscale,UNKNOWN,window_4_density,A_OBSERVABLE_SPATIALLY_DILUTED,True,51,51,14,5
validation,validation_dirty_120,contaminated,0.05,2-5%,multiple_droplets,0,connected_component,UNKNOWN,component_area,A_OBSERVABLE_SPATIALLY_DILUTED,True,51,51,14,5
validation,validation_dirty_120,contaminated,0.05,2-5%,multiple_droplets,0,max_local_density,UNKNOWN,window_4_density,A_OBSERVABLE_SPATIALLY_DILUTED,True,51,51,14,5
validation,validation_dirty_120,contaminated,0.05,2-5%,multiple_droplets,0,edge_aware,PASS,spatial_certificate,A_OBSERVABLE_SPATIALLY_DILUTED,True,51,51,14,5
validation,validation_dirty_120,contaminated,0.05,2-5%,multiple_droplets,0,aggressive,UNKNOWN,tile_density,A_OBSERVABLE_SPATIALLY_DILUTED,True,51,51,14,5
validation,validation_dirty_120,contaminated,0.05,2-5%,multiple_droplets,0,balanced,UNKNOWN,window_4_density,A_OBSERVABLE_SPATIALLY_DILUTED,True,51,51,14,5
validation,validation_dirty_120,contaminated,0.05,2-5%,multiple_droplets,0,conservative,UNKNOWN,window_16_density,A_OBSERVABLE_SPATIALLY_DILUTED,True,51,51,14,5
validation,validation_dirty_121,contaminated,0.05,2-5%,multiple_droplets,1,global_baseline,UNKNOWN,global_pass_fraction,NOT_FALSE_CLEAN,True,52,51,14,4
validation,validation_dirty_121,contaminated,0.05,2-5%,multiple_droplets,1,tile,UNKNOWN,global_pass_fraction,NOT_FALSE_CLEAN,True,52,51,14,4
validation,validation_dirty_121,contaminated,0.05,2-5%,multiple_droplets,1,multiscale,UNKNOWN,global_pass_fraction,NOT_FALSE_CLEAN,True,52,51,14,4
validation,validation_dirty_121,contaminated,0.05,2-5%,multiple_droplets,1,connected_component,UNKNOWN,global_pass_fraction,NOT_FALSE_CLEAN,True,52,51,14,4
validation,validation_dirty_121,contaminated,0.05,2-5%,multiple_droplets,1,max_local_density,UNKNOWN,global_pass_fraction,NOT_FALSE_CLEAN,True,52,51,14,4
validation,validation_dirty_121,contaminated,0.05,2-5%,multiple_droplets,1,edge_aware,UNKNOWN,global_pass_fraction,NOT_FALSE_CLEAN,True,52,51,14,4
validation,validation_dirty_121,contaminated,0.05,2-5%,multiple_droplets,1,aggressive,UNKNOWN,global_pass_fraction,NOT_FALSE_CLEAN,True,52,51,14,4
validation,validation_dirty_121,contaminated,0.05,2-5%,multiple_droplets,1,balanced,UNKNOWN,global_pass_fraction,NOT_FALSE_CLEAN,True,52,51,14,4
validation,validation_dirty_121,contaminated,0.05,2-5%,multiple_droplets,1,conservative,UNKNOWN,global_pass_fraction,NOT_FALSE_CLEAN,True,52,51,14,4
validation,validation_dirty_122,contaminated,0.05,2-5%,dispersed_sparse,0,global_baseline,PASS,spatial_certificate,A_OBSERVABLE_SPATIALLY_DILUTED,True,51,51,4,4
validation,validation_dirty_122,contaminated,0.05,2-5%,dispersed_sparse,0,tile,PASS,spatial_certificate,A_OBSERVABLE_SPATIALLY_DILUTED,True,51,51,4,4
validation,validation_dirty_122,contaminated,0.05,2-5%,dispersed_sparse,0,multiscale,UNKNOWN,window_8_density,A_OBSERVABLE_SPATIALLY_DILUTED,True,51,51,4,4
validation,validation_dirty_122,contaminated,0.05,2-5%,dispersed_sparse,0,connected_component,PASS,spatial_certificate,A_OBSERVABLE_SPATIALLY_DILUTED,True,51,51,4,4
validation,validation_dirty_122,contaminated,0.05,2-5%,dispersed_sparse,0,max_local_density,UNKNOWN,window_4_density,A_OBSERVABLE_SPATIALLY_DILUTED,True,51,51,4,4
validation,validation_dirty_122,contaminated,0.05,2-5%,dispersed_sparse,0,edge_aware,PASS,spatial_certificate,A_OBSERVABLE_SPATIALLY_DILUTED,True,51,51,4,4
validation,validation_dirty_122,contaminated,0.05,2-5%,dispersed_sparse,0,aggressive,UNKNOWN,tile_density,A_OBSERVABLE_SPATIALLY_DILUTED,True,51,51,4,4
validation,validation_dirty_122,contaminated,0.05,2-5%,dispersed_sparse,0,balanced,PASS,spatial_certificate,A_OBSERVABLE_SPATIALLY_DILUTED,True,51,51,4,4
validation,validation_dirty_122,contaminated,0.05,2-5%,dispersed_sparse,0,conservative,PASS,spatial_certificate,A_OBSERVABLE_SPATIALLY_DILUTED,True,51,51,4,4
validation,validation_dirty_123,contaminated,0.05,2-5%,dispersed_sparse,1,global_baseline,UNKNOWN,global_pass_fraction,NOT_FALSE_CLEAN,True,52,51,3,3
validation,validation_dirty_123,contaminated,0.05,2-5%,dispersed_sparse,1,tile,UNKNOWN,global_pass_fraction,NOT_FALSE_CLEAN,True,52,51,3,3
validation,validation_dirty_123,contaminated,0.05,2-5%,dispersed_sparse,1,multiscale,UNKNOWN,global_pass_fraction,NOT_FALSE_CLEAN,True,52,51,3,3
validation,validation_dirty_123,contaminated,0.05,2-5%,dispersed_sparse,1,connected_component,UNKNOWN,global_pass_fraction,NOT_FALSE_CLEAN,True,52,51,3,3
validation,validation_dirty_123,contaminated,0.05,2-5%,dispersed_sparse,1,max_local_density,UNKNOWN,global_pass_fraction,NOT_FALSE_CLEAN,True,52,51,3,3
validation,validation_dirty_123,contaminated,0.05,2-5%,dispersed_sparse,1,edge_aware,UNKNOWN,global_pass_fraction,NOT_FALSE_CLEAN,True,52,51,3,3
validation,validation_dirty_123,contaminated,0.05,2-5%,dispersed_sparse,1,aggressive,UNKNOWN,global_pass_fraction,NOT_FALSE_CLEAN,True,52,51,3,3
validation,validation_dirty_123,contaminated,0.05,2-5%,dispersed_sparse,1,balanced,UNKNOWN,global_pass_fraction,NOT_FALSE_CLEAN,True,52,51,3,3
validation,validation_dirty_123,contaminated,0.05,2-5%,dispersed_sparse,1,conservative,UNKNOWN,global_pass_fraction,NOT_FALSE_CLEAN,True,52,51,3,3
validation,validation_dirty_124,contaminated,0.05,2-5%,psf_blurred,0,global_baseline,FLAG,pixel_flag,NOT_FALSE_CLEAN,True,94,48,-1,-1
validation,validation_dirty_124,contaminated,0.05,2-5%,psf_blurred,0,tile,FLAG,pixel_flag,NOT_FALSE_CLEAN,True,94,48,-1,-1
validation,validation_dirty_124,contaminated,0.05,2-5%,psf_blurred,0,multiscale,FLAG,pixel_flag,NOT_FALSE_CLEAN,True,94,48,-1,-1
validation,validation_dirty_124,contaminated,0.05,2-5%,psf_blurred,0,connected_component,FLAG,pixel_flag,NOT_FALSE_CLEAN,True,94,48,-1,-1
validation,validation_dirty_124,contaminated,0.05,2-5%,psf_blurred,0,max_local_density,FLAG,pixel_flag,NOT_FALSE_CLEAN,True,94,48,-1,-1
validation,validation_dirty_124,contaminated,0.05,2-5%,psf_blurred,0,edge_aware,FLAG,pixel_flag,NOT_FALSE_CLEAN,True,94,48,-1,-1
validation,validation_dirty_124,contaminated,0.05,2-5%,psf_blurred,0,aggressive,FLAG,pixel_flag,NOT_FALSE_CLEAN,True,94,48,-1,-1
validation,validation_dirty_124,contaminated,0.05,2-5%,psf_blurred,0,balanced,FLAG,pixel_flag,NOT_FALSE_CLEAN,True,94,48,-1,-1
validation,validation_dirty_124,contaminated,0.05,2-5%,psf_blurred,0,conservative,FLAG,pixel_flag,NOT_FALSE_CLEAN,True,94,48,-1,-1
validation,validation_dirty_125,contaminated,0.05,2-5%,psf_blurred,1,global_baseline,UNKNOWN,global_pass_fraction,NOT_FALSE_CLEAN,True,66,51,65,9
validation,validation_dirty_125,contaminated,0.05,2-5%,psf_blurred,1,tile,UNKNOWN,global_pass_fraction,NOT_FALSE_CLEAN,True,66,51,65,9
validation,validation_dirty_125,contaminated,0.05,2-5%,psf_blurred,1,multiscale,UNKNOWN,global_pass_fraction,NOT_FALSE_CLEAN,True,66,51,65,9
validation,validation_dirty_125,contaminated,0.05,2-5%,psf_blurred,1,connected_component,UNKNOWN,global_pass_fraction,NOT_FALSE_CLEAN,True,66,51,65,9
validation,validation_dirty_125,contaminated,0.05,2-5%,psf_blurred,1,max_local_density,UNKNOWN,global_pass_fraction,NOT_FALSE_CLEAN,True,66,51,65,9
validation,validation_dirty_125,contaminated,0.05,2-5%,psf_blurred,1,edge_aware,UNKNOWN,global_pass_fraction,NOT_FALSE_CLEAN,True,66,51,65,9
validation,validation_dirty_125,contaminated,0.05,2-5%,psf_blurred,1,aggressive,UNKNOWN,global_pass_fraction,NOT_FALSE_CLEAN,True,66,51,65,9
validation,validation_dirty_125,contaminated,0.05,2-5%,psf_blurred,1,balanced,UNKNOWN,global_pass_fraction,NOT_FALSE_CLEAN,True,66,51,65,9
validation,validation_dirty_125,contaminated,0.05,2-5%,psf_blurred,1,conservative,UNKNOWN,global_pass_fraction,NOT_FALSE_CLEAN,True,66,51,65,9
validation,validation_dirty_126,contaminated,0.05,2-5%,registration_shifted,0,global_baseline,UNKNOWN,global_pass_fraction,NOT_FALSE_CLEAN,True,53,51,51,8
validation,validation_dirty_126,contaminated,0.05,2-5%,registration_shifted,0,tile,UNKNOWN,global_pass_fraction,NOT_FALSE_CLEAN,True,53,51,51,8
validation,validation_dirty_126,contaminated,0.05,2-5%,registration_shifted,0,multiscale,UNKNOWN,global_pass_fraction,NOT_FALSE_CLEAN,True,53,51,51,8
validation,validation_dirty_126,contaminated,0.05,2-5%,registration_shifted,0,connected_component,UNKNOWN,global_pass_fraction,NOT_FALSE_CLEAN,True,53,51,51,8
validation,validation_dirty_126,contaminated,0.05,2-5%,registration_shifted,0,max_local_density,UNKNOWN,global_pass_fraction,NOT_FALSE_CLEAN,True,53,51,51,8
validation,validation_dirty_126,contaminated,0.05,2-5%,registration_shifted,0,edge_aware,UNKNOWN,global_pass_fraction,NOT_FALSE_CLEAN,True,53,51,51,8
validation,validation_dirty_126,contaminated,0.05,2-5%,registration_shifted,0,aggressive,UNKNOWN,global_pass_fraction,NOT_FALSE_CLEAN,True,53,51,51,8
validation,validation_dirty_126,contaminated,0.05,2-5%,registration_shifted,0,balanced,UNKNOWN,global_pass_fraction,NOT_FALSE_CLEAN,True,53,51,51,8
validation,validation_dirty_126,contaminated,0.05,2-5%,registration_shifted,0,conservative,UNKNOWN,global_pass_fraction,NOT_FALSE_CLEAN,True,53,51,51,8
validation,validation_dirty_127,contaminated,0.05,2-5%,registration_shifted,1,global_baseline,UNKNOWN,global_pass_fraction,NOT_FALSE_CLEAN,True,53,51,51,8
validation,validation_dirty_127,contaminated,0.05,2-5%,registration_shifted,1,tile,UNKNOWN,global_pass_fraction,NOT_FALSE_CLEAN,True,53,51,51,8
validation,validation_dirty_127,contaminated,0.05,2-5%,registration_shifted,1,multiscale,UNKNOWN,global_pass_fraction,NOT_FALSE_CLEAN,True,53,51,51,8
validation,validation_dirty_127,contaminated,0.05,2-5%,registration_shifted,1,connected_component,UNKNOWN,global_pass_fraction,NOT_FALSE_CLEAN,True,53,51,51,8
validation,validation_dirty_127,contaminated,0.05,2-5%,registration_shifted,1,max_local_density,UNKNOWN,global_pass_fraction,NOT_FALSE_CLEAN,True,53,51,51,8
validation,validation_dirty_127,contaminated,0.05,2-5%,registration_shifted,1,edge_aware,UNKNOWN,global_pass_fraction,NOT_FALSE_CLEAN,True,53,51,51,8
validation,validation_dirty_127,contaminated,0.05,2-5%,registration_shifted,1,aggressive,UNKNOWN,global_pass_fraction,NOT_FALSE_CLEAN,True,53,51,51,8
validation,validation_dirty_127,contaminated,0.05,2-5%,registration_shifted,1,balanced,UNKNOWN,global_pass_fraction,NOT_FALSE_CLEAN,True,53,51,51,8
validation,validation_dirty_127,contaminated,0.05,2-5%,registration_shifted,1,conservative,UNKNOWN,global_pass_fraction,NOT_FALSE_CLEAN,True,53,51,51,8
validation,validation_dirty_128,contaminated,0.075,>5%,compact_blob,0,global_baseline,FLAG,pixel_flag,NOT_FALSE_CLEAN,True,80,79,-1,-1
validation,validation_dirty_128,contaminated,0.075,>5%,compact_blob,0,tile,FLAG,pixel_flag,NOT_FALSE_CLEAN,True,80,79,-1,-1
validation,validation_dirty_128,contaminated,0.075,>5%,compact_blob,0,multiscale,FLAG,pixel_flag,NOT_FALSE_CLEAN,True,80,79,-1,-1
validation,validation_dirty_128,contaminated,0.075,>5%,compact_blob,0,connected_component,FLAG,pixel_flag,NOT_FALSE_CLEAN,True,80,79,-1,-1
validation,validation_dirty_128,contaminated,0.075,>5%,compact_blob,0,max_local_density,FLAG,pixel_flag,NOT_FALSE_CLEAN,True,80,79,-1,-1
validation,validation_dirty_128,contaminated,0.075,>5%,compact_blob,0,edge_aware,FLAG,pixel_flag,NOT_FALSE_CLEAN,True,80,79,-1,-1
validation,validation_dirty_128,contaminated,0.075,>5%,compact_blob,0,aggressive,FLAG,pixel_flag,NOT_FALSE_CLEAN,True,80,79,-1,-1
validation,validation_dirty_128,contaminated,0.075,>5%,compact_blob,0,balanced,FLAG,pixel_flag,NOT_FALSE_CLEAN,True,80,79,-1,-1
validation,validation_dirty_128,contaminated,0.075,>5%,compact_blob,0,conservative,FLAG,pixel_flag,NOT_FALSE_CLEAN,True,80,79,-1,-1
validation,validation_dirty_129,contaminated,0.075,>5%,compact_blob,1,global_baseline,UNKNOWN,global_pass_fraction,NOT_FALSE_CLEAN,True,79,78,78,10
validation,validation_dirty_129,contaminated,0.075,>5%,compact_blob,1,tile,UNKNOWN,global_pass_fraction,NOT_FALSE_CLEAN,True,79,78,78,10
validation,validation_dirty_129,contaminated,0.075,>5%,compact_blob,1,multiscale,UNKNOWN,global_pass_fraction,NOT_FALSE_CLEAN,True,79,78,78,10
validation,validation_dirty_129,contaminated,0.075,>5%,compact_blob,1,connected_component,UNKNOWN,global_pass_fraction,NOT_FALSE_CLEAN,True,79,78,78,10
validation,validation_dirty_129,contaminated,0.075,>5%,compact_blob,1,max_local_density,UNKNOWN,global_pass_fraction,NOT_FALSE_CLEAN,True,79,78,78,10
validation,validation_dirty_129,contaminated,0.075,>5%,compact_blob,1,edge_aware,UNKNOWN,global_pass_fraction,NOT_FALSE_CLEAN,True,79,78,78,10
validation,validation_dirty_129,contaminated,0.075,>5%,compact_blob,1,aggressive,UNKNOWN,global_pass_fraction,NOT_FALSE_CLEAN,True,79,78,78,10
validation,validation_dirty_129,contaminated,0.075,>5%,compact_blob,1,balanced,UNKNOWN,global_pass_fraction,NOT_FALSE_CLEAN,True,79,78,78,10
validation,validation_dirty_129,contaminated,0.075,>5%,compact_blob,1,conservative,UNKNOWN,global_pass_fraction,NOT_FALSE_CLEAN,True,79,78,78,10
validation,validation_dirty_130,contaminated,0.075,>5%,elongated_streak,0,global_baseline,FLAG,pixel_flag,NOT_FALSE_CLEAN,True,77,77,-1,-1
validation,validation_dirty_130,contaminated,0.075,>5%,elongated_streak,0,tile,FLAG,pixel_flag,NOT_FALSE_CLEAN,True,77,77,-1,-1
validation,validation_dirty_130,contaminated,0.075,>5%,elongated_streak,0,multiscale,FLAG,pixel_flag,NOT_FALSE_CLEAN,True,77,77,-1,-1
validation,validation_dirty_130,contaminated,0.075,>5%,elongated_streak,0,connected_component,FLAG,pixel_flag,NOT_FALSE_CLEAN,True,77,77,-1,-1
validation,validation_dirty_130,contaminated,0.075,>5%,elongated_streak,0,max_local_density,FLAG,pixel_flag,NOT_FALSE_CLEAN,True,77,77,-1,-1
validation,validation_dirty_130,contaminated,0.075,>5%,elongated_streak,0,edge_aware,FLAG,pixel_flag,NOT_FALSE_CLEAN,True,77,77,-1,-1
validation,validation_dirty_130,contaminated,0.075,>5%,elongated_streak,0,aggressive,FLAG,pixel_flag,NOT_FALSE_CLEAN,True,77,77,-1,-1
validation,validation_dirty_130,contaminated,0.075,>5%,elongated_streak,0,balanced,FLAG,pixel_flag,NOT_FALSE_CLEAN,True,77,77,-1,-1
validation,validation_dirty_130,contaminated,0.075,>5%,elongated_streak,0,conservative,FLAG,pixel_flag,NOT_FALSE_CLEAN,True,77,77,-1,-1
validation,validation_dirty_131,contaminated,0.075,>5%,elongated_streak,1,global_baseline,FLAG,pixel_flag,NOT_FALSE_CLEAN,True,77,77,-1,-1
validation,validation_dirty_131,contaminated,0.075,>5%,elongated_streak,1,tile,FLAG,pixel_flag,NOT_FALSE_CLEAN,True,77,77,-1,-1
validation,validation_dirty_131,contaminated,0.075,>5%,elongated_streak,1,multiscale,FLAG,pixel_flag,NOT_FALSE_CLEAN,True,77,77,-1,-1
validation,validation_dirty_131,contaminated,0.075,>5%,elongated_streak,1,connected_component,FLAG,pixel_flag,NOT_FALSE_CLEAN,True,77,77,-1,-1
validation,validation_dirty_131,contaminated,0.075,>5%,elongated_streak,1,max_local_density,FLAG,pixel_flag,NOT_FALSE_CLEAN,True,77,77,-1,-1
validation,validation_dirty_131,contaminated,0.075,>5%,elongated_streak,1,edge_aware,FLAG,pixel_flag,NOT_FALSE_CLEAN,True,77,77,-1,-1
validation,validation_dirty_131,contaminated,0.075,>5%,elongated_streak,1,aggressive,FLAG,pixel_flag,NOT_FALSE_CLEAN,True,77,77,-1,-1
validation,validation_dirty_131,contaminated,0.075,>5%,elongated_streak,1,balanced,FLAG,pixel_flag,NOT_FALSE_CLEAN,True,77,77,-1,-1
validation,validation_dirty_131,contaminated,0.075,>5%,elongated_streak,1,conservative,FLAG,pixel_flag,NOT_FALSE_CLEAN,True,77,77,-1,-1
validation,validation_dirty_132,contaminated,0.075,>5%,edge_blob,0,global_baseline,FLAG,pixel_flag,NOT_FALSE_CLEAN,True,78,77,-1,-1
validation,validation_dirty_132,contaminated,0.075,>5%,edge_blob,0,tile,FLAG,pixel_flag,NOT_FALSE_CLEAN,True,78,77,-1,-1
validation,validation_dirty_132,contaminated,0.075,>5%,edge_blob,0,multiscale,FLAG,pixel_flag,NOT_FALSE_CLEAN,True,78,77,-1,-1
validation,validation_dirty_132,contaminated,0.075,>5%,edge_blob,0,connected_component,FLAG,pixel_flag,NOT_FALSE_CLEAN,True,78,77,-1,-1
validation,validation_dirty_132,contaminated,0.075,>5%,edge_blob,0,max_local_density,FLAG,pixel_flag,NOT_FALSE_CLEAN,True,78,77,-1,-1
validation,validation_dirty_132,contaminated,0.075,>5%,edge_blob,0,edge_aware,FLAG,pixel_flag,NOT_FALSE_CLEAN,True,78,77,-1,-1
validation,validation_dirty_132,contaminated,0.075,>5%,edge_blob,0,aggressive,FLAG,pixel_flag,NOT_FALSE_CLEAN,True,78,77,-1,-1
validation,validation_dirty_132,contaminated,0.075,>5%,edge_blob,0,balanced,FLAG,pixel_flag,NOT_FALSE_CLEAN,True,78,77,-1,-1
validation,validation_dirty_132,contaminated,0.075,>5%,edge_blob,0,conservative,FLAG,pixel_flag,NOT_FALSE_CLEAN,True,78,77,-1,-1
validation,validation_dirty_133,contaminated,0.075,>5%,edge_blob,1,global_baseline,UNKNOWN,global_pass_fraction,NOT_FALSE_CLEAN,True,79,77,78,13
validation,validation_dirty_133,contaminated,0.075,>5%,edge_blob,1,tile,UNKNOWN,global_pass_fraction,NOT_FALSE_CLEAN,True,79,77,78,13
validation,validation_dirty_133,contaminated,0.075,>5%,edge_blob,1,multiscale,UNKNOWN,global_pass_fraction,NOT_FALSE_CLEAN,True,79,77,78,13
validation,validation_dirty_133,contaminated,0.075,>5%,edge_blob,1,connected_component,UNKNOWN,global_pass_fraction,NOT_FALSE_CLEAN,True,79,77,78,13
validation,validation_dirty_133,contaminated,0.075,>5%,edge_blob,1,max_local_density,UNKNOWN,global_pass_fraction,NOT_FALSE_CLEAN,True,79,77,78,13
validation,validation_dirty_133,contaminated,0.075,>5%,edge_blob,1,edge_aware,UNKNOWN,global_pass_fraction,NOT_FALSE_CLEAN,True,79,77,78,13
validation,validation_dirty_133,contaminated,0.075,>5%,edge_blob,1,aggressive,UNKNOWN,global_pass_fraction,NOT_FALSE_CLEAN,True,79,77,78,13
validation,validation_dirty_133,contaminated,0.075,>5%,edge_blob,1,balanced,UNKNOWN,global_pass_fraction,NOT_FALSE_CLEAN,True,79,77,78,13
validation,validation_dirty_133,contaminated,0.075,>5%,edge_blob,1,conservative,UNKNOWN,global_pass_fraction,NOT_FALSE_CLEAN,True,79,77,78,13
validation,validation_dirty_134,contaminated,0.075,>5%,corner_blob,0,global_baseline,UNKNOWN,global_pass_fraction,NOT_FALSE_CLEAN,True,77,77,77,10
validation,validation_dirty_134,contaminated,0.075,>5%,corner_blob,0,tile,UNKNOWN,global_pass_fraction,NOT_FALSE_CLEAN,True,77,77,77,10
validation,validation_dirty_134,contaminated,0.075,>5%,corner_blob,0,multiscale,UNKNOWN,global_pass_fraction,NOT_FALSE_CLEAN,True,77,77,77,10
validation,validation_dirty_134,contaminated,0.075,>5%,corner_blob,0,connected_component,UNKNOWN,global_pass_fraction,NOT_FALSE_CLEAN,True,77,77,77,10
validation,validation_dirty_134,contaminated,0.075,>5%,corner_blob,0,max_local_density,UNKNOWN,global_pass_fraction,NOT_FALSE_CLEAN,True,77,77,77,10
validation,validation_dirty_134,contaminated,0.075,>5%,corner_blob,0,edge_aware,UNKNOWN,global_pass_fraction,NOT_FALSE_CLEAN,True,77,77,77,10
validation,validation_dirty_134,contaminated,0.075,>5%,corner_blob,0,aggressive,UNKNOWN,global_pass_fraction,NOT_FALSE_CLEAN,True,77,77,77,10
validation,validation_dirty_134,contaminated,0.075,>5%,corner_blob,0,balanced,UNKNOWN,global_pass_fraction,NOT_FALSE_CLEAN,True,77,77,77,10
validation,validation_dirty_134,contaminated,0.075,>5%,corner_blob,0,conservative,UNKNOWN,global_pass_fraction,NOT_FALSE_CLEAN,True,77,77,77,10
validation,validation_dirty_135,contaminated,0.075,>5%,corner_blob,1,global_baseline,FLAG,pixel_flag,NOT_FALSE_CLEAN,True,78,77,-1,-1
validation,validation_dirty_135,contaminated,0.075,>5%,corner_blob,1,tile,FLAG,pixel_flag,NOT_FALSE_CLEAN,True,78,77,-1,-1
validation,validation_dirty_135,contaminated,0.075,>5%,corner_blob,1,multiscale,FLAG,pixel_flag,NOT_FALSE_CLEAN,True,78,77,-1,-1
validation,validation_dirty_135,contaminated,0.075,>5%,corner_blob,1,connected_component,FLAG,pixel_flag,NOT_FALSE_CLEAN,True,78,77,-1,-1
validation,validation_dirty_135,contaminated,0.075,>5%,corner_blob,1,max_local_density,FLAG,pixel_flag,NOT_FALSE_CLEAN,True,78,77,-1,-1
validation,validation_dirty_135,contaminated,0.075,>5%,corner_blob,1,edge_aware,FLAG,pixel_flag,NOT_FALSE_CLEAN,True,78,77,-1,-1
validation,validation_dirty_135,contaminated,0.075,>5%,corner_blob,1,aggressive,FLAG,pixel_flag,NOT_FALSE_CLEAN,True,78,77,-1,-1
validation,validation_dirty_135,contaminated,0.075,>5%,corner_blob,1,balanced,FLAG,pixel_flag,NOT_FALSE_CLEAN,True,78,77,-1,-1
validation,validation_dirty_135,contaminated,0.075,>5%,corner_blob,1,conservative,FLAG,pixel_flag,NOT_FALSE_CLEAN,True,78,77,-1,-1
validation,validation_dirty_136,contaminated,0.075,>5%,multiple_droplets,0,global_baseline,UNKNOWN,global_pass_fraction,NOT_FALSE_CLEAN,True,77,77,33,8
validation,validation_dirty_136,contaminated,0.075,>5%,multiple_droplets,0,tile,UNKNOWN,global_pass_fraction,NOT_FALSE_CLEAN,True,77,77,33,8
validation,validation_dirty_136,contaminated,0.075,>5%,multiple_droplets,0,multiscale,UNKNOWN,global_pass_fraction,NOT_FALSE_CLEAN,True,77,77,33,8
validation,validation_dirty_136,contaminated,0.075,>5%,multiple_droplets,0,connected_component,UNKNOWN,global_pass_fraction,NOT_FALSE_CLEAN,True,77,77,33,8
validation,validation_dirty_136,contaminated,0.075,>5%,multiple_droplets,0,max_local_density,UNKNOWN,global_pass_fraction,NOT_FALSE_CLEAN,True,77,77,33,8
validation,validation_dirty_136,contaminated,0.075,>5%,multiple_droplets,0,edge_aware,UNKNOWN,global_pass_fraction,NOT_FALSE_CLEAN,True,77,77,33,8
validation,validation_dirty_136,contaminated,0.075,>5%,multiple_droplets,0,aggressive,UNKNOWN,global_pass_fraction,NOT_FALSE_CLEAN,True,77,77,33,8
validation,validation_dirty_136,contaminated,0.075,>5%,multiple_droplets,0,balanced,UNKNOWN,global_pass_fraction,NOT_FALSE_CLEAN,True,77,77,33,8
validation,validation_dirty_136,contaminated,0.075,>5%,multiple_droplets,0,conservative,UNKNOWN,global_pass_fraction,NOT_FALSE_CLEAN,True,77,77,33,8
validation,validation_dirty_137,contaminated,0.075,>5%,multiple_droplets,1,global_baseline,UNKNOWN,global_pass_fraction,NOT_FALSE_CLEAN,True,78,77,31,7
validation,validation_dirty_137,contaminated,0.075,>5%,multiple_droplets,1,tile,UNKNOWN,global_pass_fraction,NOT_FALSE_CLEAN,True,78,77,31,7
validation,validation_dirty_137,contaminated,0.075,>5%,multiple_droplets,1,multiscale,UNKNOWN,global_pass_fraction,NOT_FALSE_CLEAN,True,78,77,31,7
validation,validation_dirty_137,contaminated,0.075,>5%,multiple_droplets,1,connected_component,UNKNOWN,global_pass_fraction,NOT_FALSE_CLEAN,True,78,77,31,7
validation,validation_dirty_137,contaminated,0.075,>5%,multiple_droplets,1,max_local_density,UNKNOWN,global_pass_fraction,NOT_FALSE_CLEAN,True,78,77,31,7
validation,validation_dirty_137,contaminated,0.075,>5%,multiple_droplets,1,edge_aware,UNKNOWN,global_pass_fraction,NOT_FALSE_CLEAN,True,78,77,31,7
validation,validation_dirty_137,contaminated,0.075,>5%,multiple_droplets,1,aggressive,UNKNOWN,global_pass_fraction,NOT_FALSE_CLEAN,True,78,77,31,7
validation,validation_dirty_137,contaminated,0.075,>5%,multiple_droplets,1,balanced,UNKNOWN,global_pass_fraction,NOT_FALSE_CLEAN,True,78,77,31,7
validation,validation_dirty_137,contaminated,0.075,>5%,multiple_droplets,1,conservative,UNKNOWN,global_pass_fraction,NOT_FALSE_CLEAN,True,78,77,31,7
validation,validation_dirty_138,contaminated,0.075,>5%,dispersed_sparse,0,global_baseline,UNKNOWN,global_pass_fraction,NOT_FALSE_CLEAN,True,78,77,5,4
validation,validation_dirty_138,contaminated,0.075,>5%,dispersed_sparse,0,tile,UNKNOWN,global_pass_fraction,NOT_FALSE_CLEAN,True,78,77,5,4
validation,validation_dirty_138,contaminated,0.075,>5%,dispersed_sparse,0,multiscale,UNKNOWN,global_pass_fraction,NOT_FALSE_CLEAN,True,78,77,5,4
validation,validation_dirty_138,contaminated,0.075,>5%,dispersed_sparse,0,connected_component,UNKNOWN,global_pass_fraction,NOT_FALSE_CLEAN,True,78,77,5,4
validation,validation_dirty_138,contaminated,0.075,>5%,dispersed_sparse,0,max_local_density,UNKNOWN,global_pass_fraction,NOT_FALSE_CLEAN,True,78,77,5,4
validation,validation_dirty_138,contaminated,0.075,>5%,dispersed_sparse,0,edge_aware,UNKNOWN,global_pass_fraction,NOT_FALSE_CLEAN,True,78,77,5,4
validation,validation_dirty_138,contaminated,0.075,>5%,dispersed_sparse,0,aggressive,UNKNOWN,global_pass_fraction,NOT_FALSE_CLEAN,True,78,77,5,4
validation,validation_dirty_138,contaminated,0.075,>5%,dispersed_sparse,0,balanced,UNKNOWN,global_pass_fraction,NOT_FALSE_CLEAN,True,78,77,5,4
validation,validation_dirty_138,contaminated,0.075,>5%,dispersed_sparse,0,conservative,UNKNOWN,global_pass_fraction,NOT_FALSE_CLEAN,True,78,77,5,4
validation,validation_dirty_139,contaminated,0.075,>5%,dispersed_sparse,1,global_baseline,FLAG,pixel_flag,NOT_FALSE_CLEAN,True,80,77,-1,-1
validation,validation_dirty_139,contaminated,0.075,>5%,dispersed_sparse,1,tile,FLAG,pixel_flag,NOT_FALSE_CLEAN,True,80,77,-1,-1
validation,validation_dirty_139,contaminated,0.075,>5%,dispersed_sparse,1,multiscale,FLAG,pixel_flag,NOT_FALSE_CLEAN,True,80,77,-1,-1
validation,validation_dirty_139,contaminated,0.075,>5%,dispersed_sparse,1,connected_component,FLAG,pixel_flag,NOT_FALSE_CLEAN,True,80,77,-1,-1
validation,validation_dirty_139,contaminated,0.075,>5%,dispersed_sparse,1,max_local_density,FLAG,pixel_flag,NOT_FALSE_CLEAN,True,80,77,-1,-1
validation,validation_dirty_139,contaminated,0.075,>5%,dispersed_sparse,1,edge_aware,FLAG,pixel_flag,NOT_FALSE_CLEAN,True,80,77,-1,-1
validation,validation_dirty_139,contaminated,0.075,>5%,dispersed_sparse,1,aggressive,FLAG,pixel_flag,NOT_FALSE_CLEAN,True,80,77,-1,-1
validation,validation_dirty_139,contaminated,0.075,>5%,dispersed_sparse,1,balanced,FLAG,pixel_flag,NOT_FALSE_CLEAN,True,80,77,-1,-1
validation,validation_dirty_139,contaminated,0.075,>5%,dispersed_sparse,1,conservative,FLAG,pixel_flag,NOT_FALSE_CLEAN,True,80,77,-1,-1
validation,validation_dirty_140,contaminated,0.075,>5%,psf_blurred,0,global_baseline,UNKNOWN,global_pass_fraction,NOT_FALSE_CLEAN,True,116,76,115,12
validation,validation_dirty_140,contaminated,0.075,>5%,psf_blurred,0,tile,UNKNOWN,global_pass_fraction,NOT_FALSE_CLEAN,True,116,76,115,12
validation,validation_dirty_140,contaminated,0.075,>5%,psf_blurred,0,multiscale,UNKNOWN,global_pass_fraction,NOT_FALSE_CLEAN,True,116,76,115,12
validation,validation_dirty_140,contaminated,0.075,>5%,psf_blurred,0,connected_component,UNKNOWN,global_pass_fraction,NOT_FALSE_CLEAN,True,116,76,115,12
validation,validation_dirty_140,contaminated,0.075,>5%,psf_blurred,0,max_local_density,UNKNOWN,global_pass_fraction,NOT_FALSE_CLEAN,True,116,76,115,12
validation,validation_dirty_140,contaminated,0.075,>5%,psf_blurred,0,edge_aware,UNKNOWN,global_pass_fraction,NOT_FALSE_CLEAN,True,116,76,115,12
validation,validation_dirty_140,contaminated,0.075,>5%,psf_blurred,0,aggressive,UNKNOWN,global_pass_fraction,NOT_FALSE_CLEAN,True,116,76,115,12
validation,validation_dirty_140,contaminated,0.075,>5%,psf_blurred,0,balanced,UNKNOWN,global_pass_fraction,NOT_FALSE_CLEAN,True,116,76,115,12
validation,validation_dirty_140,contaminated,0.075,>5%,psf_blurred,0,conservative,UNKNOWN,global_pass_fraction,NOT_FALSE_CLEAN,True,116,76,115,12
validation,validation_dirty_141,contaminated,0.075,>5%,psf_blurred,1,global_baseline,FLAG,pixel_flag,NOT_FALSE_CLEAN,True,123,78,-1,-1
validation,validation_dirty_141,contaminated,0.075,>5%,psf_blurred,1,tile,FLAG,pixel_flag,NOT_FALSE_CLEAN,True,123,78,-1,-1
validation,validation_dirty_141,contaminated,0.075,>5%,psf_blurred,1,multiscale,FLAG,pixel_flag,NOT_FALSE_CLEAN,True,123,78,-1,-1
validation,validation_dirty_141,contaminated,0.075,>5%,psf_blurred,1,connected_component,FLAG,pixel_flag,NOT_FALSE_CLEAN,True,123,78,-1,-1
validation,validation_dirty_141,contaminated,0.075,>5%,psf_blurred,1,max_local_density,FLAG,pixel_flag,NOT_FALSE_CLEAN,True,123,78,-1,-1
validation,validation_dirty_141,contaminated,0.075,>5%,psf_blurred,1,edge_aware,FLAG,pixel_flag,NOT_FALSE_CLEAN,True,123,78,-1,-1
validation,validation_dirty_141,contaminated,0.075,>5%,psf_blurred,1,aggressive,FLAG,pixel_flag,NOT_FALSE_CLEAN,True,123,78,-1,-1
validation,validation_dirty_141,contaminated,0.075,>5%,psf_blurred,1,balanced,FLAG,pixel_flag,NOT_FALSE_CLEAN,True,123,78,-1,-1
validation,validation_dirty_141,contaminated,0.075,>5%,psf_blurred,1,conservative,FLAG,pixel_flag,NOT_FALSE_CLEAN,True,123,78,-1,-1
validation,validation_dirty_142,contaminated,0.075,>5%,registration_shifted,0,global_baseline,UNKNOWN,global_pass_fraction,NOT_FALSE_CLEAN,True,79,78,78,10
validation,validation_dirty_142,contaminated,0.075,>5%,registration_shifted,0,tile,UNKNOWN,global_pass_fraction,NOT_FALSE_CLEAN,True,79,78,78,10
validation,validation_dirty_142,contaminated,0.075,>5%,registration_shifted,0,multiscale,UNKNOWN,global_pass_fraction,NOT_FALSE_CLEAN,True,79,78,78,10
validation,validation_dirty_142,contaminated,0.075,>5%,registration_shifted,0,connected_component,UNKNOWN,global_pass_fraction,NOT_FALSE_CLEAN,True,79,78,78,10
validation,validation_dirty_142,contaminated,0.075,>5%,registration_shifted,0,max_local_density,UNKNOWN,global_pass_fraction,NOT_FALSE_CLEAN,True,79,78,78,10
validation,validation_dirty_142,contaminated,0.075,>5%,registration_shifted,0,edge_aware,UNKNOWN,global_pass_fraction,NOT_FALSE_CLEAN,True,79,78,78,10
validation,validation_dirty_142,contaminated,0.075,>5%,registration_shifted,0,aggressive,UNKNOWN,global_pass_fraction,NOT_FALSE_CLEAN,True,79,78,78,10
validation,validation_dirty_142,contaminated,0.075,>5%,registration_shifted,0,balanced,UNKNOWN,global_pass_fraction,NOT_FALSE_CLEAN,True,79,78,78,10
validation,validation_dirty_142,contaminated,0.075,>5%,registration_shifted,0,conservative,UNKNOWN,global_pass_fraction,NOT_FALSE_CLEAN,True,79,78,78,10
validation,validation_dirty_143,contaminated,0.075,>5%,registration_shifted,1,global_baseline,FLAG,pixel_flag,NOT_FALSE_CLEAN,True,79,77,-1,-1
validation,validation_dirty_143,contaminated,0.075,>5%,registration_shifted,1,tile,FLAG,pixel_flag,NOT_FALSE_CLEAN,True,79,77,-1,-1
validation,validation_dirty_143,contaminated,0.075,>5%,registration_shifted,1,multiscale,FLAG,pixel_flag,NOT_FALSE_CLEAN,True,79,77,-1,-1
validation,validation_dirty_143,contaminated,0.075,>5%,registration_shifted,1,connected_component,FLAG,pixel_flag,NOT_FALSE_CLEAN,True,79,77,-1,-1
validation,validation_dirty_143,contaminated,0.075,>5%,registration_shifted,1,max_local_density,FLAG,pixel_flag,NOT_FALSE_CLEAN,True,79,77,-1,-1
validation,validation_dirty_143,contaminated,0.075,>5%,registration_shifted,1,edge_aware,FLAG,pixel_flag,NOT_FALSE_CLEAN,True,79,77,-1,-1
validation,validation_dirty_143,contaminated,0.075,>5%,registration_shifted,1,aggressive,FLAG,pixel_flag,NOT_FALSE_CLEAN,True,79,77,-1,-1
validation,validation_dirty_143,contaminated,0.075,>5%,registration_shifted,1,balanced,FLAG,pixel_flag,NOT_FALSE_CLEAN,True,79,77,-1,-1
validation,validation_dirty_143,contaminated,0.075,>5%,registration_shifted,1,conservative,FLAG,pixel_flag,NOT_FALSE_CLEAN,True,79,77,-1,-1
validation,validation_dirty_144,contaminated,0.1,>5%,compact_blob,0,global_baseline,FLAG,pixel_flag,NOT_FALSE_CLEAN,True,102,100,-1,-1
validation,validation_dirty_144,contaminated,0.1,>5%,compact_blob,0,tile,FLAG,pixel_flag,NOT_FALSE_CLEAN,True,102,100,-1,-1
validation,validation_dirty_144,contaminated,0.1,>5%,compact_blob,0,multiscale,FLAG,pixel_flag,NOT_FALSE_CLEAN,True,102,100,-1,-1
validation,validation_dirty_144,contaminated,0.1,>5%,compact_blob,0,connected_component,FLAG,pixel_flag,NOT_FALSE_CLEAN,True,102,100,-1,-1
validation,validation_dirty_144,contaminated,0.1,>5%,compact_blob,0,max_local_density,FLAG,pixel_flag,NOT_FALSE_CLEAN,True,102,100,-1,-1
validation,validation_dirty_144,contaminated,0.1,>5%,compact_blob,0,edge_aware,FLAG,pixel_flag,NOT_FALSE_CLEAN,True,102,100,-1,-1
validation,validation_dirty_144,contaminated,0.1,>5%,compact_blob,0,aggressive,FLAG,pixel_flag,NOT_FALSE_CLEAN,True,102,100,-1,-1
validation,validation_dirty_144,contaminated,0.1,>5%,compact_blob,0,balanced,FLAG,pixel_flag,NOT_FALSE_CLEAN,True,102,100,-1,-1
validation,validation_dirty_144,contaminated,0.1,>5%,compact_blob,0,conservative,FLAG,pixel_flag,NOT_FALSE_CLEAN,True,102,100,-1,-1
validation,validation_dirty_145,contaminated,0.1,>5%,compact_blob,1,global_baseline,FLAG,pixel_flag,NOT_FALSE_CLEAN,True,104,102,-1,-1
validation,validation_dirty_145,contaminated,0.1,>5%,compact_blob,1,tile,FLAG,pixel_flag,NOT_FALSE_CLEAN,True,104,102,-1,-1
validation,validation_dirty_145,contaminated,0.1,>5%,compact_blob,1,multiscale,FLAG,pixel_flag,NOT_FALSE_CLEAN,True,104,102,-1,-1
validation,validation_dirty_145,contaminated,0.1,>5%,compact_blob,1,connected_component,FLAG,pixel_flag,NOT_FALSE_CLEAN,True,104,102,-1,-1
validation,validation_dirty_145,contaminated,0.1,>5%,compact_blob,1,max_local_density,FLAG,pixel_flag,NOT_FALSE_CLEAN,True,104,102,-1,-1
validation,validation_dirty_145,contaminated,0.1,>5%,compact_blob,1,edge_aware,FLAG,pixel_flag,NOT_FALSE_CLEAN,True,104,102,-1,-1
validation,validation_dirty_145,contaminated,0.1,>5%,compact_blob,1,aggressive,FLAG,pixel_flag,NOT_FALSE_CLEAN,True,104,102,-1,-1
validation,validation_dirty_145,contaminated,0.1,>5%,compact_blob,1,balanced,FLAG,pixel_flag,NOT_FALSE_CLEAN,True,104,102,-1,-1
validation,validation_dirty_145,contaminated,0.1,>5%,compact_blob,1,conservative,FLAG,pixel_flag,NOT_FALSE_CLEAN,True,104,102,-1,-1
validation,validation_dirty_146,contaminated,0.1,>5%,elongated_streak,0,global_baseline,UNKNOWN,global_pass_fraction,NOT_FALSE_CLEAN,True,103,102,102,32
validation,validation_dirty_146,contaminated,0.1,>5%,elongated_streak,0,tile,UNKNOWN,global_pass_fraction,NOT_FALSE_CLEAN,True,103,102,102,32
validation,validation_dirty_146,contaminated,0.1,>5%,elongated_streak,0,multiscale,UNKNOWN,global_pass_fraction,NOT_FALSE_CLEAN,True,103,102,102,32
validation,validation_dirty_146,contaminated,0.1,>5%,elongated_streak,0,connected_component,UNKNOWN,global_pass_fraction,NOT_FALSE_CLEAN,True,103,102,102,32
validation,validation_dirty_146,contaminated,0.1,>5%,elongated_streak,0,max_local_density,UNKNOWN,global_pass_fraction,NOT_FALSE_CLEAN,True,103,102,102,32
validation,validation_dirty_146,contaminated,0.1,>5%,elongated_streak,0,edge_aware,UNKNOWN,global_pass_fraction,NOT_FALSE_CLEAN,True,103,102,102,32
validation,validation_dirty_146,contaminated,0.1,>5%,elongated_streak,0,aggressive,UNKNOWN,global_pass_fraction,NOT_FALSE_CLEAN,True,103,102,102,32
validation,validation_dirty_146,contaminated,0.1,>5%,elongated_streak,0,balanced,UNKNOWN,global_pass_fraction,NOT_FALSE_CLEAN,True,103,102,102,32
validation,validation_dirty_146,contaminated,0.1,>5%,elongated_streak,0,conservative,UNKNOWN,global_pass_fraction,NOT_FALSE_CLEAN,True,103,102,102,32
validation,validation_dirty_147,contaminated,0.1,>5%,elongated_streak,1,global_baseline,UNKNOWN,global_pass_fraction,NOT_FALSE_CLEAN,True,104,102,102,32
validation,validation_dirty_147,contaminated,0.1,>5%,elongated_streak,1,tile,UNKNOWN,global_pass_fraction,NOT_FALSE_CLEAN,True,104,102,102,32
validation,validation_dirty_147,contaminated,0.1,>5%,elongated_streak,1,multiscale,UNKNOWN,global_pass_fraction,NOT_FALSE_CLEAN,True,104,102,102,32
validation,validation_dirty_147,contaminated,0.1,>5%,elongated_streak,1,connected_component,UNKNOWN,global_pass_fraction,NOT_FALSE_CLEAN,True,104,102,102,32
validation,validation_dirty_147,contaminated,0.1,>5%,elongated_streak,1,max_local_density,UNKNOWN,global_pass_fraction,NOT_FALSE_CLEAN,True,104,102,102,32
validation,validation_dirty_147,contaminated,0.1,>5%,elongated_streak,1,edge_aware,UNKNOWN,global_pass_fraction,NOT_FALSE_CLEAN,True,104,102,102,32
validation,validation_dirty_147,contaminated,0.1,>5%,elongated_streak,1,aggressive,UNKNOWN,global_pass_fraction,NOT_FALSE_CLEAN,True,104,102,102,32
validation,validation_dirty_147,contaminated,0.1,>5%,elongated_streak,1,balanced,UNKNOWN,global_pass_fraction,NOT_FALSE_CLEAN,True,104,102,102,32
validation,validation_dirty_147,contaminated,0.1,>5%,elongated_streak,1,conservative,UNKNOWN,global_pass_fraction,NOT_FALSE_CLEAN,True,104,102,102,32
validation,validation_dirty_148,contaminated,0.1,>5%,edge_blob,0,global_baseline,FLAG,pixel_flag,NOT_FALSE_CLEAN,True,103,102,-1,-1
validation,validation_dirty_148,contaminated,0.1,>5%,edge_blob,0,tile,FLAG,pixel_flag,NOT_FALSE_CLEAN,True,103,102,-1,-1
validation,validation_dirty_148,contaminated,0.1,>5%,edge_blob,0,multiscale,FLAG,pixel_flag,NOT_FALSE_CLEAN,True,103,102,-1,-1
validation,validation_dirty_148,contaminated,0.1,>5%,edge_blob,0,connected_component,FLAG,pixel_flag,NOT_FALSE_CLEAN,True,103,102,-1,-1
validation,validation_dirty_148,contaminated,0.1,>5%,edge_blob,0,max_local_density,FLAG,pixel_flag,NOT_FALSE_CLEAN,True,103,102,-1,-1
validation,validation_dirty_148,contaminated,0.1,>5%,edge_blob,0,edge_aware,FLAG,pixel_flag,NOT_FALSE_CLEAN,True,103,102,-1,-1
validation,validation_dirty_148,contaminated,0.1,>5%,edge_blob,0,aggressive,FLAG,pixel_flag,NOT_FALSE_CLEAN,True,103,102,-1,-1
validation,validation_dirty_148,contaminated,0.1,>5%,edge_blob,0,balanced,FLAG,pixel_flag,NOT_FALSE_CLEAN,True,103,102,-1,-1
validation,validation_dirty_148,contaminated,0.1,>5%,edge_blob,0,conservative,FLAG,pixel_flag,NOT_FALSE_CLEAN,True,103,102,-1,-1
validation,validation_dirty_149,contaminated,0.1,>5%,edge_blob,1,global_baseline,FLAG,pixel_flag,NOT_FALSE_CLEAN,True,104,102,-1,-1
validation,validation_dirty_149,contaminated,0.1,>5%,edge_blob,1,tile,FLAG,pixel_flag,NOT_FALSE_CLEAN,True,104,102,-1,-1
validation,validation_dirty_149,contaminated,0.1,>5%,edge_blob,1,multiscale,FLAG,pixel_flag,NOT_FALSE_CLEAN,True,104,102,-1,-1
validation,validation_dirty_149,contaminated,0.1,>5%,edge_blob,1,connected_component,FLAG,pixel_flag,NOT_FALSE_CLEAN,True,104,102,-1,-1
validation,validation_dirty_149,contaminated,0.1,>5%,edge_blob,1,max_local_density,FLAG,pixel_flag,NOT_FALSE_CLEAN,True,104,102,-1,-1
validation,validation_dirty_149,contaminated,0.1,>5%,edge_blob,1,edge_aware,FLAG,pixel_flag,NOT_FALSE_CLEAN,True,104,102,-1,-1
validation,validation_dirty_149,contaminated,0.1,>5%,edge_blob,1,aggressive,FLAG,pixel_flag,NOT_FALSE_CLEAN,True,104,102,-1,-1
validation,validation_dirty_149,contaminated,0.1,>5%,edge_blob,1,balanced,FLAG,pixel_flag,NOT_FALSE_CLEAN,True,104,102,-1,-1
validation,validation_dirty_149,contaminated,0.1,>5%,edge_blob,1,conservative,FLAG,pixel_flag,NOT_FALSE_CLEAN,True,104,102,-1,-1
validation,validation_dirty_150,contaminated,0.1,>5%,corner_blob,0,global_baseline,FLAG,pixel_flag,NOT_FALSE_CLEAN,True,104,102,-1,-1
validation,validation_dirty_150,contaminated,0.1,>5%,corner_blob,0,tile,FLAG,pixel_flag,NOT_FALSE_CLEAN,True,104,102,-1,-1
validation,validation_dirty_150,contaminated,0.1,>5%,corner_blob,0,multiscale,FLAG,pixel_flag,NOT_FALSE_CLEAN,True,104,102,-1,-1
validation,validation_dirty_150,contaminated,0.1,>5%,corner_blob,0,connected_component,FLAG,pixel_flag,NOT_FALSE_CLEAN,True,104,102,-1,-1
validation,validation_dirty_150,contaminated,0.1,>5%,corner_blob,0,max_local_density,FLAG,pixel_flag,NOT_FALSE_CLEAN,True,104,102,-1,-1
validation,validation_dirty_150,contaminated,0.1,>5%,corner_blob,0,edge_aware,FLAG,pixel_flag,NOT_FALSE_CLEAN,True,104,102,-1,-1
validation,validation_dirty_150,contaminated,0.1,>5%,corner_blob,0,aggressive,FLAG,pixel_flag,NOT_FALSE_CLEAN,True,104,102,-1,-1
validation,validation_dirty_150,contaminated,0.1,>5%,corner_blob,0,balanced,FLAG,pixel_flag,NOT_FALSE_CLEAN,True,104,102,-1,-1
validation,validation_dirty_150,contaminated,0.1,>5%,corner_blob,0,conservative,FLAG,pixel_flag,NOT_FALSE_CLEAN,True,104,102,-1,-1
validation,validation_dirty_151,contaminated,0.1,>5%,corner_blob,1,global_baseline,UNKNOWN,global_pass_fraction,NOT_FALSE_CLEAN,True,103,102,102,11
validation,validation_dirty_151,contaminated,0.1,>5%,corner_blob,1,tile,UNKNOWN,global_pass_fraction,NOT_FALSE_CLEAN,True,103,102,102,11
validation,validation_dirty_151,contaminated,0.1,>5%,corner_blob,1,multiscale,UNKNOWN,global_pass_fraction,NOT_FALSE_CLEAN,True,103,102,102,11
validation,validation_dirty_151,contaminated,0.1,>5%,corner_blob,1,connected_component,UNKNOWN,global_pass_fraction,NOT_FALSE_CLEAN,True,103,102,102,11
validation,validation_dirty_151,contaminated,0.1,>5%,corner_blob,1,max_local_density,UNKNOWN,global_pass_fraction,NOT_FALSE_CLEAN,True,103,102,102,11
validation,validation_dirty_151,contaminated,0.1,>5%,corner_blob,1,edge_aware,UNKNOWN,global_pass_fraction,NOT_FALSE_CLEAN,True,103,102,102,11
validation,validation_dirty_151,contaminated,0.1,>5%,corner_blob,1,aggressive,UNKNOWN,global_pass_fraction,NOT_FALSE_CLEAN,True,103,102,102,11
validation,validation_dirty_151,contaminated,0.1,>5%,corner_blob,1,balanced,UNKNOWN,global_pass_fraction,NOT_FALSE_CLEAN,True,103,102,102,11
validation,validation_dirty_151,contaminated,0.1,>5%,corner_blob,1,conservative,UNKNOWN,global_pass_fraction,NOT_FALSE_CLEAN,True,103,102,102,11
validation,validation_dirty_152,contaminated,0.1,>5%,multiple_droplets,0,global_baseline,UNKNOWN,global_pass_fraction,NOT_FALSE_CLEAN,True,102,102,44,8
validation,validation_dirty_152,contaminated,0.1,>5%,multiple_droplets,0,tile,UNKNOWN,global_pass_fraction,NOT_FALSE_CLEAN,True,102,102,44,8
validation,validation_dirty_152,contaminated,0.1,>5%,multiple_droplets,0,multiscale,UNKNOWN,global_pass_fraction,NOT_FALSE_CLEAN,True,102,102,44,8
validation,validation_dirty_152,contaminated,0.1,>5%,multiple_droplets,0,connected_component,UNKNOWN,global_pass_fraction,NOT_FALSE_CLEAN,True,102,102,44,8
validation,validation_dirty_152,contaminated,0.1,>5%,multiple_droplets,0,max_local_density,UNKNOWN,global_pass_fraction,NOT_FALSE_CLEAN,True,102,102,44,8
validation,validation_dirty_152,contaminated,0.1,>5%,multiple_droplets,0,edge_aware,UNKNOWN,global_pass_fraction,NOT_FALSE_CLEAN,True,102,102,44,8
validation,validation_dirty_152,contaminated,0.1,>5%,multiple_droplets,0,aggressive,UNKNOWN,global_pass_fraction,NOT_FALSE_CLEAN,True,102,102,44,8
validation,validation_dirty_152,contaminated,0.1,>5%,multiple_droplets,0,balanced,UNKNOWN,global_pass_fraction,NOT_FALSE_CLEAN,True,102,102,44,8
validation,validation_dirty_152,contaminated,0.1,>5%,multiple_droplets,0,conservative,UNKNOWN,global_pass_fraction,NOT_FALSE_CLEAN,True,102,102,44,8
validation,validation_dirty_153,contaminated,0.1,>5%,multiple_droplets,1,global_baseline,FLAG,pixel_flag,NOT_FALSE_CLEAN,True,102,102,-1,-1
validation,validation_dirty_153,contaminated,0.1,>5%,multiple_droplets,1,tile,FLAG,pixel_flag,NOT_FALSE_CLEAN,True,102,102,-1,-1
validation,validation_dirty_153,contaminated,0.1,>5%,multiple_droplets,1,multiscale,FLAG,pixel_flag,NOT_FALSE_CLEAN,True,102,102,-1,-1
validation,validation_dirty_153,contaminated,0.1,>5%,multiple_droplets,1,connected_component,FLAG,pixel_flag,NOT_FALSE_CLEAN,True,102,102,-1,-1
validation,validation_dirty_153,contaminated,0.1,>5%,multiple_droplets,1,max_local_density,FLAG,pixel_flag,NOT_FALSE_CLEAN,True,102,102,-1,-1
validation,validation_dirty_153,contaminated,0.1,>5%,multiple_droplets,1,edge_aware,FLAG,pixel_flag,NOT_FALSE_CLEAN,True,102,102,-1,-1
validation,validation_dirty_153,contaminated,0.1,>5%,multiple_droplets,1,aggressive,FLAG,pixel_flag,NOT_FALSE_CLEAN,True,102,102,-1,-1
validation,validation_dirty_153,contaminated,0.1,>5%,multiple_droplets,1,balanced,FLAG,pixel_flag,NOT_FALSE_CLEAN,True,102,102,-1,-1
validation,validation_dirty_153,contaminated,0.1,>5%,multiple_droplets,1,conservative,FLAG,pixel_flag,NOT_FALSE_CLEAN,True,102,102,-1,-1
validation,validation_dirty_154,contaminated,0.1,>5%,dispersed_sparse,0,global_baseline,UNKNOWN,global_pass_fraction,NOT_FALSE_CLEAN,True,102,102,4,3
validation,validation_dirty_154,contaminated,0.1,>5%,dispersed_sparse,0,tile,UNKNOWN,global_pass_fraction,NOT_FALSE_CLEAN,True,102,102,4,3
validation,validation_dirty_154,contaminated,0.1,>5%,dispersed_sparse,0,multiscale,UNKNOWN,global_pass_fraction,NOT_FALSE_CLEAN,True,102,102,4,3
validation,validation_dirty_154,contaminated,0.1,>5%,dispersed_sparse,0,connected_component,UNKNOWN,global_pass_fraction,NOT_FALSE_CLEAN,True,102,102,4,3
validation,validation_dirty_154,contaminated,0.1,>5%,dispersed_sparse,0,max_local_density,UNKNOWN,global_pass_fraction,NOT_FALSE_CLEAN,True,102,102,4,3
validation,validation_dirty_154,contaminated,0.1,>5%,dispersed_sparse,0,edge_aware,UNKNOWN,global_pass_fraction,NOT_FALSE_CLEAN,True,102,102,4,3
validation,validation_dirty_154,contaminated,0.1,>5%,dispersed_sparse,0,aggressive,UNKNOWN,global_pass_fraction,NOT_FALSE_CLEAN,True,102,102,4,3
validation,validation_dirty_154,contaminated,0.1,>5%,dispersed_sparse,0,balanced,UNKNOWN,global_pass_fraction,NOT_FALSE_CLEAN,True,102,102,4,3
validation,validation_dirty_154,contaminated,0.1,>5%,dispersed_sparse,0,conservative,UNKNOWN,global_pass_fraction,NOT_FALSE_CLEAN,True,102,102,4,3
validation,validation_dirty_155,contaminated,0.1,>5%,dispersed_sparse,1,global_baseline,FLAG,pixel_flag,NOT_FALSE_CLEAN,True,102,102,-1,-1
validation,validation_dirty_155,contaminated,0.1,>5%,dispersed_sparse,1,tile,FLAG,pixel_flag,NOT_FALSE_CLEAN,True,102,102,-1,-1
validation,validation_dirty_155,contaminated,0.1,>5%,dispersed_sparse,1,multiscale,FLAG,pixel_flag,NOT_FALSE_CLEAN,True,102,102,-1,-1
validation,validation_dirty_155,contaminated,0.1,>5%,dispersed_sparse,1,connected_component,FLAG,pixel_flag,NOT_FALSE_CLEAN,True,102,102,-1,-1
validation,validation_dirty_155,contaminated,0.1,>5%,dispersed_sparse,1,max_local_density,FLAG,pixel_flag,NOT_FALSE_CLEAN,True,102,102,-1,-1
validation,validation_dirty_155,contaminated,0.1,>5%,dispersed_sparse,1,edge_aware,FLAG,pixel_flag,NOT_FALSE_CLEAN,True,102,102,-1,-1
validation,validation_dirty_155,contaminated,0.1,>5%,dispersed_sparse,1,aggressive,FLAG,pixel_flag,NOT_FALSE_CLEAN,True,102,102,-1,-1
validation,validation_dirty_155,contaminated,0.1,>5%,dispersed_sparse,1,balanced,FLAG,pixel_flag,NOT_FALSE_CLEAN,True,102,102,-1,-1
validation,validation_dirty_155,contaminated,0.1,>5%,dispersed_sparse,1,conservative,FLAG,pixel_flag,NOT_FALSE_CLEAN,True,102,102,-1,-1
validation,validation_dirty_156,contaminated,0.1,>5%,psf_blurred,0,global_baseline,UNKNOWN,global_pass_fraction,NOT_FALSE_CLEAN,True,153,102,152,14
validation,validation_dirty_156,contaminated,0.1,>5%,psf_blurred,0,tile,UNKNOWN,global_pass_fraction,NOT_FALSE_CLEAN,True,153,102,152,14
validation,validation_dirty_156,contaminated,0.1,>5%,psf_blurred,0,multiscale,UNKNOWN,global_pass_fraction,NOT_FALSE_CLEAN,True,153,102,152,14
validation,validation_dirty_156,contaminated,0.1,>5%,psf_blurred,0,connected_component,UNKNOWN,global_pass_fraction,NOT_FALSE_CLEAN,True,153,102,152,14
validation,validation_dirty_156,contaminated,0.1,>5%,psf_blurred,0,max_local_density,UNKNOWN,global_pass_fraction,NOT_FALSE_CLEAN,True,153,102,152,14
validation,validation_dirty_156,contaminated,0.1,>5%,psf_blurred,0,edge_aware,UNKNOWN,global_pass_fraction,NOT_FALSE_CLEAN,True,153,102,152,14
validation,validation_dirty_156,contaminated,0.1,>5%,psf_blurred,0,aggressive,UNKNOWN,global_pass_fraction,NOT_FALSE_CLEAN,True,153,102,152,14
validation,validation_dirty_156,contaminated,0.1,>5%,psf_blurred,0,balanced,UNKNOWN,global_pass_fraction,NOT_FALSE_CLEAN,True,153,102,152,14
validation,validation_dirty_156,contaminated,0.1,>5%,psf_blurred,0,conservative,UNKNOWN,global_pass_fraction,NOT_FALSE_CLEAN,True,153,102,152,14
validation,validation_dirty_157,contaminated,0.1,>5%,psf_blurred,1,global_baseline,UNKNOWN,global_pass_fraction,NOT_FALSE_CLEAN,True,182,96,182,16
validation,validation_dirty_157,contaminated,0.1,>5%,psf_blurred,1,tile,UNKNOWN,global_pass_fraction,NOT_FALSE_CLEAN,True,182,96,182,16
validation,validation_dirty_157,contaminated,0.1,>5%,psf_blurred,1,multiscale,UNKNOWN,global_pass_fraction,NOT_FALSE_CLEAN,True,182,96,182,16
validation,validation_dirty_157,contaminated,0.1,>5%,psf_blurred,1,connected_component,UNKNOWN,global_pass_fraction,NOT_FALSE_CLEAN,True,182,96,182,16
validation,validation_dirty_157,contaminated,0.1,>5%,psf_blurred,1,max_local_density,UNKNOWN,global_pass_fraction,NOT_FALSE_CLEAN,True,182,96,182,16
validation,validation_dirty_157,contaminated,0.1,>5%,psf_blurred,1,edge_aware,UNKNOWN,global_pass_fraction,NOT_FALSE_CLEAN,True,182,96,182,16
validation,validation_dirty_157,contaminated,0.1,>5%,psf_blurred,1,aggressive,UNKNOWN,global_pass_fraction,NOT_FALSE_CLEAN,True,182,96,182,16
validation,validation_dirty_157,contaminated,0.1,>5%,psf_blurred,1,balanced,UNKNOWN,global_pass_fraction,NOT_FALSE_CLEAN,True,182,96,182,16
validation,validation_dirty_157,contaminated,0.1,>5%,psf_blurred,1,conservative,UNKNOWN,global_pass_fraction,NOT_FALSE_CLEAN,True,182,96,182,16
validation,validation_dirty_158,contaminated,0.1,>5%,registration_shifted,0,global_baseline,FLAG,pixel_flag,NOT_FALSE_CLEAN,True,101,101,-1,-1
validation,validation_dirty_158,contaminated,0.1,>5%,registration_shifted,0,tile,FLAG,pixel_flag,NOT_FALSE_CLEAN,True,101,101,-1,-1
validation,validation_dirty_158,contaminated,0.1,>5%,registration_shifted,0,multiscale,FLAG,pixel_flag,NOT_FALSE_CLEAN,True,101,101,-1,-1
validation,validation_dirty_158,contaminated,0.1,>5%,registration_shifted,0,connected_component,FLAG,pixel_flag,NOT_FALSE_CLEAN,True,101,101,-1,-1
validation,validation_dirty_158,contaminated,0.1,>5%,registration_shifted,0,max_local_density,FLAG,pixel_flag,NOT_FALSE_CLEAN,True,101,101,-1,-1
validation,validation_dirty_158,contaminated,0.1,>5%,registration_shifted,0,edge_aware,FLAG,pixel_flag,NOT_FALSE_CLEAN,True,101,101,-1,-1
validation,validation_dirty_158,contaminated,0.1,>5%,registration_shifted,0,aggressive,FLAG,pixel_flag,NOT_FALSE_CLEAN,True,101,101,-1,-1
validation,validation_dirty_158,contaminated,0.1,>5%,registration_shifted,0,balanced,FLAG,pixel_flag,NOT_FALSE_CLEAN,True,101,101,-1,-1
validation,validation_dirty_158,contaminated,0.1,>5%,registration_shifted,0,conservative,FLAG,pixel_flag,NOT_FALSE_CLEAN,True,101,101,-1,-1
validation,validation_dirty_159,contaminated,0.1,>5%,registration_shifted,1,global_baseline,UNKNOWN,global_pass_fraction,NOT_FALSE_CLEAN,True,101,101,101,12
validation,validation_dirty_159,contaminated,0.1,>5%,registration_shifted,1,tile,UNKNOWN,global_pass_fraction,NOT_FALSE_CLEAN,True,101,101,101,12
validation,validation_dirty_159,contaminated,0.1,>5%,registration_shifted,1,multiscale,UNKNOWN,global_pass_fraction,NOT_FALSE_CLEAN,True,101,101,101,12
validation,validation_dirty_159,contaminated,0.1,>5%,registration_shifted,1,connected_component,UNKNOWN,global_pass_fraction,NOT_FALSE_CLEAN,True,101,101,101,12
validation,validation_dirty_159,contaminated,0.1,>5%,registration_shifted,1,max_local_density,UNKNOWN,global_pass_fraction,NOT_FALSE_CLEAN,True,101,101,101,12
validation,validation_dirty_159,contaminated,0.1,>5%,registration_shifted,1,edge_aware,UNKNOWN,global_pass_fraction,NOT_FALSE_CLEAN,True,101,101,101,12
validation,validation_dirty_159,contaminated,0.1,>5%,registration_shifted,1,aggressive,UNKNOWN,global_pass_fraction,NOT_FALSE_CLEAN,True,101,101,101,12
validation,validation_dirty_159,contaminated,0.1,>5%,registration_shifted,1,balanced,UNKNOWN,global_pass_fraction,NOT_FALSE_CLEAN,True,101,101,101,12
validation,validation_dirty_159,contaminated,0.1,>5%,registration_shifted,1,conservative,UNKNOWN,global_pass_fraction,NOT_FALSE_CLEAN,True,101,101,101,12
validation,validation_clean_160,clean,0.0,clean,nominal,0,global_baseline,PASS,spatial_certificate,CLEAN_NUISANCE,False,2,1024,1,1
validation,validation_clean_160,clean,0.0,clean,nominal,0,tile,PASS,spatial_certificate,CLEAN_NUISANCE,False,2,1024,1,1
validation,validation_clean_160,clean,0.0,clean,nominal,0,multiscale,PASS,spatial_certificate,CLEAN_NUISANCE,False,2,1024,1,1
validation,validation_clean_160,clean,0.0,clean,nominal,0,connected_component,PASS,spatial_certificate,CLEAN_NUISANCE,False,2,1024,1,1
validation,validation_clean_160,clean,0.0,clean,nominal,0,max_local_density,PASS,spatial_certificate,CLEAN_NUISANCE,False,2,1024,1,1
validation,validation_clean_160,clean,0.0,clean,nominal,0,edge_aware,PASS,spatial_certificate,CLEAN_NUISANCE,False,2,1024,1,1
validation,validation_clean_160,clean,0.0,clean,nominal,0,aggressive,PASS,spatial_certificate,CLEAN_NUISANCE,False,2,1024,1,1
validation,validation_clean_160,clean,0.0,clean,nominal,0,balanced,PASS,spatial_certificate,CLEAN_NUISANCE,False,2,1024,1,1
validation,validation_clean_160,clean,0.0,clean,nominal,0,conservative,PASS,spatial_certificate,CLEAN_NUISANCE,False,2,1024,1,1
validation,validation_clean_161,clean,0.0,clean,nominal,1,global_baseline,PASS,spatial_certificate,CLEAN_NUISANCE,False,1,1024,1,1
validation,validation_clean_161,clean,0.0,clean,nominal,1,tile,PASS,spatial_certificate,CLEAN_NUISANCE,False,1,1024,1,1
validation,validation_clean_161,clean,0.0,clean,nominal,1,multiscale,PASS,spatial_certificate,CLEAN_NUISANCE,False,1,1024,1,1
validation,validation_clean_161,clean,0.0,clean,nominal,1,connected_component,PASS,spatial_certificate,CLEAN_NUISANCE,False,1,1024,1,1
validation,validation_clean_161,clean,0.0,clean,nominal,1,max_local_density,PASS,spatial_certificate,CLEAN_NUISANCE,False,1,1024,1,1
validation,validation_clean_161,clean,0.0,clean,nominal,1,edge_aware,PASS,spatial_certificate,CLEAN_NUISANCE,False,1,1024,1,1
validation,validation_clean_161,clean,0.0,clean,nominal,1,aggressive,PASS,spatial_certificate,CLEAN_NUISANCE,False,1,1024,1,1
validation,validation_clean_161,clean,0.0,clean,nominal,1,balanced,PASS,spatial_certificate,CLEAN_NUISANCE,False,1,1024,1,1
validation,validation_clean_161,clean,0.0,clean,nominal,1,conservative,PASS,spatial_certificate,CLEAN_NUISANCE,False,1,1024,1,1
validation,validation_clean_162,clean,0.0,clean,nominal,2,global_baseline,PASS,spatial_certificate,CLEAN_NUISANCE,False,3,1024,1,1
validation,validation_clean_162,clean,0.0,clean,nominal,2,tile,PASS,spatial_certificate,CLEAN_NUISANCE,False,3,1024,1,1
validation,validation_clean_162,clean,0.0,clean,nominal,2,multiscale,PASS,spatial_certificate,CLEAN_NUISANCE,False,3,1024,1,1
validation,validation_clean_162,clean,0.0,clean,nominal,2,connected_component,PASS,spatial_certificate,CLEAN_NUISANCE,False,3,1024,1,1
validation,validation_clean_162,clean,0.0,clean,nominal,2,max_local_density,PASS,spatial_certificate,CLEAN_NUISANCE,False,3,1024,1,1
validation,validation_clean_162,clean,0.0,clean,nominal,2,edge_aware,PASS,spatial_certificate,CLEAN_NUISANCE,False,3,1024,1,1
validation,validation_clean_162,clean,0.0,clean,nominal,2,aggressive,UNKNOWN,window_4_density,CLEAN_NUISANCE,False,3,1024,1,1
validation,validation_clean_162,clean,0.0,clean,nominal,2,balanced,PASS,spatial_certificate,CLEAN_NUISANCE,False,3,1024,1,1
validation,validation_clean_162,clean,0.0,clean,nominal,2,conservative,PASS,spatial_certificate,CLEAN_NUISANCE,False,3,1024,1,1
validation,validation_clean_163,clean,0.0,clean,nominal,3,global_baseline,PASS,spatial_certificate,CLEAN_NUISANCE,False,0,1024,0,0
validation,validation_clean_163,clean,0.0,clean,nominal,3,tile,PASS,spatial_certificate,CLEAN_NUISANCE,False,0,1024,0,0
validation,validation_clean_163,clean,0.0,clean,nominal,3,multiscale,PASS,spatial_certificate,CLEAN_NUISANCE,False,0,1024,0,0
validation,validation_clean_163,clean,0.0,clean,nominal,3,connected_component,PASS,spatial_certificate,CLEAN_NUISANCE,False,0,1024,0,0
validation,validation_clean_163,clean,0.0,clean,nominal,3,max_local_density,PASS,spatial_certificate,CLEAN_NUISANCE,False,0,1024,0,0
validation,validation_clean_163,clean,0.0,clean,nominal,3,edge_aware,PASS,spatial_certificate,CLEAN_NUISANCE,False,0,1024,0,0
validation,validation_clean_163,clean,0.0,clean,nominal,3,aggressive,PASS,spatial_certificate,CLEAN_NUISANCE,False,0,1024,0,0
validation,validation_clean_163,clean,0.0,clean,nominal,3,balanced,PASS,spatial_certificate,CLEAN_NUISANCE,False,0,1024,0,0
validation,validation_clean_163,clean,0.0,clean,nominal,3,conservative,PASS,spatial_certificate,CLEAN_NUISANCE,False,0,1024,0,0
validation,validation_clean_164,clean,0.0,clean,nominal,4,global_baseline,PASS,spatial_certificate,CLEAN_NUISANCE,False,0,1024,0,0
validation,validation_clean_164,clean,0.0,clean,nominal,4,tile,PASS,spatial_certificate,CLEAN_NUISANCE,False,0,1024,0,0
validation,validation_clean_164,clean,0.0,clean,nominal,4,multiscale,PASS,spatial_certificate,CLEAN_NUISANCE,False,0,1024,0,0
validation,validation_clean_164,clean,0.0,clean,nominal,4,connected_component,PASS,spatial_certificate,CLEAN_NUISANCE,False,0,1024,0,0
validation,validation_clean_164,clean,0.0,clean,nominal,4,max_local_density,PASS,spatial_certificate,CLEAN_NUISANCE,False,0,1024,0,0
validation,validation_clean_164,clean,0.0,clean,nominal,4,edge_aware,PASS,spatial_certificate,CLEAN_NUISANCE,False,0,1024,0,0
validation,validation_clean_164,clean,0.0,clean,nominal,4,aggressive,PASS,spatial_certificate,CLEAN_NUISANCE,False,0,1024,0,0
validation,validation_clean_164,clean,0.0,clean,nominal,4,balanced,PASS,spatial_certificate,CLEAN_NUISANCE,False,0,1024,0,0
validation,validation_clean_164,clean,0.0,clean,nominal,4,conservative,PASS,spatial_certificate,CLEAN_NUISANCE,False,0,1024,0,0
validation,validation_clean_165,clean,0.0,clean,nominal,5,global_baseline,PASS,spatial_certificate,CLEAN_NUISANCE,False,1,1024,1,1
validation,validation_clean_165,clean,0.0,clean,nominal,5,tile,PASS,spatial_certificate,CLEAN_NUISANCE,False,1,1024,1,1
validation,validation_clean_165,clean,0.0,clean,nominal,5,multiscale,PASS,spatial_certificate,CLEAN_NUISANCE,False,1,1024,1,1
validation,validation_clean_165,clean,0.0,clean,nominal,5,connected_component,PASS,spatial_certificate,CLEAN_NUISANCE,False,1,1024,1,1
validation,validation_clean_165,clean,0.0,clean,nominal,5,max_local_density,PASS,spatial_certificate,CLEAN_NUISANCE,False,1,1024,1,1
validation,validation_clean_165,clean,0.0,clean,nominal,5,edge_aware,PASS,spatial_certificate,CLEAN_NUISANCE,False,1,1024,1,1
validation,validation_clean_165,clean,0.0,clean,nominal,5,aggressive,PASS,spatial_certificate,CLEAN_NUISANCE,False,1,1024,1,1
validation,validation_clean_165,clean,0.0,clean,nominal,5,balanced,PASS,spatial_certificate,CLEAN_NUISANCE,False,1,1024,1,1
validation,validation_clean_165,clean,0.0,clean,nominal,5,conservative,PASS,spatial_certificate,CLEAN_NUISANCE,False,1,1024,1,1
validation,validation_clean_166,clean,0.0,clean,nominal,6,global_baseline,PASS,spatial_certificate,CLEAN_NUISANCE,False,1,1024,1,1
validation,validation_clean_166,clean,0.0,clean,nominal,6,tile,PASS,spatial_certificate,CLEAN_NUISANCE,False,1,1024,1,1
validation,validation_clean_166,clean,0.0,clean,nominal,6,multiscale,PASS,spatial_certificate,CLEAN_NUISANCE,False,1,1024,1,1
validation,validation_clean_166,clean,0.0,clean,nominal,6,connected_component,PASS,spatial_certificate,CLEAN_NUISANCE,False,1,1024,1,1
validation,validation_clean_166,clean,0.0,clean,nominal,6,max_local_density,PASS,spatial_certificate,CLEAN_NUISANCE,False,1,1024,1,1
validation,validation_clean_166,clean,0.0,clean,nominal,6,edge_aware,PASS,spatial_certificate,CLEAN_NUISANCE,False,1,1024,1,1
validation,validation_clean_166,clean,0.0,clean,nominal,6,aggressive,PASS,spatial_certificate,CLEAN_NUISANCE,False,1,1024,1,1
validation,validation_clean_166,clean,0.0,clean,nominal,6,balanced,PASS,spatial_certificate,CLEAN_NUISANCE,False,1,1024,1,1
validation,validation_clean_166,clean,0.0,clean,nominal,6,conservative,PASS,spatial_certificate,CLEAN_NUISANCE,False,1,1024,1,1
validation,validation_clean_167,clean,0.0,clean,nominal,7,global_baseline,PASS,spatial_certificate,CLEAN_NUISANCE,False,1,1024,1,1
validation,validation_clean_167,clean,0.0,clean,nominal,7,tile,PASS,spatial_certificate,CLEAN_NUISANCE,False,1,1024,1,1
validation,validation_clean_167,clean,0.0,clean,nominal,7,multiscale,PASS,spatial_certificate,CLEAN_NUISANCE,False,1,1024,1,1
validation,validation_clean_167,clean,0.0,clean,nominal,7,connected_component,PASS,spatial_certificate,CLEAN_NUISANCE,False,1,1024,1,1
validation,validation_clean_167,clean,0.0,clean,nominal,7,max_local_density,PASS,spatial_certificate,CLEAN_NUISANCE,False,1,1024,1,1
validation,validation_clean_167,clean,0.0,clean,nominal,7,edge_aware,PASS,spatial_certificate,CLEAN_NUISANCE,False,1,1024,1,1
validation,validation_clean_167,clean,0.0,clean,nominal,7,aggressive,PASS,spatial_certificate,CLEAN_NUISANCE,False,1,1024,1,1
validation,validation_clean_167,clean,0.0,clean,nominal,7,balanced,PASS,spatial_certificate,CLEAN_NUISANCE,False,1,1024,1,1
validation,validation_clean_167,clean,0.0,clean,nominal,7,conservative,PASS,spatial_certificate,CLEAN_NUISANCE,False,1,1024,1,1
validation,validation_clean_168,clean,0.0,clean,nominal,8,global_baseline,PASS,spatial_certificate,CLEAN_NUISANCE,False,2,1024,1,1
validation,validation_clean_168,clean,0.0,clean,nominal,8,tile,PASS,spatial_certificate,CLEAN_NUISANCE,False,2,1024,1,1
validation,validation_clean_168,clean,0.0,clean,nominal,8,multiscale,PASS,spatial_certificate,CLEAN_NUISANCE,False,2,1024,1,1
validation,validation_clean_168,clean,0.0,clean,nominal,8,connected_component,PASS,spatial_certificate,CLEAN_NUISANCE,False,2,1024,1,1
validation,validation_clean_168,clean,0.0,clean,nominal,8,max_local_density,PASS,spatial_certificate,CLEAN_NUISANCE,False,2,1024,1,1
validation,validation_clean_168,clean,0.0,clean,nominal,8,edge_aware,PASS,spatial_certificate,CLEAN_NUISANCE,False,2,1024,1,1
validation,validation_clean_168,clean,0.0,clean,nominal,8,aggressive,PASS,spatial_certificate,CLEAN_NUISANCE,False,2,1024,1,1
validation,validation_clean_168,clean,0.0,clean,nominal,8,balanced,PASS,spatial_certificate,CLEAN_NUISANCE,False,2,1024,1,1
validation,validation_clean_168,clean,0.0,clean,nominal,8,conservative,PASS,spatial_certificate,CLEAN_NUISANCE,False,2,1024,1,1
validation,validation_clean_169,clean,0.0,clean,nominal,9,global_baseline,PASS,spatial_certificate,CLEAN_NUISANCE,False,0,1024,0,0
validation,validation_clean_169,clean,0.0,clean,nominal,9,tile,PASS,spatial_certificate,CLEAN_NUISANCE,False,0,1024,0,0
validation,validation_clean_169,clean,0.0,clean,nominal,9,multiscale,PASS,spatial_certificate,CLEAN_NUISANCE,False,0,1024,0,0
validation,validation_clean_169,clean,0.0,clean,nominal,9,connected_component,PASS,spatial_certificate,CLEAN_NUISANCE,False,0,1024,0,0
validation,validation_clean_169,clean,0.0,clean,nominal,9,max_local_density,PASS,spatial_certificate,CLEAN_NUISANCE,False,0,1024,0,0
validation,validation_clean_169,clean,0.0,clean,nominal,9,edge_aware,PASS,spatial_certificate,CLEAN_NUISANCE,False,0,1024,0,0
validation,validation_clean_169,clean,0.0,clean,nominal,9,aggressive,PASS,spatial_certificate,CLEAN_NUISANCE,False,0,1024,0,0
validation,validation_clean_169,clean,0.0,clean,nominal,9,balanced,PASS,spatial_certificate,CLEAN_NUISANCE,False,0,1024,0,0
validation,validation_clean_169,clean,0.0,clean,nominal,9,conservative,PASS,spatial_certificate,CLEAN_NUISANCE,False,0,1024,0,0
validation,validation_clean_170,clean,0.0,clean,nominal,10,global_baseline,PASS,spatial_certificate,CLEAN_NUISANCE,False,2,1024,1,1
validation,validation_clean_170,clean,0.0,clean,nominal,10,tile,PASS,spatial_certificate,CLEAN_NUISANCE,False,2,1024,1,1
validation,validation_clean_170,clean,0.0,clean,nominal,10,multiscale,PASS,spatial_certificate,CLEAN_NUISANCE,False,2,1024,1,1
validation,validation_clean_170,clean,0.0,clean,nominal,10,connected_component,PASS,spatial_certificate,CLEAN_NUISANCE,False,2,1024,1,1
validation,validation_clean_170,clean,0.0,clean,nominal,10,max_local_density,PASS,spatial_certificate,CLEAN_NUISANCE,False,2,1024,1,1
validation,validation_clean_170,clean,0.0,clean,nominal,10,edge_aware,PASS,spatial_certificate,CLEAN_NUISANCE,False,2,1024,1,1
validation,validation_clean_170,clean,0.0,clean,nominal,10,aggressive,PASS,spatial_certificate,CLEAN_NUISANCE,False,2,1024,1,1
validation,validation_clean_170,clean,0.0,clean,nominal,10,balanced,PASS,spatial_certificate,CLEAN_NUISANCE,False,2,1024,1,1
validation,validation_clean_170,clean,0.0,clean,nominal,10,conservative,PASS,spatial_certificate,CLEAN_NUISANCE,False,2,1024,1,1
validation,validation_clean_171,clean,0.0,clean,nominal,11,global_baseline,PASS,spatial_certificate,CLEAN_NUISANCE,False,0,1024,0,0
validation,validation_clean_171,clean,0.0,clean,nominal,11,tile,PASS,spatial_certificate,CLEAN_NUISANCE,False,0,1024,0,0
validation,validation_clean_171,clean,0.0,clean,nominal,11,multiscale,PASS,spatial_certificate,CLEAN_NUISANCE,False,0,1024,0,0
validation,validation_clean_171,clean,0.0,clean,nominal,11,connected_component,PASS,spatial_certificate,CLEAN_NUISANCE,False,0,1024,0,0
validation,validation_clean_171,clean,0.0,clean,nominal,11,max_local_density,PASS,spatial_certificate,CLEAN_NUISANCE,False,0,1024,0,0
validation,validation_clean_171,clean,0.0,clean,nominal,11,edge_aware,PASS,spatial_certificate,CLEAN_NUISANCE,False,0,1024,0,0
validation,validation_clean_171,clean,0.0,clean,nominal,11,aggressive,PASS,spatial_certificate,CLEAN_NUISANCE,False,0,1024,0,0
validation,validation_clean_171,clean,0.0,clean,nominal,11,balanced,PASS,spatial_certificate,CLEAN_NUISANCE,False,0,1024,0,0
validation,validation_clean_171,clean,0.0,clean,nominal,11,conservative,PASS,spatial_certificate,CLEAN_NUISANCE,False,0,1024,0,0
validation,validation_clean_172,clean,0.0,clean,nominal,12,global_baseline,PASS,spatial_certificate,CLEAN_NUISANCE,False,1,1024,1,1
validation,validation_clean_172,clean,0.0,clean,nominal,12,tile,PASS,spatial_certificate,CLEAN_NUISANCE,False,1,1024,1,1
validation,validation_clean_172,clean,0.0,clean,nominal,12,multiscale,PASS,spatial_certificate,CLEAN_NUISANCE,False,1,1024,1,1
validation,validation_clean_172,clean,0.0,clean,nominal,12,connected_component,PASS,spatial_certificate,CLEAN_NUISANCE,False,1,1024,1,1
validation,validation_clean_172,clean,0.0,clean,nominal,12,max_local_density,PASS,spatial_certificate,CLEAN_NUISANCE,False,1,1024,1,1
validation,validation_clean_172,clean,0.0,clean,nominal,12,edge_aware,PASS,spatial_certificate,CLEAN_NUISANCE,False,1,1024,1,1
validation,validation_clean_172,clean,0.0,clean,nominal,12,aggressive,PASS,spatial_certificate,CLEAN_NUISANCE,False,1,1024,1,1
validation,validation_clean_172,clean,0.0,clean,nominal,12,balanced,PASS,spatial_certificate,CLEAN_NUISANCE,False,1,1024,1,1
validation,validation_clean_172,clean,0.0,clean,nominal,12,conservative,PASS,spatial_certificate,CLEAN_NUISANCE,False,1,1024,1,1
validation,validation_clean_173,clean,0.0,clean,nominal,13,global_baseline,PASS,spatial_certificate,CLEAN_NUISANCE,False,2,1024,1,1
validation,validation_clean_173,clean,0.0,clean,nominal,13,tile,PASS,spatial_certificate,CLEAN_NUISANCE,False,2,1024,1,1
validation,validation_clean_173,clean,0.0,clean,nominal,13,multiscale,PASS,spatial_certificate,CLEAN_NUISANCE,False,2,1024,1,1
validation,validation_clean_173,clean,0.0,clean,nominal,13,connected_component,PASS,spatial_certificate,CLEAN_NUISANCE,False,2,1024,1,1
validation,validation_clean_173,clean,0.0,clean,nominal,13,max_local_density,PASS,spatial_certificate,CLEAN_NUISANCE,False,2,1024,1,1
validation,validation_clean_173,clean,0.0,clean,nominal,13,edge_aware,PASS,spatial_certificate,CLEAN_NUISANCE,False,2,1024,1,1
validation,validation_clean_173,clean,0.0,clean,nominal,13,aggressive,PASS,spatial_certificate,CLEAN_NUISANCE,False,2,1024,1,1
validation,validation_clean_173,clean,0.0,clean,nominal,13,balanced,PASS,spatial_certificate,CLEAN_NUISANCE,False,2,1024,1,1
validation,validation_clean_173,clean,0.0,clean,nominal,13,conservative,PASS,spatial_certificate,CLEAN_NUISANCE,False,2,1024,1,1
validation,validation_clean_174,clean,0.0,clean,nominal,14,global_baseline,PASS,spatial_certificate,CLEAN_NUISANCE,False,2,1024,1,1
validation,validation_clean_174,clean,0.0,clean,nominal,14,tile,PASS,spatial_certificate,CLEAN_NUISANCE,False,2,1024,1,1
validation,validation_clean_174,clean,0.0,clean,nominal,14,multiscale,PASS,spatial_certificate,CLEAN_NUISANCE,False,2,1024,1,1
validation,validation_clean_174,clean,0.0,clean,nominal,14,connected_component,PASS,spatial_certificate,CLEAN_NUISANCE,False,2,1024,1,1
validation,validation_clean_174,clean,0.0,clean,nominal,14,max_local_density,PASS,spatial_certificate,CLEAN_NUISANCE,False,2,1024,1,1
validation,validation_clean_174,clean,0.0,clean,nominal,14,edge_aware,PASS,spatial_certificate,CLEAN_NUISANCE,False,2,1024,1,1
validation,validation_clean_174,clean,0.0,clean,nominal,14,aggressive,PASS,spatial_certificate,CLEAN_NUISANCE,False,2,1024,1,1
validation,validation_clean_174,clean,0.0,clean,nominal,14,balanced,PASS,spatial_certificate,CLEAN_NUISANCE,False,2,1024,1,1
validation,validation_clean_174,clean,0.0,clean,nominal,14,conservative,PASS,spatial_certificate,CLEAN_NUISANCE,False,2,1024,1,1
validation,validation_clean_175,clean,0.0,clean,nominal,15,global_baseline,PASS,spatial_certificate,CLEAN_NUISANCE,False,2,1024,1,1
validation,validation_clean_175,clean,0.0,clean,nominal,15,tile,PASS,spatial_certificate,CLEAN_NUISANCE,False,2,1024,1,1
validation,validation_clean_175,clean,0.0,clean,nominal,15,multiscale,PASS,spatial_certificate,CLEAN_NUISANCE,False,2,1024,1,1
validation,validation_clean_175,clean,0.0,clean,nominal,15,connected_component,PASS,spatial_certificate,CLEAN_NUISANCE,False,2,1024,1,1
validation,validation_clean_175,clean,0.0,clean,nominal,15,max_local_density,PASS,spatial_certificate,CLEAN_NUISANCE,False,2,1024,1,1
validation,validation_clean_175,clean,0.0,clean,nominal,15,edge_aware,PASS,spatial_certificate,CLEAN_NUISANCE,False,2,1024,1,1
validation,validation_clean_175,clean,0.0,clean,nominal,15,aggressive,PASS,spatial_certificate,CLEAN_NUISANCE,False,2,1024,1,1
validation,validation_clean_175,clean,0.0,clean,nominal,15,balanced,PASS,spatial_certificate,CLEAN_NUISANCE,False,2,1024,1,1
validation,validation_clean_175,clean,0.0,clean,nominal,15,conservative,PASS,spatial_certificate,CLEAN_NUISANCE,False,2,1024,1,1
validation,validation_clean_176,clean,0.0,clean,texture,0,global_baseline,UNKNOWN,global_pass_fraction,CLEAN_NUISANCE,False,83,82,17,8
validation,validation_clean_176,clean,0.0,clean,texture,0,tile,UNKNOWN,global_pass_fraction,CLEAN_NUISANCE,False,83,82,17,8
validation,validation_clean_176,clean,0.0,clean,texture,0,multiscale,UNKNOWN,global_pass_fraction,CLEAN_NUISANCE,False,83,82,17,8
validation,validation_clean_176,clean,0.0,clean,texture,0,connected_component,UNKNOWN,global_pass_fraction,CLEAN_NUISANCE,False,83,82,17,8
validation,validation_clean_176,clean,0.0,clean,texture,0,max_local_density,UNKNOWN,global_pass_fraction,CLEAN_NUISANCE,False,83,82,17,8
validation,validation_clean_176,clean,0.0,clean,texture,0,edge_aware,UNKNOWN,global_pass_fraction,CLEAN_NUISANCE,False,83,82,17,8
validation,validation_clean_176,clean,0.0,clean,texture,0,aggressive,UNKNOWN,global_pass_fraction,CLEAN_NUISANCE,False,83,82,17,8
validation,validation_clean_176,clean,0.0,clean,texture,0,balanced,UNKNOWN,global_pass_fraction,CLEAN_NUISANCE,False,83,82,17,8
validation,validation_clean_176,clean,0.0,clean,texture,0,conservative,UNKNOWN,global_pass_fraction,CLEAN_NUISANCE,False,83,82,17,8
validation,validation_clean_177,clean,0.0,clean,texture,1,global_baseline,UNKNOWN,global_pass_fraction,CLEAN_NUISANCE,False,82,82,12,5
validation,validation_clean_177,clean,0.0,clean,texture,1,tile,UNKNOWN,global_pass_fraction,CLEAN_NUISANCE,False,82,82,12,5
validation,validation_clean_177,clean,0.0,clean,texture,1,multiscale,UNKNOWN,global_pass_fraction,CLEAN_NUISANCE,False,82,82,12,5
validation,validation_clean_177,clean,0.0,clean,texture,1,connected_component,UNKNOWN,global_pass_fraction,CLEAN_NUISANCE,False,82,82,12,5
validation,validation_clean_177,clean,0.0,clean,texture,1,max_local_density,UNKNOWN,global_pass_fraction,CLEAN_NUISANCE,False,82,82,12,5
validation,validation_clean_177,clean,0.0,clean,texture,1,edge_aware,UNKNOWN,global_pass_fraction,CLEAN_NUISANCE,False,82,82,12,5
validation,validation_clean_177,clean,0.0,clean,texture,1,aggressive,UNKNOWN,global_pass_fraction,CLEAN_NUISANCE,False,82,82,12,5
validation,validation_clean_177,clean,0.0,clean,texture,1,balanced,UNKNOWN,global_pass_fraction,CLEAN_NUISANCE,False,82,82,12,5
validation,validation_clean_177,clean,0.0,clean,texture,1,conservative,UNKNOWN,global_pass_fraction,CLEAN_NUISANCE,False,82,82,12,5
validation,validation_clean_178,clean,0.0,clean,texture,2,global_baseline,UNKNOWN,global_pass_fraction,CLEAN_NUISANCE,False,84,82,18,8
validation,validation_clean_178,clean,0.0,clean,texture,2,tile,UNKNOWN,global_pass_fraction,CLEAN_NUISANCE,False,84,82,18,8
validation,validation_clean_178,clean,0.0,clean,texture,2,multiscale,UNKNOWN,global_pass_fraction,CLEAN_NUISANCE,False,84,82,18,8
validation,validation_clean_178,clean,0.0,clean,texture,2,connected_component,UNKNOWN,global_pass_fraction,CLEAN_NUISANCE,False,84,82,18,8
validation,validation_clean_178,clean,0.0,clean,texture,2,max_local_density,UNKNOWN,global_pass_fraction,CLEAN_NUISANCE,False,84,82,18,8
validation,validation_clean_178,clean,0.0,clean,texture,2,edge_aware,UNKNOWN,global_pass_fraction,CLEAN_NUISANCE,False,84,82,18,8
validation,validation_clean_178,clean,0.0,clean,texture,2,aggressive,UNKNOWN,global_pass_fraction,CLEAN_NUISANCE,False,84,82,18,8
validation,validation_clean_178,clean,0.0,clean,texture,2,balanced,UNKNOWN,global_pass_fraction,CLEAN_NUISANCE,False,84,82,18,8
validation,validation_clean_178,clean,0.0,clean,texture,2,conservative,UNKNOWN,global_pass_fraction,CLEAN_NUISANCE,False,84,82,18,8
validation,validation_clean_179,clean,0.0,clean,texture,3,global_baseline,UNKNOWN,global_pass_fraction,CLEAN_NUISANCE,False,82,82,32,12
validation,validation_clean_179,clean,0.0,clean,texture,3,tile,UNKNOWN,global_pass_fraction,CLEAN_NUISANCE,False,82,82,32,12
validation,validation_clean_179,clean,0.0,clean,texture,3,multiscale,UNKNOWN,global_pass_fraction,CLEAN_NUISANCE,False,82,82,32,12
validation,validation_clean_179,clean,0.0,clean,texture,3,connected_component,UNKNOWN,global_pass_fraction,CLEAN_NUISANCE,False,82,82,32,12
validation,validation_clean_179,clean,0.0,clean,texture,3,max_local_density,UNKNOWN,global_pass_fraction,CLEAN_NUISANCE,False,82,82,32,12
validation,validation_clean_179,clean,0.0,clean,texture,3,edge_aware,UNKNOWN,global_pass_fraction,CLEAN_NUISANCE,False,82,82,32,12
validation,validation_clean_179,clean,0.0,clean,texture,3,aggressive,UNKNOWN,global_pass_fraction,CLEAN_NUISANCE,False,82,82,32,12
validation,validation_clean_179,clean,0.0,clean,texture,3,balanced,UNKNOWN,global_pass_fraction,CLEAN_NUISANCE,False,82,82,32,12
validation,validation_clean_179,clean,0.0,clean,texture,3,conservative,UNKNOWN,global_pass_fraction,CLEAN_NUISANCE,False,82,82,32,12
validation,validation_clean_180,clean,0.0,clean,texture,4,global_baseline,UNKNOWN,global_pass_fraction,CLEAN_NUISANCE,False,82,82,21,10
validation,validation_clean_180,clean,0.0,clean,texture,4,tile,UNKNOWN,global_pass_fraction,CLEAN_NUISANCE,False,82,82,21,10
validation,validation_clean_180,clean,0.0,clean,texture,4,multiscale,UNKNOWN,global_pass_fraction,CLEAN_NUISANCE,False,82,82,21,10
validation,validation_clean_180,clean,0.0,clean,texture,4,connected_component,UNKNOWN,global_pass_fraction,CLEAN_NUISANCE,False,82,82,21,10
validation,validation_clean_180,clean,0.0,clean,texture,4,max_local_density,UNKNOWN,global_pass_fraction,CLEAN_NUISANCE,False,82,82,21,10
validation,validation_clean_180,clean,0.0,clean,texture,4,edge_aware,UNKNOWN,global_pass_fraction,CLEAN_NUISANCE,False,82,82,21,10
validation,validation_clean_180,clean,0.0,clean,texture,4,aggressive,UNKNOWN,global_pass_fraction,CLEAN_NUISANCE,False,82,82,21,10
validation,validation_clean_180,clean,0.0,clean,texture,4,balanced,UNKNOWN,global_pass_fraction,CLEAN_NUISANCE,False,82,82,21,10
validation,validation_clean_180,clean,0.0,clean,texture,4,conservative,UNKNOWN,global_pass_fraction,CLEAN_NUISANCE,False,82,82,21,10
validation,validation_clean_181,clean,0.0,clean,texture,5,global_baseline,UNKNOWN,global_pass_fraction,CLEAN_NUISANCE,False,82,82,24,9
validation,validation_clean_181,clean,0.0,clean,texture,5,tile,UNKNOWN,global_pass_fraction,CLEAN_NUISANCE,False,82,82,24,9
validation,validation_clean_181,clean,0.0,clean,texture,5,multiscale,UNKNOWN,global_pass_fraction,CLEAN_NUISANCE,False,82,82,24,9
validation,validation_clean_181,clean,0.0,clean,texture,5,connected_component,UNKNOWN,global_pass_fraction,CLEAN_NUISANCE,False,82,82,24,9
validation,validation_clean_181,clean,0.0,clean,texture,5,max_local_density,UNKNOWN,global_pass_fraction,CLEAN_NUISANCE,False,82,82,24,9
validation,validation_clean_181,clean,0.0,clean,texture,5,edge_aware,UNKNOWN,global_pass_fraction,CLEAN_NUISANCE,False,82,82,24,9
validation,validation_clean_181,clean,0.0,clean,texture,5,aggressive,UNKNOWN,global_pass_fraction,CLEAN_NUISANCE,False,82,82,24,9
validation,validation_clean_181,clean,0.0,clean,texture,5,balanced,UNKNOWN,global_pass_fraction,CLEAN_NUISANCE,False,82,82,24,9
validation,validation_clean_181,clean,0.0,clean,texture,5,conservative,UNKNOWN,global_pass_fraction,CLEAN_NUISANCE,False,82,82,24,9
validation,validation_clean_182,clean,0.0,clean,texture,6,global_baseline,UNKNOWN,global_pass_fraction,CLEAN_NUISANCE,False,82,82,30,10
validation,validation_clean_182,clean,0.0,clean,texture,6,tile,UNKNOWN,global_pass_fraction,CLEAN_NUISANCE,False,82,82,30,10
validation,validation_clean_182,clean,0.0,clean,texture,6,multiscale,UNKNOWN,global_pass_fraction,CLEAN_NUISANCE,False,82,82,30,10
validation,validation_clean_182,clean,0.0,clean,texture,6,connected_component,UNKNOWN,global_pass_fraction,CLEAN_NUISANCE,False,82,82,30,10
validation,validation_clean_182,clean,0.0,clean,texture,6,max_local_density,UNKNOWN,global_pass_fraction,CLEAN_NUISANCE,False,82,82,30,10
validation,validation_clean_182,clean,0.0,clean,texture,6,edge_aware,UNKNOWN,global_pass_fraction,CLEAN_NUISANCE,False,82,82,30,10
validation,validation_clean_182,clean,0.0,clean,texture,6,aggressive,UNKNOWN,global_pass_fraction,CLEAN_NUISANCE,False,82,82,30,10
validation,validation_clean_182,clean,0.0,clean,texture,6,balanced,UNKNOWN,global_pass_fraction,CLEAN_NUISANCE,False,82,82,30,10
validation,validation_clean_182,clean,0.0,clean,texture,6,conservative,UNKNOWN,global_pass_fraction,CLEAN_NUISANCE,False,82,82,30,10
validation,validation_clean_183,clean,0.0,clean,texture,7,global_baseline,UNKNOWN,global_pass_fraction,CLEAN_NUISANCE,False,84,82,25,10
validation,validation_clean_183,clean,0.0,clean,texture,7,tile,UNKNOWN,global_pass_fraction,CLEAN_NUISANCE,False,84,82,25,10
validation,validation_clean_183,clean,0.0,clean,texture,7,multiscale,UNKNOWN,global_pass_fraction,CLEAN_NUISANCE,False,84,82,25,10
validation,validation_clean_183,clean,0.0,clean,texture,7,connected_component,UNKNOWN,global_pass_fraction,CLEAN_NUISANCE,False,84,82,25,10
validation,validation_clean_183,clean,0.0,clean,texture,7,max_local_density,UNKNOWN,global_pass_fraction,CLEAN_NUISANCE,False,84,82,25,10
validation,validation_clean_183,clean,0.0,clean,texture,7,edge_aware,UNKNOWN,global_pass_fraction,CLEAN_NUISANCE,False,84,82,25,10
validation,validation_clean_183,clean,0.0,clean,texture,7,aggressive,UNKNOWN,global_pass_fraction,CLEAN_NUISANCE,False,84,82,25,10
validation,validation_clean_183,clean,0.0,clean,texture,7,balanced,UNKNOWN,global_pass_fraction,CLEAN_NUISANCE,False,84,82,25,10
validation,validation_clean_183,clean,0.0,clean,texture,7,conservative,UNKNOWN,global_pass_fraction,CLEAN_NUISANCE,False,84,82,25,10
validation,validation_clean_184,clean,0.0,clean,texture,8,global_baseline,UNKNOWN,global_pass_fraction,CLEAN_NUISANCE,False,83,82,15,7
validation,validation_clean_184,clean,0.0,clean,texture,8,tile,UNKNOWN,global_pass_fraction,CLEAN_NUISANCE,False,83,82,15,7
validation,validation_clean_184,clean,0.0,clean,texture,8,multiscale,UNKNOWN,global_pass_fraction,CLEAN_NUISANCE,False,83,82,15,7
validation,validation_clean_184,clean,0.0,clean,texture,8,connected_component,UNKNOWN,global_pass_fraction,CLEAN_NUISANCE,False,83,82,15,7
validation,validation_clean_184,clean,0.0,clean,texture,8,max_local_density,UNKNOWN,global_pass_fraction,CLEAN_NUISANCE,False,83,82,15,7
validation,validation_clean_184,clean,0.0,clean,texture,8,edge_aware,UNKNOWN,global_pass_fraction,CLEAN_NUISANCE,False,83,82,15,7
validation,validation_clean_184,clean,0.0,clean,texture,8,aggressive,UNKNOWN,global_pass_fraction,CLEAN_NUISANCE,False,83,82,15,7
validation,validation_clean_184,clean,0.0,clean,texture,8,balanced,UNKNOWN,global_pass_fraction,CLEAN_NUISANCE,False,83,82,15,7
validation,validation_clean_184,clean,0.0,clean,texture,8,conservative,UNKNOWN,global_pass_fraction,CLEAN_NUISANCE,False,83,82,15,7
validation,validation_clean_185,clean,0.0,clean,texture,9,global_baseline,UNKNOWN,global_pass_fraction,CLEAN_NUISANCE,False,83,82,21,6
validation,validation_clean_185,clean,0.0,clean,texture,9,tile,UNKNOWN,global_pass_fraction,CLEAN_NUISANCE,False,83,82,21,6
validation,validation_clean_185,clean,0.0,clean,texture,9,multiscale,UNKNOWN,global_pass_fraction,CLEAN_NUISANCE,False,83,82,21,6
validation,validation_clean_185,clean,0.0,clean,texture,9,connected_component,UNKNOWN,global_pass_fraction,CLEAN_NUISANCE,False,83,82,21,6
validation,validation_clean_185,clean,0.0,clean,texture,9,max_local_density,UNKNOWN,global_pass_fraction,CLEAN_NUISANCE,False,83,82,21,6
validation,validation_clean_185,clean,0.0,clean,texture,9,edge_aware,UNKNOWN,global_pass_fraction,CLEAN_NUISANCE,False,83,82,21,6
validation,validation_clean_185,clean,0.0,clean,texture,9,aggressive,UNKNOWN,global_pass_fraction,CLEAN_NUISANCE,False,83,82,21,6
validation,validation_clean_185,clean,0.0,clean,texture,9,balanced,UNKNOWN,global_pass_fraction,CLEAN_NUISANCE,False,83,82,21,6
validation,validation_clean_185,clean,0.0,clean,texture,9,conservative,UNKNOWN,global_pass_fraction,CLEAN_NUISANCE,False,83,82,21,6
validation,validation_clean_186,clean,0.0,clean,texture,10,global_baseline,UNKNOWN,global_pass_fraction,CLEAN_NUISANCE,False,82,82,23,10
validation,validation_clean_186,clean,0.0,clean,texture,10,tile,UNKNOWN,global_pass_fraction,CLEAN_NUISANCE,False,82,82,23,10
validation,validation_clean_186,clean,0.0,clean,texture,10,multiscale,UNKNOWN,global_pass_fraction,CLEAN_NUISANCE,False,82,82,23,10
validation,validation_clean_186,clean,0.0,clean,texture,10,connected_component,UNKNOWN,global_pass_fraction,CLEAN_NUISANCE,False,82,82,23,10
validation,validation_clean_186,clean,0.0,clean,texture,10,max_local_density,UNKNOWN,global_pass_fraction,CLEAN_NUISANCE,False,82,82,23,10
validation,validation_clean_186,clean,0.0,clean,texture,10,edge_aware,UNKNOWN,global_pass_fraction,CLEAN_NUISANCE,False,82,82,23,10
validation,validation_clean_186,clean,0.0,clean,texture,10,aggressive,UNKNOWN,global_pass_fraction,CLEAN_NUISANCE,False,82,82,23,10
validation,validation_clean_186,clean,0.0,clean,texture,10,balanced,UNKNOWN,global_pass_fraction,CLEAN_NUISANCE,False,82,82,23,10
validation,validation_clean_186,clean,0.0,clean,texture,10,conservative,UNKNOWN,global_pass_fraction,CLEAN_NUISANCE,False,82,82,23,10
validation,validation_clean_187,clean,0.0,clean,texture,11,global_baseline,UNKNOWN,global_pass_fraction,CLEAN_NUISANCE,False,82,82,14,6
validation,validation_clean_187,clean,0.0,clean,texture,11,tile,UNKNOWN,global_pass_fraction,CLEAN_NUISANCE,False,82,82,14,6
validation,validation_clean_187,clean,0.0,clean,texture,11,multiscale,UNKNOWN,global_pass_fraction,CLEAN_NUISANCE,False,82,82,14,6
validation,validation_clean_187,clean,0.0,clean,texture,11,connected_component,UNKNOWN,global_pass_fraction,CLEAN_NUISANCE,False,82,82,14,6
validation,validation_clean_187,clean,0.0,clean,texture,11,max_local_density,UNKNOWN,global_pass_fraction,CLEAN_NUISANCE,False,82,82,14,6
validation,validation_clean_187,clean,0.0,clean,texture,11,edge_aware,UNKNOWN,global_pass_fraction,CLEAN_NUISANCE,False,82,82,14,6
validation,validation_clean_187,clean,0.0,clean,texture,11,aggressive,UNKNOWN,global_pass_fraction,CLEAN_NUISANCE,False,82,82,14,6
validation,validation_clean_187,clean,0.0,clean,texture,11,balanced,UNKNOWN,global_pass_fraction,CLEAN_NUISANCE,False,82,82,14,6
validation,validation_clean_187,clean,0.0,clean,texture,11,conservative,UNKNOWN,global_pass_fraction,CLEAN_NUISANCE,False,82,82,14,6
validation,validation_clean_188,clean,0.0,clean,texture,12,global_baseline,UNKNOWN,global_pass_fraction,CLEAN_NUISANCE,False,82,82,23,8
validation,validation_clean_188,clean,0.0,clean,texture,12,tile,UNKNOWN,global_pass_fraction,CLEAN_NUISANCE,False,82,82,23,8
validation,validation_clean_188,clean,0.0,clean,texture,12,multiscale,UNKNOWN,global_pass_fraction,CLEAN_NUISANCE,False,82,82,23,8
validation,validation_clean_188,clean,0.0,clean,texture,12,connected_component,UNKNOWN,global_pass_fraction,CLEAN_NUISANCE,False,82,82,23,8
validation,validation_clean_188,clean,0.0,clean,texture,12,max_local_density,UNKNOWN,global_pass_fraction,CLEAN_NUISANCE,False,82,82,23,8
validation,validation_clean_188,clean,0.0,clean,texture,12,edge_aware,UNKNOWN,global_pass_fraction,CLEAN_NUISANCE,False,82,82,23,8
validation,validation_clean_188,clean,0.0,clean,texture,12,aggressive,UNKNOWN,global_pass_fraction,CLEAN_NUISANCE,False,82,82,23,8
validation,validation_clean_188,clean,0.0,clean,texture,12,balanced,UNKNOWN,global_pass_fraction,CLEAN_NUISANCE,False,82,82,23,8
validation,validation_clean_188,clean,0.0,clean,texture,12,conservative,UNKNOWN,global_pass_fraction,CLEAN_NUISANCE,False,82,82,23,8
validation,validation_clean_189,clean,0.0,clean,texture,13,global_baseline,UNKNOWN,global_pass_fraction,CLEAN_NUISANCE,False,84,82,38,12
validation,validation_clean_189,clean,0.0,clean,texture,13,tile,UNKNOWN,global_pass_fraction,CLEAN_NUISANCE,False,84,82,38,12
validation,validation_clean_189,clean,0.0,clean,texture,13,multiscale,UNKNOWN,global_pass_fraction,CLEAN_NUISANCE,False,84,82,38,12
validation,validation_clean_189,clean,0.0,clean,texture,13,connected_component,UNKNOWN,global_pass_fraction,CLEAN_NUISANCE,False,84,82,38,12
validation,validation_clean_189,clean,0.0,clean,texture,13,max_local_density,UNKNOWN,global_pass_fraction,CLEAN_NUISANCE,False,84,82,38,12
validation,validation_clean_189,clean,0.0,clean,texture,13,edge_aware,UNKNOWN,global_pass_fraction,CLEAN_NUISANCE,False,84,82,38,12
validation,validation_clean_189,clean,0.0,clean,texture,13,aggressive,UNKNOWN,global_pass_fraction,CLEAN_NUISANCE,False,84,82,38,12
validation,validation_clean_189,clean,0.0,clean,texture,13,balanced,UNKNOWN,global_pass_fraction,CLEAN_NUISANCE,False,84,82,38,12
validation,validation_clean_189,clean,0.0,clean,texture,13,conservative,UNKNOWN,global_pass_fraction,CLEAN_NUISANCE,False,84,82,38,12
validation,validation_clean_190,clean,0.0,clean,texture,14,global_baseline,UNKNOWN,global_pass_fraction,CLEAN_NUISANCE,False,82,82,10,5
validation,validation_clean_190,clean,0.0,clean,texture,14,tile,UNKNOWN,global_pass_fraction,CLEAN_NUISANCE,False,82,82,10,5
validation,validation_clean_190,clean,0.0,clean,texture,14,multiscale,UNKNOWN,global_pass_fraction,CLEAN_NUISANCE,False,82,82,10,5
validation,validation_clean_190,clean,0.0,clean,texture,14,connected_component,UNKNOWN,global_pass_fraction,CLEAN_NUISANCE,False,82,82,10,5
validation,validation_clean_190,clean,0.0,clean,texture,14,max_local_density,UNKNOWN,global_pass_fraction,CLEAN_NUISANCE,False,82,82,10,5
validation,validation_clean_190,clean,0.0,clean,texture,14,edge_aware,UNKNOWN,global_pass_fraction,CLEAN_NUISANCE,False,82,82,10,5
validation,validation_clean_190,clean,0.0,clean,texture,14,aggressive,UNKNOWN,global_pass_fraction,CLEAN_NUISANCE,False,82,82,10,5
validation,validation_clean_190,clean,0.0,clean,texture,14,balanced,UNKNOWN,global_pass_fraction,CLEAN_NUISANCE,False,82,82,10,5
validation,validation_clean_190,clean,0.0,clean,texture,14,conservative,UNKNOWN,global_pass_fraction,CLEAN_NUISANCE,False,82,82,10,5
validation,validation_clean_191,clean,0.0,clean,texture,15,global_baseline,UNKNOWN,global_pass_fraction,CLEAN_NUISANCE,False,84,82,19,8
validation,validation_clean_191,clean,0.0,clean,texture,15,tile,UNKNOWN,global_pass_fraction,CLEAN_NUISANCE,False,84,82,19,8
validation,validation_clean_191,clean,0.0,clean,texture,15,multiscale,UNKNOWN,global_pass_fraction,CLEAN_NUISANCE,False,84,82,19,8
validation,validation_clean_191,clean,0.0,clean,texture,15,connected_component,UNKNOWN,global_pass_fraction,CLEAN_NUISANCE,False,84,82,19,8
validation,validation_clean_191,clean,0.0,clean,texture,15,max_local_density,UNKNOWN,global_pass_fraction,CLEAN_NUISANCE,False,84,82,19,8
validation,validation_clean_191,clean,0.0,clean,texture,15,edge_aware,UNKNOWN,global_pass_fraction,CLEAN_NUISANCE,False,84,82,19,8
validation,validation_clean_191,clean,0.0,clean,texture,15,aggressive,UNKNOWN,global_pass_fraction,CLEAN_NUISANCE,False,84,82,19,8
validation,validation_clean_191,clean,0.0,clean,texture,15,balanced,UNKNOWN,global_pass_fraction,CLEAN_NUISANCE,False,84,82,19,8
validation,validation_clean_191,clean,0.0,clean,texture,15,conservative,UNKNOWN,global_pass_fraction,CLEAN_NUISANCE,False,84,82,19,8
validation,validation_clean_192,clean,0.0,clean,roughness,0,global_baseline,UNKNOWN,global_pass_fraction,CLEAN_NUISANCE,False,53,51,2,2
validation,validation_clean_192,clean,0.0,clean,roughness,0,tile,UNKNOWN,global_pass_fraction,CLEAN_NUISANCE,False,53,51,2,2
validation,validation_clean_192,clean,0.0,clean,roughness,0,multiscale,UNKNOWN,global_pass_fraction,CLEAN_NUISANCE,False,53,51,2,2
validation,validation_clean_192,clean,0.0,clean,roughness,0,connected_component,UNKNOWN,global_pass_fraction,CLEAN_NUISANCE,False,53,51,2,2
validation,validation_clean_192,clean,0.0,clean,roughness,0,max_local_density,UNKNOWN,global_pass_fraction,CLEAN_NUISANCE,False,53,51,2,2
validation,validation_clean_192,clean,0.0,clean,roughness,0,edge_aware,UNKNOWN,global_pass_fraction,CLEAN_NUISANCE,False,53,51,2,2
validation,validation_clean_192,clean,0.0,clean,roughness,0,aggressive,UNKNOWN,global_pass_fraction,CLEAN_NUISANCE,False,53,51,2,2
validation,validation_clean_192,clean,0.0,clean,roughness,0,balanced,UNKNOWN,global_pass_fraction,CLEAN_NUISANCE,False,53,51,2,2
validation,validation_clean_192,clean,0.0,clean,roughness,0,conservative,UNKNOWN,global_pass_fraction,CLEAN_NUISANCE,False,53,51,2,2
validation,validation_clean_193,clean,0.0,clean,roughness,1,global_baseline,PASS,spatial_certificate,CLEAN_NUISANCE,False,0,51,0,0
validation,validation_clean_193,clean,0.0,clean,roughness,1,tile,PASS,spatial_certificate,CLEAN_NUISANCE,False,0,51,0,0
validation,validation_clean_193,clean,0.0,clean,roughness,1,multiscale,PASS,spatial_certificate,CLEAN_NUISANCE,False,0,51,0,0
validation,validation_clean_193,clean,0.0,clean,roughness,1,connected_component,PASS,spatial_certificate,CLEAN_NUISANCE,False,0,51,0,0
validation,validation_clean_193,clean,0.0,clean,roughness,1,max_local_density,PASS,spatial_certificate,CLEAN_NUISANCE,False,0,51,0,0
validation,validation_clean_193,clean,0.0,clean,roughness,1,edge_aware,PASS,spatial_certificate,CLEAN_NUISANCE,False,0,51,0,0
validation,validation_clean_193,clean,0.0,clean,roughness,1,aggressive,PASS,spatial_certificate,CLEAN_NUISANCE,False,0,51,0,0
validation,validation_clean_193,clean,0.0,clean,roughness,1,balanced,PASS,spatial_certificate,CLEAN_NUISANCE,False,0,51,0,0
validation,validation_clean_193,clean,0.0,clean,roughness,1,conservative,PASS,spatial_certificate,CLEAN_NUISANCE,False,0,51,0,0
validation,validation_clean_194,clean,0.0,clean,roughness,2,global_baseline,UNKNOWN,global_pass_fraction,CLEAN_NUISANCE,False,52,51,3,3
validation,validation_clean_194,clean,0.0,clean,roughness,2,tile,UNKNOWN,global_pass_fraction,CLEAN_NUISANCE,False,52,51,3,3
validation,validation_clean_194,clean,0.0,clean,roughness,2,multiscale,UNKNOWN,global_pass_fraction,CLEAN_NUISANCE,False,52,51,3,3
validation,validation_clean_194,clean,0.0,clean,roughness,2,connected_component,UNKNOWN,global_pass_fraction,CLEAN_NUISANCE,False,52,51,3,3
validation,validation_clean_194,clean,0.0,clean,roughness,2,max_local_density,UNKNOWN,global_pass_fraction,CLEAN_NUISANCE,False,52,51,3,3
validation,validation_clean_194,clean,0.0,clean,roughness,2,edge_aware,UNKNOWN,global_pass_fraction,CLEAN_NUISANCE,False,52,51,3,3
validation,validation_clean_194,clean,0.0,clean,roughness,2,aggressive,UNKNOWN,global_pass_fraction,CLEAN_NUISANCE,False,52,51,3,3
validation,validation_clean_194,clean,0.0,clean,roughness,2,balanced,UNKNOWN,global_pass_fraction,CLEAN_NUISANCE,False,52,51,3,3
validation,validation_clean_194,clean,0.0,clean,roughness,2,conservative,UNKNOWN,global_pass_fraction,CLEAN_NUISANCE,False,52,51,3,3
validation,validation_clean_195,clean,0.0,clean,roughness,3,global_baseline,PASS,spatial_certificate,CLEAN_NUISANCE,False,44,51,3,3
validation,validation_clean_195,clean,0.0,clean,roughness,3,tile,PASS,spatial_certificate,CLEAN_NUISANCE,False,44,51,3,3
validation,validation_clean_195,clean,0.0,clean,roughness,3,multiscale,UNKNOWN,window_8_density,CLEAN_NUISANCE,False,44,51,3,3
validation,validation_clean_195,clean,0.0,clean,roughness,3,connected_component,PASS,spatial_certificate,CLEAN_NUISANCE,False,44,51,3,3
validation,validation_clean_195,clean,0.0,clean,roughness,3,max_local_density,UNKNOWN,window_4_density,CLEAN_NUISANCE,False,44,51,3,3
validation,validation_clean_195,clean,0.0,clean,roughness,3,edge_aware,PASS,spatial_certificate,CLEAN_NUISANCE,False,44,51,3,3
validation,validation_clean_195,clean,0.0,clean,roughness,3,aggressive,UNKNOWN,window_4_density,CLEAN_NUISANCE,False,44,51,3,3
validation,validation_clean_195,clean,0.0,clean,roughness,3,balanced,PASS,spatial_certificate,CLEAN_NUISANCE,False,44,51,3,3
validation,validation_clean_195,clean,0.0,clean,roughness,3,conservative,PASS,spatial_certificate,CLEAN_NUISANCE,False,44,51,3,3
validation,validation_clean_196,clean,0.0,clean,roughness,4,global_baseline,PASS,spatial_certificate,CLEAN_NUISANCE,False,0,51,0,0
validation,validation_clean_196,clean,0.0,clean,roughness,4,tile,PASS,spatial_certificate,CLEAN_NUISANCE,False,0,51,0,0
validation,validation_clean_196,clean,0.0,clean,roughness,4,multiscale,PASS,spatial_certificate,CLEAN_NUISANCE,False,0,51,0,0
validation,validation_clean_196,clean,0.0,clean,roughness,4,connected_component,PASS,spatial_certificate,CLEAN_NUISANCE,False,0,51,0,0
validation,validation_clean_196,clean,0.0,clean,roughness,4,max_local_density,PASS,spatial_certificate,CLEAN_NUISANCE,False,0,51,0,0
validation,validation_clean_196,clean,0.0,clean,roughness,4,edge_aware,PASS,spatial_certificate,CLEAN_NUISANCE,False,0,51,0,0
validation,validation_clean_196,clean,0.0,clean,roughness,4,aggressive,PASS,spatial_certificate,CLEAN_NUISANCE,False,0,51,0,0
validation,validation_clean_196,clean,0.0,clean,roughness,4,balanced,PASS,spatial_certificate,CLEAN_NUISANCE,False,0,51,0,0
validation,validation_clean_196,clean,0.0,clean,roughness,4,conservative,PASS,spatial_certificate,CLEAN_NUISANCE,False,0,51,0,0
validation,validation_clean_197,clean,0.0,clean,roughness,5,global_baseline,UNKNOWN,global_pass_fraction,CLEAN_NUISANCE,False,52,51,4,3
validation,validation_clean_197,clean,0.0,clean,roughness,5,tile,UNKNOWN,global_pass_fraction,CLEAN_NUISANCE,False,52,51,4,3
validation,validation_clean_197,clean,0.0,clean,roughness,5,multiscale,UNKNOWN,global_pass_fraction,CLEAN_NUISANCE,False,52,51,4,3
validation,validation_clean_197,clean,0.0,clean,roughness,5,connected_component,UNKNOWN,global_pass_fraction,CLEAN_NUISANCE,False,52,51,4,3
validation,validation_clean_197,clean,0.0,clean,roughness,5,max_local_density,UNKNOWN,global_pass_fraction,CLEAN_NUISANCE,False,52,51,4,3
validation,validation_clean_197,clean,0.0,clean,roughness,5,edge_aware,UNKNOWN,global_pass_fraction,CLEAN_NUISANCE,False,52,51,4,3
validation,validation_clean_197,clean,0.0,clean,roughness,5,aggressive,UNKNOWN,global_pass_fraction,CLEAN_NUISANCE,False,52,51,4,3
validation,validation_clean_197,clean,0.0,clean,roughness,5,balanced,UNKNOWN,global_pass_fraction,CLEAN_NUISANCE,False,52,51,4,3
validation,validation_clean_197,clean,0.0,clean,roughness,5,conservative,UNKNOWN,global_pass_fraction,CLEAN_NUISANCE,False,52,51,4,3
validation,validation_clean_198,clean,0.0,clean,roughness,6,global_baseline,PASS,spatial_certificate,CLEAN_NUISANCE,False,1,51,1,1
validation,validation_clean_198,clean,0.0,clean,roughness,6,tile,PASS,spatial_certificate,CLEAN_NUISANCE,False,1,51,1,1
validation,validation_clean_198,clean,0.0,clean,roughness,6,multiscale,PASS,spatial_certificate,CLEAN_NUISANCE,False,1,51,1,1
validation,validation_clean_198,clean,0.0,clean,roughness,6,connected_component,PASS,spatial_certificate,CLEAN_NUISANCE,False,1,51,1,1
validation,validation_clean_198,clean,0.0,clean,roughness,6,max_local_density,PASS,spatial_certificate,CLEAN_NUISANCE,False,1,51,1,1
validation,validation_clean_198,clean,0.0,clean,roughness,6,edge_aware,PASS,spatial_certificate,CLEAN_NUISANCE,False,1,51,1,1
validation,validation_clean_198,clean,0.0,clean,roughness,6,aggressive,PASS,spatial_certificate,CLEAN_NUISANCE,False,1,51,1,1
validation,validation_clean_198,clean,0.0,clean,roughness,6,balanced,PASS,spatial_certificate,CLEAN_NUISANCE,False,1,51,1,1
validation,validation_clean_198,clean,0.0,clean,roughness,6,conservative,PASS,spatial_certificate,CLEAN_NUISANCE,False,1,51,1,1
validation,validation_clean_199,clean,0.0,clean,roughness,7,global_baseline,UNKNOWN,global_pass_fraction,CLEAN_NUISANCE,False,52,51,3,3
validation,validation_clean_199,clean,0.0,clean,roughness,7,tile,UNKNOWN,global_pass_fraction,CLEAN_NUISANCE,False,52,51,3,3
validation,validation_clean_199,clean,0.0,clean,roughness,7,multiscale,UNKNOWN,global_pass_fraction,CLEAN_NUISANCE,False,52,51,3,3
validation,validation_clean_199,clean,0.0,clean,roughness,7,connected_component,UNKNOWN,global_pass_fraction,CLEAN_NUISANCE,False,52,51,3,3
validation,validation_clean_199,clean,0.0,clean,roughness,7,max_local_density,UNKNOWN,global_pass_fraction,CLEAN_NUISANCE,False,52,51,3,3
validation,validation_clean_199,clean,0.0,clean,roughness,7,edge_aware,UNKNOWN,global_pass_fraction,CLEAN_NUISANCE,False,52,51,3,3
validation,validation_clean_199,clean,0.0,clean,roughness,7,aggressive,UNKNOWN,global_pass_fraction,CLEAN_NUISANCE,False,52,51,3,3
validation,validation_clean_199,clean,0.0,clean,roughness,7,balanced,UNKNOWN,global_pass_fraction,CLEAN_NUISANCE,False,52,51,3,3
validation,validation_clean_199,clean,0.0,clean,roughness,7,conservative,UNKNOWN,global_pass_fraction,CLEAN_NUISANCE,False,52,51,3,3
validation,validation_clean_200,clean,0.0,clean,roughness,8,global_baseline,UNKNOWN,global_pass_fraction,CLEAN_NUISANCE,False,52,51,2,2
validation,validation_clean_200,clean,0.0,clean,roughness,8,tile,UNKNOWN,global_pass_fraction,CLEAN_NUISANCE,False,52,51,2,2
validation,validation_clean_200,clean,0.0,clean,roughness,8,multiscale,UNKNOWN,global_pass_fraction,CLEAN_NUISANCE,False,52,51,2,2
validation,validation_clean_200,clean,0.0,clean,roughness,8,connected_component,UNKNOWN,global_pass_fraction,CLEAN_NUISANCE,False,52,51,2,2
validation,validation_clean_200,clean,0.0,clean,roughness,8,max_local_density,UNKNOWN,global_pass_fraction,CLEAN_NUISANCE,False,52,51,2,2
validation,validation_clean_200,clean,0.0,clean,roughness,8,edge_aware,UNKNOWN,global_pass_fraction,CLEAN_NUISANCE,False,52,51,2,2
validation,validation_clean_200,clean,0.0,clean,roughness,8,aggressive,UNKNOWN,global_pass_fraction,CLEAN_NUISANCE,False,52,51,2,2
validation,validation_clean_200,clean,0.0,clean,roughness,8,balanced,UNKNOWN,global_pass_fraction,CLEAN_NUISANCE,False,52,51,2,2
validation,validation_clean_200,clean,0.0,clean,roughness,8,conservative,UNKNOWN,global_pass_fraction,CLEAN_NUISANCE,False,52,51,2,2
validation,validation_clean_201,clean,0.0,clean,roughness,9,global_baseline,UNKNOWN,global_pass_fraction,CLEAN_NUISANCE,False,52,51,3,3
validation,validation_clean_201,clean,0.0,clean,roughness,9,tile,UNKNOWN,global_pass_fraction,CLEAN_NUISANCE,False,52,51,3,3
validation,validation_clean_201,clean,0.0,clean,roughness,9,multiscale,UNKNOWN,global_pass_fraction,CLEAN_NUISANCE,False,52,51,3,3
validation,validation_clean_201,clean,0.0,clean,roughness,9,connected_component,UNKNOWN,global_pass_fraction,CLEAN_NUISANCE,False,52,51,3,3
validation,validation_clean_201,clean,0.0,clean,roughness,9,max_local_density,UNKNOWN,global_pass_fraction,CLEAN_NUISANCE,False,52,51,3,3
validation,validation_clean_201,clean,0.0,clean,roughness,9,edge_aware,UNKNOWN,global_pass_fraction,CLEAN_NUISANCE,False,52,51,3,3
validation,validation_clean_201,clean,0.0,clean,roughness,9,aggressive,UNKNOWN,global_pass_fraction,CLEAN_NUISANCE,False,52,51,3,3
validation,validation_clean_201,clean,0.0,clean,roughness,9,balanced,UNKNOWN,global_pass_fraction,CLEAN_NUISANCE,False,52,51,3,3
validation,validation_clean_201,clean,0.0,clean,roughness,9,conservative,UNKNOWN,global_pass_fraction,CLEAN_NUISANCE,False,52,51,3,3
validation,validation_clean_202,clean,0.0,clean,roughness,10,global_baseline,PASS,spatial_certificate,CLEAN_NUISANCE,False,3,51,1,1
validation,validation_clean_202,clean,0.0,clean,roughness,10,tile,PASS,spatial_certificate,CLEAN_NUISANCE,False,3,51,1,1
validation,validation_clean_202,clean,0.0,clean,roughness,10,multiscale,PASS,spatial_certificate,CLEAN_NUISANCE,False,3,51,1,1
validation,validation_clean_202,clean,0.0,clean,roughness,10,connected_component,PASS,spatial_certificate,CLEAN_NUISANCE,False,3,51,1,1
validation,validation_clean_202,clean,0.0,clean,roughness,10,max_local_density,PASS,spatial_certificate,CLEAN_NUISANCE,False,3,51,1,1
validation,validation_clean_202,clean,0.0,clean,roughness,10,edge_aware,PASS,spatial_certificate,CLEAN_NUISANCE,False,3,51,1,1
validation,validation_clean_202,clean,0.0,clean,roughness,10,aggressive,PASS,spatial_certificate,CLEAN_NUISANCE,False,3,51,1,1
validation,validation_clean_202,clean,0.0,clean,roughness,10,balanced,PASS,spatial_certificate,CLEAN_NUISANCE,False,3,51,1,1
validation,validation_clean_202,clean,0.0,clean,roughness,10,conservative,PASS,spatial_certificate,CLEAN_NUISANCE,False,3,51,1,1
validation,validation_clean_203,clean,0.0,clean,roughness,11,global_baseline,UNKNOWN,global_pass_fraction,CLEAN_NUISANCE,False,52,51,2,2
validation,validation_clean_203,clean,0.0,clean,roughness,11,tile,UNKNOWN,global_pass_fraction,CLEAN_NUISANCE,False,52,51,2,2
validation,validation_clean_203,clean,0.0,clean,roughness,11,multiscale,UNKNOWN,global_pass_fraction,CLEAN_NUISANCE,False,52,51,2,2
validation,validation_clean_203,clean,0.0,clean,roughness,11,connected_component,UNKNOWN,global_pass_fraction,CLEAN_NUISANCE,False,52,51,2,2
validation,validation_clean_203,clean,0.0,clean,roughness,11,max_local_density,UNKNOWN,global_pass_fraction,CLEAN_NUISANCE,False,52,51,2,2
validation,validation_clean_203,clean,0.0,clean,roughness,11,edge_aware,UNKNOWN,global_pass_fraction,CLEAN_NUISANCE,False,52,51,2,2
validation,validation_clean_203,clean,0.0,clean,roughness,11,aggressive,UNKNOWN,global_pass_fraction,CLEAN_NUISANCE,False,52,51,2,2
validation,validation_clean_203,clean,0.0,clean,roughness,11,balanced,UNKNOWN,global_pass_fraction,CLEAN_NUISANCE,False,52,51,2,2
validation,validation_clean_203,clean,0.0,clean,roughness,11,conservative,UNKNOWN,global_pass_fraction,CLEAN_NUISANCE,False,52,51,2,2
validation,validation_clean_204,clean,0.0,clean,roughness,12,global_baseline,PASS,spatial_certificate,CLEAN_NUISANCE,False,0,51,0,0
validation,validation_clean_204,clean,0.0,clean,roughness,12,tile,PASS,spatial_certificate,CLEAN_NUISANCE,False,0,51,0,0
validation,validation_clean_204,clean,0.0,clean,roughness,12,multiscale,PASS,spatial_certificate,CLEAN_NUISANCE,False,0,51,0,0
validation,validation_clean_204,clean,0.0,clean,roughness,12,connected_component,PASS,spatial_certificate,CLEAN_NUISANCE,False,0,51,0,0
validation,validation_clean_204,clean,0.0,clean,roughness,12,max_local_density,PASS,spatial_certificate,CLEAN_NUISANCE,False,0,51,0,0
validation,validation_clean_204,clean,0.0,clean,roughness,12,edge_aware,PASS,spatial_certificate,CLEAN_NUISANCE,False,0,51,0,0
validation,validation_clean_204,clean,0.0,clean,roughness,12,aggressive,PASS,spatial_certificate,CLEAN_NUISANCE,False,0,51,0,0
validation,validation_clean_204,clean,0.0,clean,roughness,12,balanced,PASS,spatial_certificate,CLEAN_NUISANCE,False,0,51,0,0
validation,validation_clean_204,clean,0.0,clean,roughness,12,conservative,PASS,spatial_certificate,CLEAN_NUISANCE,False,0,51,0,0
validation,validation_clean_205,clean,0.0,clean,roughness,13,global_baseline,UNKNOWN,global_pass_fraction,CLEAN_NUISANCE,False,53,51,4,4
validation,validation_clean_205,clean,0.0,clean,roughness,13,tile,UNKNOWN,global_pass_fraction,CLEAN_NUISANCE,False,53,51,4,4
validation,validation_clean_205,clean,0.0,clean,roughness,13,multiscale,UNKNOWN,global_pass_fraction,CLEAN_NUISANCE,False,53,51,4,4
validation,validation_clean_205,clean,0.0,clean,roughness,13,connected_component,UNKNOWN,global_pass_fraction,CLEAN_NUISANCE,False,53,51,4,4
validation,validation_clean_205,clean,0.0,clean,roughness,13,max_local_density,UNKNOWN,global_pass_fraction,CLEAN_NUISANCE,False,53,51,4,4
validation,validation_clean_205,clean,0.0,clean,roughness,13,edge_aware,UNKNOWN,global_pass_fraction,CLEAN_NUISANCE,False,53,51,4,4
validation,validation_clean_205,clean,0.0,clean,roughness,13,aggressive,UNKNOWN,global_pass_fraction,CLEAN_NUISANCE,False,53,51,4,4
validation,validation_clean_205,clean,0.0,clean,roughness,13,balanced,UNKNOWN,global_pass_fraction,CLEAN_NUISANCE,False,53,51,4,4
validation,validation_clean_205,clean,0.0,clean,roughness,13,conservative,UNKNOWN,global_pass_fraction,CLEAN_NUISANCE,False,53,51,4,4
validation,validation_clean_206,clean,0.0,clean,roughness,14,global_baseline,PASS,spatial_certificate,CLEAN_NUISANCE,False,4,51,1,1
validation,validation_clean_206,clean,0.0,clean,roughness,14,tile,PASS,spatial_certificate,CLEAN_NUISANCE,False,4,51,1,1
validation,validation_clean_206,clean,0.0,clean,roughness,14,multiscale,PASS,spatial_certificate,CLEAN_NUISANCE,False,4,51,1,1
validation,validation_clean_206,clean,0.0,clean,roughness,14,connected_component,PASS,spatial_certificate,CLEAN_NUISANCE,False,4,51,1,1
validation,validation_clean_206,clean,0.0,clean,roughness,14,max_local_density,PASS,spatial_certificate,CLEAN_NUISANCE,False,4,51,1,1
validation,validation_clean_206,clean,0.0,clean,roughness,14,edge_aware,PASS,spatial_certificate,CLEAN_NUISANCE,False,4,51,1,1
validation,validation_clean_206,clean,0.0,clean,roughness,14,aggressive,PASS,spatial_certificate,CLEAN_NUISANCE,False,4,51,1,1
validation,validation_clean_206,clean,0.0,clean,roughness,14,balanced,PASS,spatial_certificate,CLEAN_NUISANCE,False,4,51,1,1
validation,validation_clean_206,clean,0.0,clean,roughness,14,conservative,PASS,spatial_certificate,CLEAN_NUISANCE,False,4,51,1,1
validation,validation_clean_207,clean,0.0,clean,roughness,15,global_baseline,UNKNOWN,global_pass_fraction,CLEAN_NUISANCE,False,52,51,4,3
validation,validation_clean_207,clean,0.0,clean,roughness,15,tile,UNKNOWN,global_pass_fraction,CLEAN_NUISANCE,False,52,51,4,3
validation,validation_clean_207,clean,0.0,clean,roughness,15,multiscale,UNKNOWN,global_pass_fraction,CLEAN_NUISANCE,False,52,51,4,3
validation,validation_clean_207,clean,0.0,clean,roughness,15,connected_component,UNKNOWN,global_pass_fraction,CLEAN_NUISANCE,False,52,51,4,3
validation,validation_clean_207,clean,0.0,clean,roughness,15,max_local_density,UNKNOWN,global_pass_fraction,CLEAN_NUISANCE,False,52,51,4,3
validation,validation_clean_207,clean,0.0,clean,roughness,15,edge_aware,UNKNOWN,global_pass_fraction,CLEAN_NUISANCE,False,52,51,4,3
validation,validation_clean_207,clean,0.0,clean,roughness,15,aggressive,UNKNOWN,global_pass_fraction,CLEAN_NUISANCE,False,52,51,4,3
validation,validation_clean_207,clean,0.0,clean,roughness,15,balanced,UNKNOWN,global_pass_fraction,CLEAN_NUISANCE,False,52,51,4,3
validation,validation_clean_207,clean,0.0,clean,roughness,15,conservative,UNKNOWN,global_pass_fraction,CLEAN_NUISANCE,False,52,51,4,3
validation,validation_clean_208,clean,0.0,clean,illumination_gradient,0,global_baseline,PASS,spatial_certificate,CLEAN_NUISANCE,False,1,1024,1,1
validation,validation_clean_208,clean,0.0,clean,illumination_gradient,0,tile,PASS,spatial_certificate,CLEAN_NUISANCE,False,1,1024,1,1
validation,validation_clean_208,clean,0.0,clean,illumination_gradient,0,multiscale,PASS,spatial_certificate,CLEAN_NUISANCE,False,1,1024,1,1
validation,validation_clean_208,clean,0.0,clean,illumination_gradient,0,connected_component,PASS,spatial_certificate,CLEAN_NUISANCE,False,1,1024,1,1
validation,validation_clean_208,clean,0.0,clean,illumination_gradient,0,max_local_density,PASS,spatial_certificate,CLEAN_NUISANCE,False,1,1024,1,1
validation,validation_clean_208,clean,0.0,clean,illumination_gradient,0,edge_aware,PASS,spatial_certificate,CLEAN_NUISANCE,False,1,1024,1,1
validation,validation_clean_208,clean,0.0,clean,illumination_gradient,0,aggressive,PASS,spatial_certificate,CLEAN_NUISANCE,False,1,1024,1,1
validation,validation_clean_208,clean,0.0,clean,illumination_gradient,0,balanced,PASS,spatial_certificate,CLEAN_NUISANCE,False,1,1024,1,1
validation,validation_clean_208,clean,0.0,clean,illumination_gradient,0,conservative,PASS,spatial_certificate,CLEAN_NUISANCE,False,1,1024,1,1
validation,validation_clean_209,clean,0.0,clean,illumination_gradient,1,global_baseline,PASS,spatial_certificate,CLEAN_NUISANCE,False,4,1024,1,1
validation,validation_clean_209,clean,0.0,clean,illumination_gradient,1,tile,PASS,spatial_certificate,CLEAN_NUISANCE,False,4,1024,1,1
validation,validation_clean_209,clean,0.0,clean,illumination_gradient,1,multiscale,PASS,spatial_certificate,CLEAN_NUISANCE,False,4,1024,1,1
validation,validation_clean_209,clean,0.0,clean,illumination_gradient,1,connected_component,PASS,spatial_certificate,CLEAN_NUISANCE,False,4,1024,1,1
validation,validation_clean_209,clean,0.0,clean,illumination_gradient,1,max_local_density,PASS,spatial_certificate,CLEAN_NUISANCE,False,4,1024,1,1
validation,validation_clean_209,clean,0.0,clean,illumination_gradient,1,edge_aware,PASS,spatial_certificate,CLEAN_NUISANCE,False,4,1024,1,1
validation,validation_clean_209,clean,0.0,clean,illumination_gradient,1,aggressive,UNKNOWN,window_4_density,CLEAN_NUISANCE,False,4,1024,1,1
validation,validation_clean_209,clean,0.0,clean,illumination_gradient,1,balanced,PASS,spatial_certificate,CLEAN_NUISANCE,False,4,1024,1,1
validation,validation_clean_209,clean,0.0,clean,illumination_gradient,1,conservative,PASS,spatial_certificate,CLEAN_NUISANCE,False,4,1024,1,1
validation,validation_clean_210,clean,0.0,clean,illumination_gradient,2,global_baseline,PASS,spatial_certificate,CLEAN_NUISANCE,False,2,1024,1,1
validation,validation_clean_210,clean,0.0,clean,illumination_gradient,2,tile,PASS,spatial_certificate,CLEAN_NUISANCE,False,2,1024,1,1
validation,validation_clean_210,clean,0.0,clean,illumination_gradient,2,multiscale,PASS,spatial_certificate,CLEAN_NUISANCE,False,2,1024,1,1
validation,validation_clean_210,clean,0.0,clean,illumination_gradient,2,connected_component,PASS,spatial_certificate,CLEAN_NUISANCE,False,2,1024,1,1
validation,validation_clean_210,clean,0.0,clean,illumination_gradient,2,max_local_density,PASS,spatial_certificate,CLEAN_NUISANCE,False,2,1024,1,1
validation,validation_clean_210,clean,0.0,clean,illumination_gradient,2,edge_aware,PASS,spatial_certificate,CLEAN_NUISANCE,False,2,1024,1,1
validation,validation_clean_210,clean,0.0,clean,illumination_gradient,2,aggressive,PASS,spatial_certificate,CLEAN_NUISANCE,False,2,1024,1,1
validation,validation_clean_210,clean,0.0,clean,illumination_gradient,2,balanced,PASS,spatial_certificate,CLEAN_NUISANCE,False,2,1024,1,1
validation,validation_clean_210,clean,0.0,clean,illumination_gradient,2,conservative,PASS,spatial_certificate,CLEAN_NUISANCE,False,2,1024,1,1
validation,validation_clean_211,clean,0.0,clean,illumination_gradient,3,global_baseline,PASS,spatial_certificate,CLEAN_NUISANCE,False,1,1024,1,1
validation,validation_clean_211,clean,0.0,clean,illumination_gradient,3,tile,PASS,spatial_certificate,CLEAN_NUISANCE,False,1,1024,1,1
validation,validation_clean_211,clean,0.0,clean,illumination_gradient,3,multiscale,PASS,spatial_certificate,CLEAN_NUISANCE,False,1,1024,1,1
validation,validation_clean_211,clean,0.0,clean,illumination_gradient,3,connected_component,PASS,spatial_certificate,CLEAN_NUISANCE,False,1,1024,1,1
validation,validation_clean_211,clean,0.0,clean,illumination_gradient,3,max_local_density,PASS,spatial_certificate,CLEAN_NUISANCE,False,1,1024,1,1
validation,validation_clean_211,clean,0.0,clean,illumination_gradient,3,edge_aware,PASS,spatial_certificate,CLEAN_NUISANCE,False,1,1024,1,1
validation,validation_clean_211,clean,0.0,clean,illumination_gradient,3,aggressive,PASS,spatial_certificate,CLEAN_NUISANCE,False,1,1024,1,1
validation,validation_clean_211,clean,0.0,clean,illumination_gradient,3,balanced,PASS,spatial_certificate,CLEAN_NUISANCE,False,1,1024,1,1
validation,validation_clean_211,clean,0.0,clean,illumination_gradient,3,conservative,PASS,spatial_certificate,CLEAN_NUISANCE,False,1,1024,1,1
validation,validation_clean_212,clean,0.0,clean,illumination_gradient,4,global_baseline,PASS,spatial_certificate,CLEAN_NUISANCE,False,2,1024,1,1
validation,validation_clean_212,clean,0.0,clean,illumination_gradient,4,tile,PASS,spatial_certificate,CLEAN_NUISANCE,False,2,1024,1,1
validation,validation_clean_212,clean,0.0,clean,illumination_gradient,4,multiscale,PASS,spatial_certificate,CLEAN_NUISANCE,False,2,1024,1,1
validation,validation_clean_212,clean,0.0,clean,illumination_gradient,4,connected_component,PASS,spatial_certificate,CLEAN_NUISANCE,False,2,1024,1,1
validation,validation_clean_212,clean,0.0,clean,illumination_gradient,4,max_local_density,PASS,spatial_certificate,CLEAN_NUISANCE,False,2,1024,1,1
validation,validation_clean_212,clean,0.0,clean,illumination_gradient,4,edge_aware,PASS,spatial_certificate,CLEAN_NUISANCE,False,2,1024,1,1
validation,validation_clean_212,clean,0.0,clean,illumination_gradient,4,aggressive,PASS,spatial_certificate,CLEAN_NUISANCE,False,2,1024,1,1
validation,validation_clean_212,clean,0.0,clean,illumination_gradient,4,balanced,PASS,spatial_certificate,CLEAN_NUISANCE,False,2,1024,1,1
validation,validation_clean_212,clean,0.0,clean,illumination_gradient,4,conservative,PASS,spatial_certificate,CLEAN_NUISANCE,False,2,1024,1,1
validation,validation_clean_213,clean,0.0,clean,illumination_gradient,5,global_baseline,PASS,spatial_certificate,CLEAN_NUISANCE,False,0,1024,0,0
validation,validation_clean_213,clean,0.0,clean,illumination_gradient,5,tile,PASS,spatial_certificate,CLEAN_NUISANCE,False,0,1024,0,0
validation,validation_clean_213,clean,0.0,clean,illumination_gradient,5,multiscale,PASS,spatial_certificate,CLEAN_NUISANCE,False,0,1024,0,0
validation,validation_clean_213,clean,0.0,clean,illumination_gradient,5,connected_component,PASS,spatial_certificate,CLEAN_NUISANCE,False,0,1024,0,0
validation,validation_clean_213,clean,0.0,clean,illumination_gradient,5,max_local_density,PASS,spatial_certificate,CLEAN_NUISANCE,False,0,1024,0,0
validation,validation_clean_213,clean,0.0,clean,illumination_gradient,5,edge_aware,PASS,spatial_certificate,CLEAN_NUISANCE,False,0,1024,0,0
validation,validation_clean_213,clean,0.0,clean,illumination_gradient,5,aggressive,PASS,spatial_certificate,CLEAN_NUISANCE,False,0,1024,0,0
validation,validation_clean_213,clean,0.0,clean,illumination_gradient,5,balanced,PASS,spatial_certificate,CLEAN_NUISANCE,False,0,1024,0,0
validation,validation_clean_213,clean,0.0,clean,illumination_gradient,5,conservative,PASS,spatial_certificate,CLEAN_NUISANCE,False,0,1024,0,0
validation,validation_clean_214,clean,0.0,clean,illumination_gradient,6,global_baseline,PASS,spatial_certificate,CLEAN_NUISANCE,False,0,1024,0,0
validation,validation_clean_214,clean,0.0,clean,illumination_gradient,6,tile,PASS,spatial_certificate,CLEAN_NUISANCE,False,0,1024,0,0
validation,validation_clean_214,clean,0.0,clean,illumination_gradient,6,multiscale,PASS,spatial_certificate,CLEAN_NUISANCE,False,0,1024,0,0
validation,validation_clean_214,clean,0.0,clean,illumination_gradient,6,connected_component,PASS,spatial_certificate,CLEAN_NUISANCE,False,0,1024,0,0
validation,validation_clean_214,clean,0.0,clean,illumination_gradient,6,max_local_density,PASS,spatial_certificate,CLEAN_NUISANCE,False,0,1024,0,0
validation,validation_clean_214,clean,0.0,clean,illumination_gradient,6,edge_aware,PASS,spatial_certificate,CLEAN_NUISANCE,False,0,1024,0,0
validation,validation_clean_214,clean,0.0,clean,illumination_gradient,6,aggressive,PASS,spatial_certificate,CLEAN_NUISANCE,False,0,1024,0,0
validation,validation_clean_214,clean,0.0,clean,illumination_gradient,6,balanced,PASS,spatial_certificate,CLEAN_NUISANCE,False,0,1024,0,0
validation,validation_clean_214,clean,0.0,clean,illumination_gradient,6,conservative,PASS,spatial_certificate,CLEAN_NUISANCE,False,0,1024,0,0
validation,validation_clean_215,clean,0.0,clean,illumination_gradient,7,global_baseline,PASS,spatial_certificate,CLEAN_NUISANCE,False,1,1024,1,1
validation,validation_clean_215,clean,0.0,clean,illumination_gradient,7,tile,PASS,spatial_certificate,CLEAN_NUISANCE,False,1,1024,1,1
validation,validation_clean_215,clean,0.0,clean,illumination_gradient,7,multiscale,PASS,spatial_certificate,CLEAN_NUISANCE,False,1,1024,1,1
validation,validation_clean_215,clean,0.0,clean,illumination_gradient,7,connected_component,PASS,spatial_certificate,CLEAN_NUISANCE,False,1,1024,1,1
validation,validation_clean_215,clean,0.0,clean,illumination_gradient,7,max_local_density,PASS,spatial_certificate,CLEAN_NUISANCE,False,1,1024,1,1
validation,validation_clean_215,clean,0.0,clean,illumination_gradient,7,edge_aware,PASS,spatial_certificate,CLEAN_NUISANCE,False,1,1024,1,1
validation,validation_clean_215,clean,0.0,clean,illumination_gradient,7,aggressive,PASS,spatial_certificate,CLEAN_NUISANCE,False,1,1024,1,1
validation,validation_clean_215,clean,0.0,clean,illumination_gradient,7,balanced,PASS,spatial_certificate,CLEAN_NUISANCE,False,1,1024,1,1
validation,validation_clean_215,clean,0.0,clean,illumination_gradient,7,conservative,PASS,spatial_certificate,CLEAN_NUISANCE,False,1,1024,1,1
validation,validation_clean_216,clean,0.0,clean,illumination_gradient,8,global_baseline,PASS,spatial_certificate,CLEAN_NUISANCE,False,1,1024,1,1
validation,validation_clean_216,clean,0.0,clean,illumination_gradient,8,tile,PASS,spatial_certificate,CLEAN_NUISANCE,False,1,1024,1,1
validation,validation_clean_216,clean,0.0,clean,illumination_gradient,8,multiscale,PASS,spatial_certificate,CLEAN_NUISANCE,False,1,1024,1,1
validation,validation_clean_216,clean,0.0,clean,illumination_gradient,8,connected_component,PASS,spatial_certificate,CLEAN_NUISANCE,False,1,1024,1,1
validation,validation_clean_216,clean,0.0,clean,illumination_gradient,8,max_local_density,PASS,spatial_certificate,CLEAN_NUISANCE,False,1,1024,1,1
validation,validation_clean_216,clean,0.0,clean,illumination_gradient,8,edge_aware,PASS,spatial_certificate,CLEAN_NUISANCE,False,1,1024,1,1
validation,validation_clean_216,clean,0.0,clean,illumination_gradient,8,aggressive,PASS,spatial_certificate,CLEAN_NUISANCE,False,1,1024,1,1
validation,validation_clean_216,clean,0.0,clean,illumination_gradient,8,balanced,PASS,spatial_certificate,CLEAN_NUISANCE,False,1,1024,1,1
validation,validation_clean_216,clean,0.0,clean,illumination_gradient,8,conservative,PASS,spatial_certificate,CLEAN_NUISANCE,False,1,1024,1,1
validation,validation_clean_217,clean,0.0,clean,illumination_gradient,9,global_baseline,PASS,spatial_certificate,CLEAN_NUISANCE,False,1,1024,1,1
validation,validation_clean_217,clean,0.0,clean,illumination_gradient,9,tile,PASS,spatial_certificate,CLEAN_NUISANCE,False,1,1024,1,1
validation,validation_clean_217,clean,0.0,clean,illumination_gradient,9,multiscale,PASS,spatial_certificate,CLEAN_NUISANCE,False,1,1024,1,1
validation,validation_clean_217,clean,0.0,clean,illumination_gradient,9,connected_component,PASS,spatial_certificate,CLEAN_NUISANCE,False,1,1024,1,1
validation,validation_clean_217,clean,0.0,clean,illumination_gradient,9,max_local_density,PASS,spatial_certificate,CLEAN_NUISANCE,False,1,1024,1,1
validation,validation_clean_217,clean,0.0,clean,illumination_gradient,9,edge_aware,PASS,spatial_certificate,CLEAN_NUISANCE,False,1,1024,1,1
validation,validation_clean_217,clean,0.0,clean,illumination_gradient,9,aggressive,PASS,spatial_certificate,CLEAN_NUISANCE,False,1,1024,1,1
validation,validation_clean_217,clean,0.0,clean,illumination_gradient,9,balanced,PASS,spatial_certificate,CLEAN_NUISANCE,False,1,1024,1,1
validation,validation_clean_217,clean,0.0,clean,illumination_gradient,9,conservative,PASS,spatial_certificate,CLEAN_NUISANCE,False,1,1024,1,1
validation,validation_clean_218,clean,0.0,clean,illumination_gradient,10,global_baseline,PASS,spatial_certificate,CLEAN_NUISANCE,False,0,1024,0,0
validation,validation_clean_218,clean,0.0,clean,illumination_gradient,10,tile,PASS,spatial_certificate,CLEAN_NUISANCE,False,0,1024,0,0
validation,validation_clean_218,clean,0.0,clean,illumination_gradient,10,multiscale,PASS,spatial_certificate,CLEAN_NUISANCE,False,0,1024,0,0
validation,validation_clean_218,clean,0.0,clean,illumination_gradient,10,connected_component,PASS,spatial_certificate,CLEAN_NUISANCE,False,0,1024,0,0
validation,validation_clean_218,clean,0.0,clean,illumination_gradient,10,max_local_density,PASS,spatial_certificate,CLEAN_NUISANCE,False,0,1024,0,0
validation,validation_clean_218,clean,0.0,clean,illumination_gradient,10,edge_aware,PASS,spatial_certificate,CLEAN_NUISANCE,False,0,1024,0,0
validation,validation_clean_218,clean,0.0,clean,illumination_gradient,10,aggressive,PASS,spatial_certificate,CLEAN_NUISANCE,False,0,1024,0,0
validation,validation_clean_218,clean,0.0,clean,illumination_gradient,10,balanced,PASS,spatial_certificate,CLEAN_NUISANCE,False,0,1024,0,0
validation,validation_clean_218,clean,0.0,clean,illumination_gradient,10,conservative,PASS,spatial_certificate,CLEAN_NUISANCE,False,0,1024,0,0
validation,validation_clean_219,clean,0.0,clean,illumination_gradient,11,global_baseline,PASS,spatial_certificate,CLEAN_NUISANCE,False,0,1024,0,0
validation,validation_clean_219,clean,0.0,clean,illumination_gradient,11,tile,PASS,spatial_certificate,CLEAN_NUISANCE,False,0,1024,0,0
validation,validation_clean_219,clean,0.0,clean,illumination_gradient,11,multiscale,PASS,spatial_certificate,CLEAN_NUISANCE,False,0,1024,0,0
validation,validation_clean_219,clean,0.0,clean,illumination_gradient,11,connected_component,PASS,spatial_certificate,CLEAN_NUISANCE,False,0,1024,0,0
validation,validation_clean_219,clean,0.0,clean,illumination_gradient,11,max_local_density,PASS,spatial_certificate,CLEAN_NUISANCE,False,0,1024,0,0
validation,validation_clean_219,clean,0.0,clean,illumination_gradient,11,edge_aware,PASS,spatial_certificate,CLEAN_NUISANCE,False,0,1024,0,0
validation,validation_clean_219,clean,0.0,clean,illumination_gradient,11,aggressive,PASS,spatial_certificate,CLEAN_NUISANCE,False,0,1024,0,0
validation,validation_clean_219,clean,0.0,clean,illumination_gradient,11,balanced,PASS,spatial_certificate,CLEAN_NUISANCE,False,0,1024,0,0
validation,validation_clean_219,clean,0.0,clean,illumination_gradient,11,conservative,PASS,spatial_certificate,CLEAN_NUISANCE,False,0,1024,0,0
validation,validation_clean_220,clean,0.0,clean,illumination_gradient,12,global_baseline,PASS,spatial_certificate,CLEAN_NUISANCE,False,1,1024,1,1
validation,validation_clean_220,clean,0.0,clean,illumination_gradient,12,tile,PASS,spatial_certificate,CLEAN_NUISANCE,False,1,1024,1,1
validation,validation_clean_220,clean,0.0,clean,illumination_gradient,12,multiscale,PASS,spatial_certificate,CLEAN_NUISANCE,False,1,1024,1,1
validation,validation_clean_220,clean,0.0,clean,illumination_gradient,12,connected_component,PASS,spatial_certificate,CLEAN_NUISANCE,False,1,1024,1,1
validation,validation_clean_220,clean,0.0,clean,illumination_gradient,12,max_local_density,PASS,spatial_certificate,CLEAN_NUISANCE,False,1,1024,1,1
validation,validation_clean_220,clean,0.0,clean,illumination_gradient,12,edge_aware,PASS,spatial_certificate,CLEAN_NUISANCE,False,1,1024,1,1
validation,validation_clean_220,clean,0.0,clean,illumination_gradient,12,aggressive,PASS,spatial_certificate,CLEAN_NUISANCE,False,1,1024,1,1
validation,validation_clean_220,clean,0.0,clean,illumination_gradient,12,balanced,PASS,spatial_certificate,CLEAN_NUISANCE,False,1,1024,1,1
validation,validation_clean_220,clean,0.0,clean,illumination_gradient,12,conservative,PASS,spatial_certificate,CLEAN_NUISANCE,False,1,1024,1,1
validation,validation_clean_221,clean,0.0,clean,illumination_gradient,13,global_baseline,PASS,spatial_certificate,CLEAN_NUISANCE,False,1,1024,1,1
validation,validation_clean_221,clean,0.0,clean,illumination_gradient,13,tile,PASS,spatial_certificate,CLEAN_NUISANCE,False,1,1024,1,1
validation,validation_clean_221,clean,0.0,clean,illumination_gradient,13,multiscale,PASS,spatial_certificate,CLEAN_NUISANCE,False,1,1024,1,1
validation,validation_clean_221,clean,0.0,clean,illumination_gradient,13,connected_component,PASS,spatial_certificate,CLEAN_NUISANCE,False,1,1024,1,1
validation,validation_clean_221,clean,0.0,clean,illumination_gradient,13,max_local_density,PASS,spatial_certificate,CLEAN_NUISANCE,False,1,1024,1,1
validation,validation_clean_221,clean,0.0,clean,illumination_gradient,13,edge_aware,PASS,spatial_certificate,CLEAN_NUISANCE,False,1,1024,1,1
validation,validation_clean_221,clean,0.0,clean,illumination_gradient,13,aggressive,PASS,spatial_certificate,CLEAN_NUISANCE,False,1,1024,1,1
validation,validation_clean_221,clean,0.0,clean,illumination_gradient,13,balanced,PASS,spatial_certificate,CLEAN_NUISANCE,False,1,1024,1,1
validation,validation_clean_221,clean,0.0,clean,illumination_gradient,13,conservative,PASS,spatial_certificate,CLEAN_NUISANCE,False,1,1024,1,1
validation,validation_clean_222,clean,0.0,clean,illumination_gradient,14,global_baseline,PASS,spatial_certificate,CLEAN_NUISANCE,False,2,1024,1,1
validation,validation_clean_222,clean,0.0,clean,illumination_gradient,14,tile,PASS,spatial_certificate,CLEAN_NUISANCE,False,2,1024,1,1
validation,validation_clean_222,clean,0.0,clean,illumination_gradient,14,multiscale,PASS,spatial_certificate,CLEAN_NUISANCE,False,2,1024,1,1
validation,validation_clean_222,clean,0.0,clean,illumination_gradient,14,connected_component,PASS,spatial_certificate,CLEAN_NUISANCE,False,2,1024,1,1
validation,validation_clean_222,clean,0.0,clean,illumination_gradient,14,max_local_density,PASS,spatial_certificate,CLEAN_NUISANCE,False,2,1024,1,1
validation,validation_clean_222,clean,0.0,clean,illumination_gradient,14,edge_aware,PASS,spatial_certificate,CLEAN_NUISANCE,False,2,1024,1,1
validation,validation_clean_222,clean,0.0,clean,illumination_gradient,14,aggressive,PASS,spatial_certificate,CLEAN_NUISANCE,False,2,1024,1,1
validation,validation_clean_222,clean,0.0,clean,illumination_gradient,14,balanced,PASS,spatial_certificate,CLEAN_NUISANCE,False,2,1024,1,1
validation,validation_clean_222,clean,0.0,clean,illumination_gradient,14,conservative,PASS,spatial_certificate,CLEAN_NUISANCE,False,2,1024,1,1
validation,validation_clean_223,clean,0.0,clean,illumination_gradient,15,global_baseline,PASS,spatial_certificate,CLEAN_NUISANCE,False,1,1024,1,1
validation,validation_clean_223,clean,0.0,clean,illumination_gradient,15,tile,PASS,spatial_certificate,CLEAN_NUISANCE,False,1,1024,1,1
validation,validation_clean_223,clean,0.0,clean,illumination_gradient,15,multiscale,PASS,spatial_certificate,CLEAN_NUISANCE,False,1,1024,1,1
validation,validation_clean_223,clean,0.0,clean,illumination_gradient,15,connected_component,PASS,spatial_certificate,CLEAN_NUISANCE,False,1,1024,1,1
validation,validation_clean_223,clean,0.0,clean,illumination_gradient,15,max_local_density,PASS,spatial_certificate,CLEAN_NUISANCE,False,1,1024,1,1
validation,validation_clean_223,clean,0.0,clean,illumination_gradient,15,edge_aware,PASS,spatial_certificate,CLEAN_NUISANCE,False,1,1024,1,1
validation,validation_clean_223,clean,0.0,clean,illumination_gradient,15,aggressive,PASS,spatial_certificate,CLEAN_NUISANCE,False,1,1024,1,1
validation,validation_clean_223,clean,0.0,clean,illumination_gradient,15,balanced,PASS,spatial_certificate,CLEAN_NUISANCE,False,1,1024,1,1
validation,validation_clean_223,clean,0.0,clean,illumination_gradient,15,conservative,PASS,spatial_certificate,CLEAN_NUISANCE,False,1,1024,1,1
validation,validation_clean_224,clean,0.0,clean,edge_artifact,0,global_baseline,PASS,spatial_certificate,CLEAN_NUISANCE,False,2,12,1,1
validation,validation_clean_224,clean,0.0,clean,edge_artifact,0,tile,PASS,spatial_certificate,CLEAN_NUISANCE,False,2,12,1,1
validation,validation_clean_224,clean,0.0,clean,edge_artifact,0,multiscale,PASS,spatial_certificate,CLEAN_NUISANCE,False,2,12,1,1
validation,validation_clean_224,clean,0.0,clean,edge_artifact,0,connected_component,PASS,spatial_certificate,CLEAN_NUISANCE,False,2,12,1,1
validation,validation_clean_224,clean,0.0,clean,edge_artifact,0,max_local_density,PASS,spatial_certificate,CLEAN_NUISANCE,False,2,12,1,1
validation,validation_clean_224,clean,0.0,clean,edge_artifact,0,edge_aware,PASS,spatial_certificate,CLEAN_NUISANCE,False,2,12,1,1
validation,validation_clean_224,clean,0.0,clean,edge_artifact,0,aggressive,PASS,spatial_certificate,CLEAN_NUISANCE,False,2,12,1,1
validation,validation_clean_224,clean,0.0,clean,edge_artifact,0,balanced,PASS,spatial_certificate,CLEAN_NUISANCE,False,2,12,1,1
validation,validation_clean_224,clean,0.0,clean,edge_artifact,0,conservative,PASS,spatial_certificate,CLEAN_NUISANCE,False,2,12,1,1
validation,validation_clean_225,clean,0.0,clean,edge_artifact,1,global_baseline,PASS,spatial_certificate,CLEAN_NUISANCE,False,15,12,12,5
validation,validation_clean_225,clean,0.0,clean,edge_artifact,1,tile,UNKNOWN,tile_density,CLEAN_NUISANCE,False,15,12,12,5
validation,validation_clean_225,clean,0.0,clean,edge_artifact,1,multiscale,UNKNOWN,window_4_density,CLEAN_NUISANCE,False,15,12,12,5
validation,validation_clean_225,clean,0.0,clean,edge_artifact,1,connected_component,UNKNOWN,component_area,CLEAN_NUISANCE,False,15,12,12,5
validation,validation_clean_225,clean,0.0,clean,edge_artifact,1,max_local_density,UNKNOWN,window_4_density,CLEAN_NUISANCE,False,15,12,12,5
validation,validation_clean_225,clean,0.0,clean,edge_artifact,1,edge_aware,PASS,spatial_certificate,CLEAN_NUISANCE,False,15,12,12,5
validation,validation_clean_225,clean,0.0,clean,edge_artifact,1,aggressive,UNKNOWN,tile_density,CLEAN_NUISANCE,False,15,12,12,5
validation,validation_clean_225,clean,0.0,clean,edge_artifact,1,balanced,PASS,spatial_certificate,CLEAN_NUISANCE,False,15,12,12,5
validation,validation_clean_225,clean,0.0,clean,edge_artifact,1,conservative,PASS,spatial_certificate,CLEAN_NUISANCE,False,15,12,12,5
validation,validation_clean_226,clean,0.0,clean,edge_artifact,2,global_baseline,PASS,spatial_certificate,CLEAN_NUISANCE,False,14,12,12,5
validation,validation_clean_226,clean,0.0,clean,edge_artifact,2,tile,UNKNOWN,tile_density,CLEAN_NUISANCE,False,14,12,12,5
validation,validation_clean_226,clean,0.0,clean,edge_artifact,2,multiscale,UNKNOWN,window_4_density,CLEAN_NUISANCE,False,14,12,12,5
validation,validation_clean_226,clean,0.0,clean,edge_artifact,2,connected_component,UNKNOWN,component_area,CLEAN_NUISANCE,False,14,12,12,5
validation,validation_clean_226,clean,0.0,clean,edge_artifact,2,max_local_density,UNKNOWN,window_4_density,CLEAN_NUISANCE,False,14,12,12,5
validation,validation_clean_226,clean,0.0,clean,edge_artifact,2,edge_aware,PASS,spatial_certificate,CLEAN_NUISANCE,False,14,12,12,5
validation,validation_clean_226,clean,0.0,clean,edge_artifact,2,aggressive,UNKNOWN,tile_density,CLEAN_NUISANCE,False,14,12,12,5
validation,validation_clean_226,clean,0.0,clean,edge_artifact,2,balanced,PASS,spatial_certificate,CLEAN_NUISANCE,False,14,12,12,5
validation,validation_clean_226,clean,0.0,clean,edge_artifact,2,conservative,PASS,spatial_certificate,CLEAN_NUISANCE,False,14,12,12,5
validation,validation_clean_227,clean,0.0,clean,edge_artifact,3,global_baseline,PASS,spatial_certificate,CLEAN_NUISANCE,False,13,12,12,5
validation,validation_clean_227,clean,0.0,clean,edge_artifact,3,tile,UNKNOWN,tile_density,CLEAN_NUISANCE,False,13,12,12,5
validation,validation_clean_227,clean,0.0,clean,edge_artifact,3,multiscale,UNKNOWN,window_4_density,CLEAN_NUISANCE,False,13,12,12,5
validation,validation_clean_227,clean,0.0,clean,edge_artifact,3,connected_component,UNKNOWN,component_area,CLEAN_NUISANCE,False,13,12,12,5
validation,validation_clean_227,clean,0.0,clean,edge_artifact,3,max_local_density,UNKNOWN,window_4_density,CLEAN_NUISANCE,False,13,12,12,5
validation,validation_clean_227,clean,0.0,clean,edge_artifact,3,edge_aware,PASS,spatial_certificate,CLEAN_NUISANCE,False,13,12,12,5
validation,validation_clean_227,clean,0.0,clean,edge_artifact,3,aggressive,UNKNOWN,tile_density,CLEAN_NUISANCE,False,13,12,12,5
validation,validation_clean_227,clean,0.0,clean,edge_artifact,3,balanced,PASS,spatial_certificate,CLEAN_NUISANCE,False,13,12,12,5
validation,validation_clean_227,clean,0.0,clean,edge_artifact,3,conservative,PASS,spatial_certificate,CLEAN_NUISANCE,False,13,12,12,5
validation,validation_clean_228,clean,0.0,clean,edge_artifact,4,global_baseline,PASS,spatial_certificate,CLEAN_NUISANCE,False,12,12,12,5
validation,validation_clean_228,clean,0.0,clean,edge_artifact,4,tile,PASS,spatial_certificate,CLEAN_NUISANCE,False,12,12,12,5
validation,validation_clean_228,clean,0.0,clean,edge_artifact,4,multiscale,UNKNOWN,window_4_density,CLEAN_NUISANCE,False,12,12,12,5
validation,validation_clean_228,clean,0.0,clean,edge_artifact,4,connected_component,UNKNOWN,component_area,CLEAN_NUISANCE,False,12,12,12,5
validation,validation_clean_228,clean,0.0,clean,edge_artifact,4,max_local_density,UNKNOWN,window_4_density,CLEAN_NUISANCE,False,12,12,12,5
validation,validation_clean_228,clean,0.0,clean,edge_artifact,4,edge_aware,PASS,spatial_certificate,CLEAN_NUISANCE,False,12,12,12,5
validation,validation_clean_228,clean,0.0,clean,edge_artifact,4,aggressive,UNKNOWN,tile_density,CLEAN_NUISANCE,False,12,12,12,5
validation,validation_clean_228,clean,0.0,clean,edge_artifact,4,balanced,PASS,spatial_certificate,CLEAN_NUISANCE,False,12,12,12,5
validation,validation_clean_228,clean,0.0,clean,edge_artifact,4,conservative,PASS,spatial_certificate,CLEAN_NUISANCE,False,12,12,12,5
validation,validation_clean_229,clean,0.0,clean,edge_artifact,5,global_baseline,PASS,spatial_certificate,CLEAN_NUISANCE,False,3,12,1,1
validation,validation_clean_229,clean,0.0,clean,edge_artifact,5,tile,PASS,spatial_certificate,CLEAN_NUISANCE,False,3,12,1,1
validation,validation_clean_229,clean,0.0,clean,edge_artifact,5,multiscale,PASS,spatial_certificate,CLEAN_NUISANCE,False,3,12,1,1
validation,validation_clean_229,clean,0.0,clean,edge_artifact,5,connected_component,PASS,spatial_certificate,CLEAN_NUISANCE,False,3,12,1,1
validation,validation_clean_229,clean,0.0,clean,edge_artifact,5,max_local_density,PASS,spatial_certificate,CLEAN_NUISANCE,False,3,12,1,1
validation,validation_clean_229,clean,0.0,clean,edge_artifact,5,edge_aware,PASS,spatial_certificate,CLEAN_NUISANCE,False,3,12,1,1
validation,validation_clean_229,clean,0.0,clean,edge_artifact,5,aggressive,PASS,spatial_certificate,CLEAN_NUISANCE,False,3,12,1,1
validation,validation_clean_229,clean,0.0,clean,edge_artifact,5,balanced,PASS,spatial_certificate,CLEAN_NUISANCE,False,3,12,1,1
validation,validation_clean_229,clean,0.0,clean,edge_artifact,5,conservative,PASS,spatial_certificate,CLEAN_NUISANCE,False,3,12,1,1
validation,validation_clean_230,clean,0.0,clean,edge_artifact,6,global_baseline,PASS,spatial_certificate,CLEAN_NUISANCE,False,12,12,12,5
validation,validation_clean_230,clean,0.0,clean,edge_artifact,6,tile,UNKNOWN,tile_density,CLEAN_NUISANCE,False,12,12,12,5
validation,validation_clean_230,clean,0.0,clean,edge_artifact,6,multiscale,UNKNOWN,window_4_density,CLEAN_NUISANCE,False,12,12,12,5
validation,validation_clean_230,clean,0.0,clean,edge_artifact,6,connected_component,UNKNOWN,component_area,CLEAN_NUISANCE,False,12,12,12,5
validation,validation_clean_230,clean,0.0,clean,edge_artifact,6,max_local_density,UNKNOWN,window_4_density,CLEAN_NUISANCE,False,12,12,12,5
validation,validation_clean_230,clean,0.0,clean,edge_artifact,6,edge_aware,PASS,spatial_certificate,CLEAN_NUISANCE,False,12,12,12,5
validation,validation_clean_230,clean,0.0,clean,edge_artifact,6,aggressive,UNKNOWN,tile_density,CLEAN_NUISANCE,False,12,12,12,5
validation,validation_clean_230,clean,0.0,clean,edge_artifact,6,balanced,PASS,spatial_certificate,CLEAN_NUISANCE,False,12,12,12,5
validation,validation_clean_230,clean,0.0,clean,edge_artifact,6,conservative,PASS,spatial_certificate,CLEAN_NUISANCE,False,12,12,12,5
validation,validation_clean_231,clean,0.0,clean,edge_artifact,7,global_baseline,PASS,spatial_certificate,CLEAN_NUISANCE,False,12,12,12,5
validation,validation_clean_231,clean,0.0,clean,edge_artifact,7,tile,UNKNOWN,tile_density,CLEAN_NUISANCE,False,12,12,12,5
validation,validation_clean_231,clean,0.0,clean,edge_artifact,7,multiscale,UNKNOWN,window_4_density,CLEAN_NUISANCE,False,12,12,12,5
validation,validation_clean_231,clean,0.0,clean,edge_artifact,7,connected_component,UNKNOWN,component_area,CLEAN_NUISANCE,False,12,12,12,5
validation,validation_clean_231,clean,0.0,clean,edge_artifact,7,max_local_density,UNKNOWN,window_4_density,CLEAN_NUISANCE,False,12,12,12,5
validation,validation_clean_231,clean,0.0,clean,edge_artifact,7,edge_aware,PASS,spatial_certificate,CLEAN_NUISANCE,False,12,12,12,5
validation,validation_clean_231,clean,0.0,clean,edge_artifact,7,aggressive,UNKNOWN,tile_density,CLEAN_NUISANCE,False,12,12,12,5
validation,validation_clean_231,clean,0.0,clean,edge_artifact,7,balanced,PASS,spatial_certificate,CLEAN_NUISANCE,False,12,12,12,5
validation,validation_clean_231,clean,0.0,clean,edge_artifact,7,conservative,PASS,spatial_certificate,CLEAN_NUISANCE,False,12,12,12,5
validation,validation_clean_232,clean,0.0,clean,edge_artifact,8,global_baseline,PASS,spatial_certificate,CLEAN_NUISANCE,False,12,12,12,5
validation,validation_clean_232,clean,0.0,clean,edge_artifact,8,tile,UNKNOWN,tile_density,CLEAN_NUISANCE,False,12,12,12,5
validation,validation_clean_232,clean,0.0,clean,edge_artifact,8,multiscale,UNKNOWN,window_4_density,CLEAN_NUISANCE,False,12,12,12,5
validation,validation_clean_232,clean,0.0,clean,edge_artifact,8,connected_component,UNKNOWN,component_area,CLEAN_NUISANCE,False,12,12,12,5
validation,validation_clean_232,clean,0.0,clean,edge_artifact,8,max_local_density,UNKNOWN,window_4_density,CLEAN_NUISANCE,False,12,12,12,5
validation,validation_clean_232,clean,0.0,clean,edge_artifact,8,edge_aware,PASS,spatial_certificate,CLEAN_NUISANCE,False,12,12,12,5
validation,validation_clean_232,clean,0.0,clean,edge_artifact,8,aggressive,UNKNOWN,tile_density,CLEAN_NUISANCE,False,12,12,12,5
validation,validation_clean_232,clean,0.0,clean,edge_artifact,8,balanced,PASS,spatial_certificate,CLEAN_NUISANCE,False,12,12,12,5
validation,validation_clean_232,clean,0.0,clean,edge_artifact,8,conservative,PASS,spatial_certificate,CLEAN_NUISANCE,False,12,12,12,5
validation,validation_clean_233,clean,0.0,clean,edge_artifact,9,global_baseline,PASS,spatial_certificate,CLEAN_NUISANCE,False,2,12,1,1
validation,validation_clean_233,clean,0.0,clean,edge_artifact,9,tile,PASS,spatial_certificate,CLEAN_NUISANCE,False,2,12,1,1
validation,validation_clean_233,clean,0.0,clean,edge_artifact,9,multiscale,PASS,spatial_certificate,CLEAN_NUISANCE,False,2,12,1,1
validation,validation_clean_233,clean,0.0,clean,edge_artifact,9,connected_component,PASS,spatial_certificate,CLEAN_NUISANCE,False,2,12,1,1
validation,validation_clean_233,clean,0.0,clean,edge_artifact,9,max_local_density,PASS,spatial_certificate,CLEAN_NUISANCE,False,2,12,1,1
validation,validation_clean_233,clean,0.0,clean,edge_artifact,9,edge_aware,PASS,spatial_certificate,CLEAN_NUISANCE,False,2,12,1,1
validation,validation_clean_233,clean,0.0,clean,edge_artifact,9,aggressive,PASS,spatial_certificate,CLEAN_NUISANCE,False,2,12,1,1
validation,validation_clean_233,clean,0.0,clean,edge_artifact,9,balanced,PASS,spatial_certificate,CLEAN_NUISANCE,False,2,12,1,1
validation,validation_clean_233,clean,0.0,clean,edge_artifact,9,conservative,PASS,spatial_certificate,CLEAN_NUISANCE,False,2,12,1,1
validation,validation_clean_234,clean,0.0,clean,edge_artifact,10,global_baseline,PASS,spatial_certificate,CLEAN_NUISANCE,False,13,12,12,5
validation,validation_clean_234,clean,0.0,clean,edge_artifact,10,tile,UNKNOWN,tile_density,CLEAN_NUISANCE,False,13,12,12,5
validation,validation_clean_234,clean,0.0,clean,edge_artifact,10,multiscale,UNKNOWN,window_4_density,CLEAN_NUISANCE,False,13,12,12,5
validation,validation_clean_234,clean,0.0,clean,edge_artifact,10,connected_component,UNKNOWN,component_area,CLEAN_NUISANCE,False,13,12,12,5
validation,validation_clean_234,clean,0.0,clean,edge_artifact,10,max_local_density,UNKNOWN,window_4_density,CLEAN_NUISANCE,False,13,12,12,5
validation,validation_clean_234,clean,0.0,clean,edge_artifact,10,edge_aware,PASS,spatial_certificate,CLEAN_NUISANCE,False,13,12,12,5
validation,validation_clean_234,clean,0.0,clean,edge_artifact,10,aggressive,UNKNOWN,tile_density,CLEAN_NUISANCE,False,13,12,12,5
validation,validation_clean_234,clean,0.0,clean,edge_artifact,10,balanced,PASS,spatial_certificate,CLEAN_NUISANCE,False,13,12,12,5
validation,validation_clean_234,clean,0.0,clean,edge_artifact,10,conservative,PASS,spatial_certificate,CLEAN_NUISANCE,False,13,12,12,5
validation,validation_clean_235,clean,0.0,clean,edge_artifact,11,global_baseline,PASS,spatial_certificate,CLEAN_NUISANCE,False,13,12,12,5
validation,validation_clean_235,clean,0.0,clean,edge_artifact,11,tile,UNKNOWN,tile_density,CLEAN_NUISANCE,False,13,12,12,5
validation,validation_clean_235,clean,0.0,clean,edge_artifact,11,multiscale,UNKNOWN,window_4_density,CLEAN_NUISANCE,False,13,12,12,5
validation,validation_clean_235,clean,0.0,clean,edge_artifact,11,connected_component,UNKNOWN,component_area,CLEAN_NUISANCE,False,13,12,12,5
validation,validation_clean_235,clean,0.0,clean,edge_artifact,11,max_local_density,UNKNOWN,window_4_density,CLEAN_NUISANCE,False,13,12,12,5
validation,validation_clean_235,clean,0.0,clean,edge_artifact,11,edge_aware,PASS,spatial_certificate,CLEAN_NUISANCE,False,13,12,12,5
validation,validation_clean_235,clean,0.0,clean,edge_artifact,11,aggressive,UNKNOWN,tile_density,CLEAN_NUISANCE,False,13,12,12,5
validation,validation_clean_235,clean,0.0,clean,edge_artifact,11,balanced,PASS,spatial_certificate,CLEAN_NUISANCE,False,13,12,12,5
validation,validation_clean_235,clean,0.0,clean,edge_artifact,11,conservative,PASS,spatial_certificate,CLEAN_NUISANCE,False,13,12,12,5
validation,validation_clean_236,clean,0.0,clean,edge_artifact,12,global_baseline,PASS,spatial_certificate,CLEAN_NUISANCE,False,13,12,12,5
validation,validation_clean_236,clean,0.0,clean,edge_artifact,12,tile,UNKNOWN,tile_density,CLEAN_NUISANCE,False,13,12,12,5
validation,validation_clean_236,clean,0.0,clean,edge_artifact,12,multiscale,UNKNOWN,window_4_density,CLEAN_NUISANCE,False,13,12,12,5
validation,validation_clean_236,clean,0.0,clean,edge_artifact,12,connected_component,UNKNOWN,component_area,CLEAN_NUISANCE,False,13,12,12,5
validation,validation_clean_236,clean,0.0,clean,edge_artifact,12,max_local_density,UNKNOWN,window_4_density,CLEAN_NUISANCE,False,13,12,12,5
validation,validation_clean_236,clean,0.0,clean,edge_artifact,12,edge_aware,PASS,spatial_certificate,CLEAN_NUISANCE,False,13,12,12,5
validation,validation_clean_236,clean,0.0,clean,edge_artifact,12,aggressive,UNKNOWN,tile_density,CLEAN_NUISANCE,False,13,12,12,5
validation,validation_clean_236,clean,0.0,clean,edge_artifact,12,balanced,PASS,spatial_certificate,CLEAN_NUISANCE,False,13,12,12,5
validation,validation_clean_236,clean,0.0,clean,edge_artifact,12,conservative,PASS,spatial_certificate,CLEAN_NUISANCE,False,13,12,12,5
validation,validation_clean_237,clean,0.0,clean,edge_artifact,13,global_baseline,PASS,spatial_certificate,CLEAN_NUISANCE,False,14,12,12,5
validation,validation_clean_237,clean,0.0,clean,edge_artifact,13,tile,UNKNOWN,tile_density,CLEAN_NUISANCE,False,14,12,12,5
validation,validation_clean_237,clean,0.0,clean,edge_artifact,13,multiscale,UNKNOWN,window_4_density,CLEAN_NUISANCE,False,14,12,12,5
validation,validation_clean_237,clean,0.0,clean,edge_artifact,13,connected_component,UNKNOWN,component_area,CLEAN_NUISANCE,False,14,12,12,5
validation,validation_clean_237,clean,0.0,clean,edge_artifact,13,max_local_density,UNKNOWN,window_4_density,CLEAN_NUISANCE,False,14,12,12,5
validation,validation_clean_237,clean,0.0,clean,edge_artifact,13,edge_aware,PASS,spatial_certificate,CLEAN_NUISANCE,False,14,12,12,5
validation,validation_clean_237,clean,0.0,clean,edge_artifact,13,aggressive,UNKNOWN,tile_density,CLEAN_NUISANCE,False,14,12,12,5
validation,validation_clean_237,clean,0.0,clean,edge_artifact,13,balanced,PASS,spatial_certificate,CLEAN_NUISANCE,False,14,12,12,5
validation,validation_clean_237,clean,0.0,clean,edge_artifact,13,conservative,PASS,spatial_certificate,CLEAN_NUISANCE,False,14,12,12,5
validation,validation_clean_238,clean,0.0,clean,edge_artifact,14,global_baseline,PASS,spatial_certificate,CLEAN_NUISANCE,False,2,12,1,1
validation,validation_clean_238,clean,0.0,clean,edge_artifact,14,tile,PASS,spatial_certificate,CLEAN_NUISANCE,False,2,12,1,1
validation,validation_clean_238,clean,0.0,clean,edge_artifact,14,multiscale,PASS,spatial_certificate,CLEAN_NUISANCE,False,2,12,1,1
validation,validation_clean_238,clean,0.0,clean,edge_artifact,14,connected_component,PASS,spatial_certificate,CLEAN_NUISANCE,False,2,12,1,1
validation,validation_clean_238,clean,0.0,clean,edge_artifact,14,max_local_density,PASS,spatial_certificate,CLEAN_NUISANCE,False,2,12,1,1
validation,validation_clean_238,clean,0.0,clean,edge_artifact,14,edge_aware,PASS,spatial_certificate,CLEAN_NUISANCE,False,2,12,1,1
validation,validation_clean_238,clean,0.0,clean,edge_artifact,14,aggressive,PASS,spatial_certificate,CLEAN_NUISANCE,False,2,12,1,1
validation,validation_clean_238,clean,0.0,clean,edge_artifact,14,balanced,PASS,spatial_certificate,CLEAN_NUISANCE,False,2,12,1,1
validation,validation_clean_238,clean,0.0,clean,edge_artifact,14,conservative,PASS,spatial_certificate,CLEAN_NUISANCE,False,2,12,1,1
validation,validation_clean_239,clean,0.0,clean,edge_artifact,15,global_baseline,PASS,spatial_certificate,CLEAN_NUISANCE,False,0,12,0,0
validation,validation_clean_239,clean,0.0,clean,edge_artifact,15,tile,PASS,spatial_certificate,CLEAN_NUISANCE,False,0,12,0,0
validation,validation_clean_239,clean,0.0,clean,edge_artifact,15,multiscale,PASS,spatial_certificate,CLEAN_NUISANCE,False,0,12,0,0
validation,validation_clean_239,clean,0.0,clean,edge_artifact,15,connected_component,PASS,spatial_certificate,CLEAN_NUISANCE,False,0,12,0,0
validation,validation_clean_239,clean,0.0,clean,edge_artifact,15,max_local_density,PASS,spatial_certificate,CLEAN_NUISANCE,False,0,12,0,0
validation,validation_clean_239,clean,0.0,clean,edge_artifact,15,edge_aware,PASS,spatial_certificate,CLEAN_NUISANCE,False,0,12,0,0
validation,validation_clean_239,clean,0.0,clean,edge_artifact,15,aggressive,PASS,spatial_certificate,CLEAN_NUISANCE,False,0,12,0,0
validation,validation_clean_239,clean,0.0,clean,edge_artifact,15,balanced,PASS,spatial_certificate,CLEAN_NUISANCE,False,0,12,0,0
validation,validation_clean_239,clean,0.0,clean,edge_artifact,15,conservative,PASS,spatial_certificate,CLEAN_NUISANCE,False,0,12,0,0
validation,validation_clean_240,clean,0.0,clean,registration_noise,0,global_baseline,PASS,spatial_certificate,CLEAN_NUISANCE,False,0,1024,0,0
validation,validation_clean_240,clean,0.0,clean,registration_noise,0,tile,PASS,spatial_certificate,CLEAN_NUISANCE,False,0,1024,0,0
validation,validation_clean_240,clean,0.0,clean,registration_noise,0,multiscale,PASS,spatial_certificate,CLEAN_NUISANCE,False,0,1024,0,0
validation,validation_clean_240,clean,0.0,clean,registration_noise,0,connected_component,PASS,spatial_certificate,CLEAN_NUISANCE,False,0,1024,0,0
validation,validation_clean_240,clean,0.0,clean,registration_noise,0,max_local_density,PASS,spatial_certificate,CLEAN_NUISANCE,False,0,1024,0,0
validation,validation_clean_240,clean,0.0,clean,registration_noise,0,edge_aware,PASS,spatial_certificate,CLEAN_NUISANCE,False,0,1024,0,0
validation,validation_clean_240,clean,0.0,clean,registration_noise,0,aggressive,PASS,spatial_certificate,CLEAN_NUISANCE,False,0,1024,0,0
validation,validation_clean_240,clean,0.0,clean,registration_noise,0,balanced,PASS,spatial_certificate,CLEAN_NUISANCE,False,0,1024,0,0
validation,validation_clean_240,clean,0.0,clean,registration_noise,0,conservative,PASS,spatial_certificate,CLEAN_NUISANCE,False,0,1024,0,0
validation,validation_clean_241,clean,0.0,clean,registration_noise,1,global_baseline,PASS,spatial_certificate,CLEAN_NUISANCE,False,2,1024,1,1
validation,validation_clean_241,clean,0.0,clean,registration_noise,1,tile,PASS,spatial_certificate,CLEAN_NUISANCE,False,2,1024,1,1
validation,validation_clean_241,clean,0.0,clean,registration_noise,1,multiscale,PASS,spatial_certificate,CLEAN_NUISANCE,False,2,1024,1,1
validation,validation_clean_241,clean,0.0,clean,registration_noise,1,connected_component,PASS,spatial_certificate,CLEAN_NUISANCE,False,2,1024,1,1
validation,validation_clean_241,clean,0.0,clean,registration_noise,1,max_local_density,PASS,spatial_certificate,CLEAN_NUISANCE,False,2,1024,1,1
validation,validation_clean_241,clean,0.0,clean,registration_noise,1,edge_aware,PASS,spatial_certificate,CLEAN_NUISANCE,False,2,1024,1,1
validation,validation_clean_241,clean,0.0,clean,registration_noise,1,aggressive,PASS,spatial_certificate,CLEAN_NUISANCE,False,2,1024,1,1
validation,validation_clean_241,clean,0.0,clean,registration_noise,1,balanced,PASS,spatial_certificate,CLEAN_NUISANCE,False,2,1024,1,1
validation,validation_clean_241,clean,0.0,clean,registration_noise,1,conservative,PASS,spatial_certificate,CLEAN_NUISANCE,False,2,1024,1,1
validation,validation_clean_242,clean,0.0,clean,registration_noise,2,global_baseline,PASS,spatial_certificate,CLEAN_NUISANCE,False,1,1024,1,1
validation,validation_clean_242,clean,0.0,clean,registration_noise,2,tile,PASS,spatial_certificate,CLEAN_NUISANCE,False,1,1024,1,1
validation,validation_clean_242,clean,0.0,clean,registration_noise,2,multiscale,PASS,spatial_certificate,CLEAN_NUISANCE,False,1,1024,1,1
validation,validation_clean_242,clean,0.0,clean,registration_noise,2,connected_component,PASS,spatial_certificate,CLEAN_NUISANCE,False,1,1024,1,1
validation,validation_clean_242,clean,0.0,clean,registration_noise,2,max_local_density,PASS,spatial_certificate,CLEAN_NUISANCE,False,1,1024,1,1
validation,validation_clean_242,clean,0.0,clean,registration_noise,2,edge_aware,PASS,spatial_certificate,CLEAN_NUISANCE,False,1,1024,1,1
validation,validation_clean_242,clean,0.0,clean,registration_noise,2,aggressive,PASS,spatial_certificate,CLEAN_NUISANCE,False,1,1024,1,1
validation,validation_clean_242,clean,0.0,clean,registration_noise,2,balanced,PASS,spatial_certificate,CLEAN_NUISANCE,False,1,1024,1,1
validation,validation_clean_242,clean,0.0,clean,registration_noise,2,conservative,PASS,spatial_certificate,CLEAN_NUISANCE,False,1,1024,1,1
validation,validation_clean_243,clean,0.0,clean,registration_noise,3,global_baseline,PASS,spatial_certificate,CLEAN_NUISANCE,False,2,1024,1,1
validation,validation_clean_243,clean,0.0,clean,registration_noise,3,tile,PASS,spatial_certificate,CLEAN_NUISANCE,False,2,1024,1,1
validation,validation_clean_243,clean,0.0,clean,registration_noise,3,multiscale,PASS,spatial_certificate,CLEAN_NUISANCE,False,2,1024,1,1
validation,validation_clean_243,clean,0.0,clean,registration_noise,3,connected_component,PASS,spatial_certificate,CLEAN_NUISANCE,False,2,1024,1,1
validation,validation_clean_243,clean,0.0,clean,registration_noise,3,max_local_density,PASS,spatial_certificate,CLEAN_NUISANCE,False,2,1024,1,1
validation,validation_clean_243,clean,0.0,clean,registration_noise,3,edge_aware,PASS,spatial_certificate,CLEAN_NUISANCE,False,2,1024,1,1
validation,validation_clean_243,clean,0.0,clean,registration_noise,3,aggressive,PASS,spatial_certificate,CLEAN_NUISANCE,False,2,1024,1,1
validation,validation_clean_243,clean,0.0,clean,registration_noise,3,balanced,PASS,spatial_certificate,CLEAN_NUISANCE,False,2,1024,1,1
validation,validation_clean_243,clean,0.0,clean,registration_noise,3,conservative,PASS,spatial_certificate,CLEAN_NUISANCE,False,2,1024,1,1
validation,validation_clean_244,clean,0.0,clean,registration_noise,4,global_baseline,PASS,spatial_certificate,CLEAN_NUISANCE,False,2,1024,1,1
validation,validation_clean_244,clean,0.0,clean,registration_noise,4,tile,PASS,spatial_certificate,CLEAN_NUISANCE,False,2,1024,1,1
validation,validation_clean_244,clean,0.0,clean,registration_noise,4,multiscale,PASS,spatial_certificate,CLEAN_NUISANCE,False,2,1024,1,1
validation,validation_clean_244,clean,0.0,clean,registration_noise,4,connected_component,PASS,spatial_certificate,CLEAN_NUISANCE,False,2,1024,1,1
validation,validation_clean_244,clean,0.0,clean,registration_noise,4,max_local_density,PASS,spatial_certificate,CLEAN_NUISANCE,False,2,1024,1,1
validation,validation_clean_244,clean,0.0,clean,registration_noise,4,edge_aware,PASS,spatial_certificate,CLEAN_NUISANCE,False,2,1024,1,1
validation,validation_clean_244,clean,0.0,clean,registration_noise,4,aggressive,PASS,spatial_certificate,CLEAN_NUISANCE,False,2,1024,1,1
validation,validation_clean_244,clean,0.0,clean,registration_noise,4,balanced,PASS,spatial_certificate,CLEAN_NUISANCE,False,2,1024,1,1
validation,validation_clean_244,clean,0.0,clean,registration_noise,4,conservative,PASS,spatial_certificate,CLEAN_NUISANCE,False,2,1024,1,1
validation,validation_clean_245,clean,0.0,clean,registration_noise,5,global_baseline,PASS,spatial_certificate,CLEAN_NUISANCE,False,1,1024,1,1
validation,validation_clean_245,clean,0.0,clean,registration_noise,5,tile,PASS,spatial_certificate,CLEAN_NUISANCE,False,1,1024,1,1
validation,validation_clean_245,clean,0.0,clean,registration_noise,5,multiscale,PASS,spatial_certificate,CLEAN_NUISANCE,False,1,1024,1,1
validation,validation_clean_245,clean,0.0,clean,registration_noise,5,connected_component,PASS,spatial_certificate,CLEAN_NUISANCE,False,1,1024,1,1
validation,validation_clean_245,clean,0.0,clean,registration_noise,5,max_local_density,PASS,spatial_certificate,CLEAN_NUISANCE,False,1,1024,1,1
validation,validation_clean_245,clean,0.0,clean,registration_noise,5,edge_aware,PASS,spatial_certificate,CLEAN_NUISANCE,False,1,1024,1,1
validation,validation_clean_245,clean,0.0,clean,registration_noise,5,aggressive,PASS,spatial_certificate,CLEAN_NUISANCE,False,1,1024,1,1
validation,validation_clean_245,clean,0.0,clean,registration_noise,5,balanced,PASS,spatial_certificate,CLEAN_NUISANCE,False,1,1024,1,1
validation,validation_clean_245,clean,0.0,clean,registration_noise,5,conservative,PASS,spatial_certificate,CLEAN_NUISANCE,False,1,1024,1,1
validation,validation_clean_246,clean,0.0,clean,registration_noise,6,global_baseline,PASS,spatial_certificate,CLEAN_NUISANCE,False,4,1024,1,1
validation,validation_clean_246,clean,0.0,clean,registration_noise,6,tile,PASS,spatial_certificate,CLEAN_NUISANCE,False,4,1024,1,1
validation,validation_clean_246,clean,0.0,clean,registration_noise,6,multiscale,PASS,spatial_certificate,CLEAN_NUISANCE,False,4,1024,1,1
validation,validation_clean_246,clean,0.0,clean,registration_noise,6,connected_component,PASS,spatial_certificate,CLEAN_NUISANCE,False,4,1024,1,1
validation,validation_clean_246,clean,0.0,clean,registration_noise,6,max_local_density,PASS,spatial_certificate,CLEAN_NUISANCE,False,4,1024,1,1
validation,validation_clean_246,clean,0.0,clean,registration_noise,6,edge_aware,PASS,spatial_certificate,CLEAN_NUISANCE,False,4,1024,1,1
validation,validation_clean_246,clean,0.0,clean,registration_noise,6,aggressive,PASS,spatial_certificate,CLEAN_NUISANCE,False,4,1024,1,1
validation,validation_clean_246,clean,0.0,clean,registration_noise,6,balanced,PASS,spatial_certificate,CLEAN_NUISANCE,False,4,1024,1,1
validation,validation_clean_246,clean,0.0,clean,registration_noise,6,conservative,PASS,spatial_certificate,CLEAN_NUISANCE,False,4,1024,1,1
validation,validation_clean_247,clean,0.0,clean,registration_noise,7,global_baseline,PASS,spatial_certificate,CLEAN_NUISANCE,False,0,1024,0,0
validation,validation_clean_247,clean,0.0,clean,registration_noise,7,tile,PASS,spatial_certificate,CLEAN_NUISANCE,False,0,1024,0,0
validation,validation_clean_247,clean,0.0,clean,registration_noise,7,multiscale,PASS,spatial_certificate,CLEAN_NUISANCE,False,0,1024,0,0
validation,validation_clean_247,clean,0.0,clean,registration_noise,7,connected_component,PASS,spatial_certificate,CLEAN_NUISANCE,False,0,1024,0,0
validation,validation_clean_247,clean,0.0,clean,registration_noise,7,max_local_density,PASS,spatial_certificate,CLEAN_NUISANCE,False,0,1024,0,0
validation,validation_clean_247,clean,0.0,clean,registration_noise,7,edge_aware,PASS,spatial_certificate,CLEAN_NUISANCE,False,0,1024,0,0
validation,validation_clean_247,clean,0.0,clean,registration_noise,7,aggressive,PASS,spatial_certificate,CLEAN_NUISANCE,False,0,1024,0,0
validation,validation_clean_247,clean,0.0,clean,registration_noise,7,balanced,PASS,spatial_certificate,CLEAN_NUISANCE,False,0,1024,0,0
validation,validation_clean_247,clean,0.0,clean,registration_noise,7,conservative,PASS,spatial_certificate,CLEAN_NUISANCE,False,0,1024,0,0
validation,validation_clean_248,clean,0.0,clean,registration_noise,8,global_baseline,PASS,spatial_certificate,CLEAN_NUISANCE,False,1,1024,1,1
validation,validation_clean_248,clean,0.0,clean,registration_noise,8,tile,PASS,spatial_certificate,CLEAN_NUISANCE,False,1,1024,1,1
validation,validation_clean_248,clean,0.0,clean,registration_noise,8,multiscale,PASS,spatial_certificate,CLEAN_NUISANCE,False,1,1024,1,1
validation,validation_clean_248,clean,0.0,clean,registration_noise,8,connected_component,PASS,spatial_certificate,CLEAN_NUISANCE,False,1,1024,1,1
validation,validation_clean_248,clean,0.0,clean,registration_noise,8,max_local_density,PASS,spatial_certificate,CLEAN_NUISANCE,False,1,1024,1,1
validation,validation_clean_248,clean,0.0,clean,registration_noise,8,edge_aware,PASS,spatial_certificate,CLEAN_NUISANCE,False,1,1024,1,1
validation,validation_clean_248,clean,0.0,clean,registration_noise,8,aggressive,PASS,spatial_certificate,CLEAN_NUISANCE,False,1,1024,1,1
validation,validation_clean_248,clean,0.0,clean,registration_noise,8,balanced,PASS,spatial_certificate,CLEAN_NUISANCE,False,1,1024,1,1
validation,validation_clean_248,clean,0.0,clean,registration_noise,8,conservative,PASS,spatial_certificate,CLEAN_NUISANCE,False,1,1024,1,1
validation,validation_clean_249,clean,0.0,clean,registration_noise,9,global_baseline,PASS,spatial_certificate,CLEAN_NUISANCE,False,0,1024,0,0
validation,validation_clean_249,clean,0.0,clean,registration_noise,9,tile,PASS,spatial_certificate,CLEAN_NUISANCE,False,0,1024,0,0
validation,validation_clean_249,clean,0.0,clean,registration_noise,9,multiscale,PASS,spatial_certificate,CLEAN_NUISANCE,False,0,1024,0,0
validation,validation_clean_249,clean,0.0,clean,registration_noise,9,connected_component,PASS,spatial_certificate,CLEAN_NUISANCE,False,0,1024,0,0
validation,validation_clean_249,clean,0.0,clean,registration_noise,9,max_local_density,PASS,spatial_certificate,CLEAN_NUISANCE,False,0,1024,0,0
validation,validation_clean_249,clean,0.0,clean,registration_noise,9,edge_aware,PASS,spatial_certificate,CLEAN_NUISANCE,False,0,1024,0,0
validation,validation_clean_249,clean,0.0,clean,registration_noise,9,aggressive,PASS,spatial_certificate,CLEAN_NUISANCE,False,0,1024,0,0
validation,validation_clean_249,clean,0.0,clean,registration_noise,9,balanced,PASS,spatial_certificate,CLEAN_NUISANCE,False,0,1024,0,0
validation,validation_clean_249,clean,0.0,clean,registration_noise,9,conservative,PASS,spatial_certificate,CLEAN_NUISANCE,False,0,1024,0,0
validation,validation_clean_250,clean,0.0,clean,registration_noise,10,global_baseline,PASS,spatial_certificate,CLEAN_NUISANCE,False,1,1024,1,1
validation,validation_clean_250,clean,0.0,clean,registration_noise,10,tile,PASS,spatial_certificate,CLEAN_NUISANCE,False,1,1024,1,1
validation,validation_clean_250,clean,0.0,clean,registration_noise,10,multiscale,PASS,spatial_certificate,CLEAN_NUISANCE,False,1,1024,1,1
validation,validation_clean_250,clean,0.0,clean,registration_noise,10,connected_component,PASS,spatial_certificate,CLEAN_NUISANCE,False,1,1024,1,1
validation,validation_clean_250,clean,0.0,clean,registration_noise,10,max_local_density,PASS,spatial_certificate,CLEAN_NUISANCE,False,1,1024,1,1
validation,validation_clean_250,clean,0.0,clean,registration_noise,10,edge_aware,PASS,spatial_certificate,CLEAN_NUISANCE,False,1,1024,1,1
validation,validation_clean_250,clean,0.0,clean,registration_noise,10,aggressive,PASS,spatial_certificate,CLEAN_NUISANCE,False,1,1024,1,1
validation,validation_clean_250,clean,0.0,clean,registration_noise,10,balanced,PASS,spatial_certificate,CLEAN_NUISANCE,False,1,1024,1,1
validation,validation_clean_250,clean,0.0,clean,registration_noise,10,conservative,PASS,spatial_certificate,CLEAN_NUISANCE,False,1,1024,1,1
validation,validation_clean_251,clean,0.0,clean,registration_noise,11,global_baseline,PASS,spatial_certificate,CLEAN_NUISANCE,False,2,1024,1,1
validation,validation_clean_251,clean,0.0,clean,registration_noise,11,tile,PASS,spatial_certificate,CLEAN_NUISANCE,False,2,1024,1,1
validation,validation_clean_251,clean,0.0,clean,registration_noise,11,multiscale,PASS,spatial_certificate,CLEAN_NUISANCE,False,2,1024,1,1
validation,validation_clean_251,clean,0.0,clean,registration_noise,11,connected_component,PASS,spatial_certificate,CLEAN_NUISANCE,False,2,1024,1,1
validation,validation_clean_251,clean,0.0,clean,registration_noise,11,max_local_density,PASS,spatial_certificate,CLEAN_NUISANCE,False,2,1024,1,1
validation,validation_clean_251,clean,0.0,clean,registration_noise,11,edge_aware,PASS,spatial_certificate,CLEAN_NUISANCE,False,2,1024,1,1
validation,validation_clean_251,clean,0.0,clean,registration_noise,11,aggressive,PASS,spatial_certificate,CLEAN_NUISANCE,False,2,1024,1,1
validation,validation_clean_251,clean,0.0,clean,registration_noise,11,balanced,PASS,spatial_certificate,CLEAN_NUISANCE,False,2,1024,1,1
validation,validation_clean_251,clean,0.0,clean,registration_noise,11,conservative,PASS,spatial_certificate,CLEAN_NUISANCE,False,2,1024,1,1
validation,validation_clean_252,clean,0.0,clean,registration_noise,12,global_baseline,PASS,spatial_certificate,CLEAN_NUISANCE,False,2,1024,1,1
validation,validation_clean_252,clean,0.0,clean,registration_noise,12,tile,PASS,spatial_certificate,CLEAN_NUISANCE,False,2,1024,1,1
validation,validation_clean_252,clean,0.0,clean,registration_noise,12,multiscale,PASS,spatial_certificate,CLEAN_NUISANCE,False,2,1024,1,1
validation,validation_clean_252,clean,0.0,clean,registration_noise,12,connected_component,PASS,spatial_certificate,CLEAN_NUISANCE,False,2,1024,1,1
validation,validation_clean_252,clean,0.0,clean,registration_noise,12,max_local_density,PASS,spatial_certificate,CLEAN_NUISANCE,False,2,1024,1,1
validation,validation_clean_252,clean,0.0,clean,registration_noise,12,edge_aware,PASS,spatial_certificate,CLEAN_NUISANCE,False,2,1024,1,1
validation,validation_clean_252,clean,0.0,clean,registration_noise,12,aggressive,PASS,spatial_certificate,CLEAN_NUISANCE,False,2,1024,1,1
validation,validation_clean_252,clean,0.0,clean,registration_noise,12,balanced,PASS,spatial_certificate,CLEAN_NUISANCE,False,2,1024,1,1
validation,validation_clean_252,clean,0.0,clean,registration_noise,12,conservative,PASS,spatial_certificate,CLEAN_NUISANCE,False,2,1024,1,1
validation,validation_clean_253,clean,0.0,clean,registration_noise,13,global_baseline,PASS,spatial_certificate,CLEAN_NUISANCE,False,0,1024,0,0
validation,validation_clean_253,clean,0.0,clean,registration_noise,13,tile,PASS,spatial_certificate,CLEAN_NUISANCE,False,0,1024,0,0
validation,validation_clean_253,clean,0.0,clean,registration_noise,13,multiscale,PASS,spatial_certificate,CLEAN_NUISANCE,False,0,1024,0,0
validation,validation_clean_253,clean,0.0,clean,registration_noise,13,connected_component,PASS,spatial_certificate,CLEAN_NUISANCE,False,0,1024,0,0
validation,validation_clean_253,clean,0.0,clean,registration_noise,13,max_local_density,PASS,spatial_certificate,CLEAN_NUISANCE,False,0,1024,0,0
validation,validation_clean_253,clean,0.0,clean,registration_noise,13,edge_aware,PASS,spatial_certificate,CLEAN_NUISANCE,False,0,1024,0,0
validation,validation_clean_253,clean,0.0,clean,registration_noise,13,aggressive,PASS,spatial_certificate,CLEAN_NUISANCE,False,0,1024,0,0
validation,validation_clean_253,clean,0.0,clean,registration_noise,13,balanced,PASS,spatial_certificate,CLEAN_NUISANCE,False,0,1024,0,0
validation,validation_clean_253,clean,0.0,clean,registration_noise,13,conservative,PASS,spatial_certificate,CLEAN_NUISANCE,False,0,1024,0,0
validation,validation_clean_254,clean,0.0,clean,registration_noise,14,global_baseline,PASS,spatial_certificate,CLEAN_NUISANCE,False,0,1024,0,0
validation,validation_clean_254,clean,0.0,clean,registration_noise,14,tile,PASS,spatial_certificate,CLEAN_NUISANCE,False,0,1024,0,0
validation,validation_clean_254,clean,0.0,clean,registration_noise,14,multiscale,PASS,spatial_certificate,CLEAN_NUISANCE,False,0,1024,0,0
validation,validation_clean_254,clean,0.0,clean,registration_noise,14,connected_component,PASS,spatial_certificate,CLEAN_NUISANCE,False,0,1024,0,0
validation,validation_clean_254,clean,0.0,clean,registration_noise,14,max_local_density,PASS,spatial_certificate,CLEAN_NUISANCE,False,0,1024,0,0
validation,validation_clean_254,clean,0.0,clean,registration_noise,14,edge_aware,PASS,spatial_certificate,CLEAN_NUISANCE,False,0,1024,0,0
validation,validation_clean_254,clean,0.0,clean,registration_noise,14,aggressive,PASS,spatial_certificate,CLEAN_NUISANCE,False,0,1024,0,0
validation,validation_clean_254,clean,0.0,clean,registration_noise,14,balanced,PASS,spatial_certificate,CLEAN_NUISANCE,False,0,1024,0,0
validation,validation_clean_254,clean,0.0,clean,registration_noise,14,conservative,PASS,spatial_certificate,CLEAN_NUISANCE,False,0,1024,0,0
validation,validation_clean_255,clean,0.0,clean,registration_noise,15,global_baseline,PASS,spatial_certificate,CLEAN_NUISANCE,False,0,1024,0,0
validation,validation_clean_255,clean,0.0,clean,registration_noise,15,tile,PASS,spatial_certificate,CLEAN_NUISANCE,False,0,1024,0,0
validation,validation_clean_255,clean,0.0,clean,registration_noise,15,multiscale,PASS,spatial_certificate,CLEAN_NUISANCE,False,0,1024,0,0
validation,validation_clean_255,clean,0.0,clean,registration_noise,15,connected_component,PASS,spatial_certificate,CLEAN_NUISANCE,False,0,1024,0,0
validation,validation_clean_255,clean,0.0,clean,registration_noise,15,max_local_density,PASS,spatial_certificate,CLEAN_NUISANCE,False,0,1024,0,0
validation,validation_clean_255,clean,0.0,clean,registration_noise,15,edge_aware,PASS,spatial_certificate,CLEAN_NUISANCE,False,0,1024,0,0
validation,validation_clean_255,clean,0.0,clean,registration_noise,15,aggressive,PASS,spatial_certificate,CLEAN_NUISANCE,False,0,1024,0,0
validation,validation_clean_255,clean,0.0,clean,registration_noise,15,balanced,PASS,spatial_certificate,CLEAN_NUISANCE,False,0,1024,0,0
validation,validation_clean_255,clean,0.0,clean,registration_noise,15,conservative,PASS,spatial_certificate,CLEAN_NUISANCE,False,0,1024,0,0
heldout,heldout_dirty_000,contaminated,0.001,<1%,compact_blob,0,global_baseline,PASS,spatial_certificate,A_OBSERVABLE_SPATIALLY_DILUTED,True,2,1,1,1
heldout,heldout_dirty_000,contaminated,0.001,<1%,compact_blob,0,tile,PASS,spatial_certificate,A_OBSERVABLE_SPATIALLY_DILUTED,True,2,1,1,1
heldout,heldout_dirty_000,contaminated,0.001,<1%,compact_blob,0,multiscale,PASS,spatial_certificate,A_OBSERVABLE_SPATIALLY_DILUTED,True,2,1,1,1
heldout,heldout_dirty_000,contaminated,0.001,<1%,compact_blob,0,connected_component,PASS,spatial_certificate,A_OBSERVABLE_SPATIALLY_DILUTED,True,2,1,1,1
heldout,heldout_dirty_000,contaminated,0.001,<1%,compact_blob,0,max_local_density,PASS,spatial_certificate,A_OBSERVABLE_SPATIALLY_DILUTED,True,2,1,1,1
heldout,heldout_dirty_000,contaminated,0.001,<1%,compact_blob,0,edge_aware,PASS,spatial_certificate,A_OBSERVABLE_SPATIALLY_DILUTED,True,2,1,1,1
heldout,heldout_dirty_000,contaminated,0.001,<1%,compact_blob,0,aggressive,PASS,spatial_certificate,A_OBSERVABLE_SPATIALLY_DILUTED,True,2,1,1,1
heldout,heldout_dirty_000,contaminated,0.001,<1%,compact_blob,0,balanced,PASS,spatial_certificate,A_OBSERVABLE_SPATIALLY_DILUTED,True,2,1,1,1
heldout,heldout_dirty_000,contaminated,0.001,<1%,compact_blob,0,conservative,PASS,spatial_certificate,A_OBSERVABLE_SPATIALLY_DILUTED,True,2,1,1,1
heldout,heldout_dirty_001,contaminated,0.001,<1%,compact_blob,1,global_baseline,PASS,spatial_certificate,A_OBSERVABLE_SPATIALLY_DILUTED,True,2,1,1,1
heldout,heldout_dirty_001,contaminated,0.001,<1%,compact_blob,1,tile,PASS,spatial_certificate,A_OBSERVABLE_SPATIALLY_DILUTED,True,2,1,1,1
heldout,heldout_dirty_001,contaminated,0.001,<1%,compact_blob,1,multiscale,PASS,spatial_certificate,A_OBSERVABLE_SPATIALLY_DILUTED,True,2,1,1,1
heldout,heldout_dirty_001,contaminated,0.001,<1%,compact_blob,1,connected_component,PASS,spatial_certificate,A_OBSERVABLE_SPATIALLY_DILUTED,True,2,1,1,1
heldout,heldout_dirty_001,contaminated,0.001,<1%,compact_blob,1,max_local_density,PASS,spatial_certificate,A_OBSERVABLE_SPATIALLY_DILUTED,True,2,1,1,1
heldout,heldout_dirty_001,contaminated,0.001,<1%,compact_blob,1,edge_aware,PASS,spatial_certificate,A_OBSERVABLE_SPATIALLY_DILUTED,True,2,1,1,1
heldout,heldout_dirty_001,contaminated,0.001,<1%,compact_blob,1,aggressive,PASS,spatial_certificate,A_OBSERVABLE_SPATIALLY_DILUTED,True,2,1,1,1
heldout,heldout_dirty_001,contaminated,0.001,<1%,compact_blob,1,balanced,PASS,spatial_certificate,A_OBSERVABLE_SPATIALLY_DILUTED,True,2,1,1,1
heldout,heldout_dirty_001,contaminated,0.001,<1%,compact_blob,1,conservative,PASS,spatial_certificate,A_OBSERVABLE_SPATIALLY_DILUTED,True,2,1,1,1
heldout,heldout_dirty_002,contaminated,0.001,<1%,elongated_streak,0,global_baseline,PASS,spatial_certificate,A_OBSERVABLE_SPATIALLY_DILUTED,True,3,1,1,1
heldout,heldout_dirty_002,contaminated,0.001,<1%,elongated_streak,0,tile,PASS,spatial_certificate,A_OBSERVABLE_SPATIALLY_DILUTED,True,3,1,1,1
heldout,heldout_dirty_002,contaminated,0.001,<1%,elongated_streak,0,multiscale,PASS,spatial_certificate,A_OBSERVABLE_SPATIALLY_DILUTED,True,3,1,1,1
heldout,heldout_dirty_002,contaminated,0.001,<1%,elongated_streak,0,connected_component,PASS,spatial_certificate,A_OBSERVABLE_SPATIALLY_DILUTED,True,3,1,1,1
heldout,heldout_dirty_002,contaminated,0.001,<1%,elongated_streak,0,max_local_density,PASS,spatial_certificate,A_OBSERVABLE_SPATIALLY_DILUTED,True,3,1,1,1
heldout,heldout_dirty_002,contaminated,0.001,<1%,elongated_streak,0,edge_aware,PASS,spatial_certificate,A_OBSERVABLE_SPATIALLY_DILUTED,True,3,1,1,1
heldout,heldout_dirty_002,contaminated,0.001,<1%,elongated_streak,0,aggressive,PASS,spatial_certificate,A_OBSERVABLE_SPATIALLY_DILUTED,True,3,1,1,1
heldout,heldout_dirty_002,contaminated,0.001,<1%,elongated_streak,0,balanced,PASS,spatial_certificate,A_OBSERVABLE_SPATIALLY_DILUTED,True,3,1,1,1
heldout,heldout_dirty_002,contaminated,0.001,<1%,elongated_streak,0,conservative,PASS,spatial_certificate,A_OBSERVABLE_SPATIALLY_DILUTED,True,3,1,1,1
heldout,heldout_dirty_003,contaminated,0.001,<1%,elongated_streak,1,global_baseline,FLAG,pixel_flag,NOT_FALSE_CLEAN,True,2,1,-1,-1
heldout,heldout_dirty_003,contaminated,0.001,<1%,elongated_streak,1,tile,FLAG,pixel_flag,NOT_FALSE_CLEAN,True,2,1,-1,-1
heldout,heldout_dirty_003,contaminated,0.001,<1%,elongated_streak,1,multiscale,FLAG,pixel_flag,NOT_FALSE_CLEAN,True,2,1,-1,-1
heldout,heldout_dirty_003,contaminated,0.001,<1%,elongated_streak,1,connected_component,FLAG,pixel_flag,NOT_FALSE_CLEAN,True,2,1,-1,-1
heldout,heldout_dirty_003,contaminated,0.001,<1%,elongated_streak,1,max_local_density,FLAG,pixel_flag,NOT_FALSE_CLEAN,True,2,1,-1,-1
heldout,heldout_dirty_003,contaminated,0.001,<1%,elongated_streak,1,edge_aware,FLAG,pixel_flag,NOT_FALSE_CLEAN,True,2,1,-1,-1
heldout,heldout_dirty_003,contaminated,0.001,<1%,elongated_streak,1,aggressive,FLAG,pixel_flag,NOT_FALSE_CLEAN,True,2,1,-1,-1
heldout,heldout_dirty_003,contaminated,0.001,<1%,elongated_streak,1,balanced,FLAG,pixel_flag,NOT_FALSE_CLEAN,True,2,1,-1,-1
heldout,heldout_dirty_003,contaminated,0.001,<1%,elongated_streak,1,conservative,FLAG,pixel_flag,NOT_FALSE_CLEAN,True,2,1,-1,-1
heldout,heldout_dirty_004,contaminated,0.001,<1%,edge_blob,0,global_baseline,PASS,spatial_certificate,A_OBSERVABLE_SPATIALLY_DILUTED,True,1,1,1,1
heldout,heldout_dirty_004,contaminated,0.001,<1%,edge_blob,0,tile,PASS,spatial_certificate,A_OBSERVABLE_SPATIALLY_DILUTED,True,1,1,1,1
heldout,heldout_dirty_004,contaminated,0.001,<1%,edge_blob,0,multiscale,PASS,spatial_certificate,A_OBSERVABLE_SPATIALLY_DILUTED,True,1,1,1,1
heldout,heldout_dirty_004,contaminated,0.001,<1%,edge_blob,0,connected_component,PASS,spatial_certificate,A_OBSERVABLE_SPATIALLY_DILUTED,True,1,1,1,1
heldout,heldout_dirty_004,contaminated,0.001,<1%,edge_blob,0,max_local_density,PASS,spatial_certificate,A_OBSERVABLE_SPATIALLY_DILUTED,True,1,1,1,1
heldout,heldout_dirty_004,contaminated,0.001,<1%,edge_blob,0,edge_aware,PASS,spatial_certificate,A_OBSERVABLE_SPATIALLY_DILUTED,True,1,1,1,1
heldout,heldout_dirty_004,contaminated,0.001,<1%,edge_blob,0,aggressive,PASS,spatial_certificate,A_OBSERVABLE_SPATIALLY_DILUTED,True,1,1,1,1
heldout,heldout_dirty_004,contaminated,0.001,<1%,edge_blob,0,balanced,PASS,spatial_certificate,A_OBSERVABLE_SPATIALLY_DILUTED,True,1,1,1,1
heldout,heldout_dirty_004,contaminated,0.001,<1%,edge_blob,0,conservative,PASS,spatial_certificate,A_OBSERVABLE_SPATIALLY_DILUTED,True,1,1,1,1
heldout,heldout_dirty_005,contaminated,0.001,<1%,edge_blob,1,global_baseline,PASS,spatial_certificate,A_OBSERVABLE_SPATIALLY_DILUTED,True,1,1,1,1
heldout,heldout_dirty_005,contaminated,0.001,<1%,edge_blob,1,tile,PASS,spatial_certificate,A_OBSERVABLE_SPATIALLY_DILUTED,True,1,1,1,1
heldout,heldout_dirty_005,contaminated,0.001,<1%,edge_blob,1,multiscale,PASS,spatial_certificate,A_OBSERVABLE_SPATIALLY_DILUTED,True,1,1,1,1
heldout,heldout_dirty_005,contaminated,0.001,<1%,edge_blob,1,connected_component,PASS,spatial_certificate,A_OBSERVABLE_SPATIALLY_DILUTED,True,1,1,1,1
heldout,heldout_dirty_005,contaminated,0.001,<1%,edge_blob,1,max_local_density,PASS,spatial_certificate,A_OBSERVABLE_SPATIALLY_DILUTED,True,1,1,1,1
heldout,heldout_dirty_005,contaminated,0.001,<1%,edge_blob,1,edge_aware,PASS,spatial_certificate,A_OBSERVABLE_SPATIALLY_DILUTED,True,1,1,1,1
heldout,heldout_dirty_005,contaminated,0.001,<1%,edge_blob,1,aggressive,PASS,spatial_certificate,A_OBSERVABLE_SPATIALLY_DILUTED,True,1,1,1,1
heldout,heldout_dirty_005,contaminated,0.001,<1%,edge_blob,1,balanced,PASS,spatial_certificate,A_OBSERVABLE_SPATIALLY_DILUTED,True,1,1,1,1
heldout,heldout_dirty_005,contaminated,0.001,<1%,edge_blob,1,conservative,PASS,spatial_certificate,A_OBSERVABLE_SPATIALLY_DILUTED,True,1,1,1,1
heldout,heldout_dirty_006,contaminated,0.001,<1%,corner_blob,0,global_baseline,PASS,spatial_certificate,A_OBSERVABLE_SPATIALLY_DILUTED,True,1,1,1,1
heldout,heldout_dirty_006,contaminated,0.001,<1%,corner_blob,0,tile,PASS,spatial_certificate,A_OBSERVABLE_SPATIALLY_DILUTED,True,1,1,1,1
heldout,heldout_dirty_006,contaminated,0.001,<1%,corner_blob,0,multiscale,PASS,spatial_certificate,A_OBSERVABLE_SPATIALLY_DILUTED,True,1,1,1,1
heldout,heldout_dirty_006,contaminated,0.001,<1%,corner_blob,0,connected_component,PASS,spatial_certificate,A_OBSERVABLE_SPATIALLY_DILUTED,True,1,1,1,1
heldout,heldout_dirty_006,contaminated,0.001,<1%,corner_blob,0,max_local_density,PASS,spatial_certificate,A_OBSERVABLE_SPATIALLY_DILUTED,True,1,1,1,1
heldout,heldout_dirty_006,contaminated,0.001,<1%,corner_blob,0,edge_aware,PASS,spatial_certificate,A_OBSERVABLE_SPATIALLY_DILUTED,True,1,1,1,1
heldout,heldout_dirty_006,contaminated,0.001,<1%,corner_blob,0,aggressive,PASS,spatial_certificate,A_OBSERVABLE_SPATIALLY_DILUTED,True,1,1,1,1
heldout,heldout_dirty_006,contaminated,0.001,<1%,corner_blob,0,balanced,PASS,spatial_certificate,A_OBSERVABLE_SPATIALLY_DILUTED,True,1,1,1,1
heldout,heldout_dirty_006,contaminated,0.001,<1%,corner_blob,0,conservative,PASS,spatial_certificate,A_OBSERVABLE_SPATIALLY_DILUTED,True,1,1,1,1
heldout,heldout_dirty_007,contaminated,0.001,<1%,corner_blob,1,global_baseline,PASS,spatial_certificate,A_OBSERVABLE_SPATIALLY_DILUTED,True,1,1,1,1
heldout,heldout_dirty_007,contaminated,0.001,<1%,corner_blob,1,tile,PASS,spatial_certificate,A_OBSERVABLE_SPATIALLY_DILUTED,True,1,1,1,1
heldout,heldout_dirty_007,contaminated,0.001,<1%,corner_blob,1,multiscale,PASS,spatial_certificate,A_OBSERVABLE_SPATIALLY_DILUTED,True,1,1,1,1
heldout,heldout_dirty_007,contaminated,0.001,<1%,corner_blob,1,connected_component,PASS,spatial_certificate,A_OBSERVABLE_SPATIALLY_DILUTED,True,1,1,1,1
heldout,heldout_dirty_007,contaminated,0.001,<1%,corner_blob,1,max_local_density,PASS,spatial_certificate,A_OBSERVABLE_SPATIALLY_DILUTED,True,1,1,1,1
heldout,heldout_dirty_007,contaminated,0.001,<1%,corner_blob,1,edge_aware,PASS,spatial_certificate,A_OBSERVABLE_SPATIALLY_DILUTED,True,1,1,1,1
heldout,heldout_dirty_007,contaminated,0.001,<1%,corner_blob,1,aggressive,PASS,spatial_certificate,A_OBSERVABLE_SPATIALLY_DILUTED,True,1,1,1,1
heldout,heldout_dirty_007,contaminated,0.001,<1%,corner_blob,1,balanced,PASS,spatial_certificate,A_OBSERVABLE_SPATIALLY_DILUTED,True,1,1,1,1
heldout,heldout_dirty_007,contaminated,0.001,<1%,corner_blob,1,conservative,PASS,spatial_certificate,A_OBSERVABLE_SPATIALLY_DILUTED,True,1,1,1,1
heldout,heldout_dirty_008,contaminated,0.001,<1%,multiple_droplets,0,global_baseline,FLAG,pixel_flag,NOT_FALSE_CLEAN,True,2,1,-1,-1
heldout,heldout_dirty_008,contaminated,0.001,<1%,multiple_droplets,0,tile,FLAG,pixel_flag,NOT_FALSE_CLEAN,True,2,1,-1,-1
heldout,heldout_dirty_008,contaminated,0.001,<1%,multiple_droplets,0,multiscale,FLAG,pixel_flag,NOT_FALSE_CLEAN,True,2,1,-1,-1
heldout,heldout_dirty_008,contaminated,0.001,<1%,multiple_droplets,0,connected_component,FLAG,pixel_flag,NOT_FALSE_CLEAN,True,2,1,-1,-1
heldout,heldout_dirty_008,contaminated,0.001,<1%,multiple_droplets,0,max_local_density,FLAG,pixel_flag,NOT_FALSE_CLEAN,True,2,1,-1,-1
heldout,heldout_dirty_008,contaminated,0.001,<1%,multiple_droplets,0,edge_aware,FLAG,pixel_flag,NOT_FALSE_CLEAN,True,2,1,-1,-1
heldout,heldout_dirty_008,contaminated,0.001,<1%,multiple_droplets,0,aggressive,FLAG,pixel_flag,NOT_FALSE_CLEAN,True,2,1,-1,-1
heldout,heldout_dirty_008,contaminated,0.001,<1%,multiple_droplets,0,balanced,FLAG,pixel_flag,NOT_FALSE_CLEAN,True,2,1,-1,-1
heldout,heldout_dirty_008,contaminated,0.001,<1%,multiple_droplets,0,conservative,FLAG,pixel_flag,NOT_FALSE_CLEAN,True,2,1,-1,-1
heldout,heldout_dirty_009,contaminated,0.001,<1%,multiple_droplets,1,global_baseline,PASS,spatial_certificate,A_OBSERVABLE_SPATIALLY_DILUTED,True,2,1,1,1
heldout,heldout_dirty_009,contaminated,0.001,<1%,multiple_droplets,1,tile,PASS,spatial_certificate,A_OBSERVABLE_SPATIALLY_DILUTED,True,2,1,1,1
heldout,heldout_dirty_009,contaminated,0.001,<1%,multiple_droplets,1,multiscale,PASS,spatial_certificate,A_OBSERVABLE_SPATIALLY_DILUTED,True,2,1,1,1
heldout,heldout_dirty_009,contaminated,0.001,<1%,multiple_droplets,1,connected_component,PASS,spatial_certificate,A_OBSERVABLE_SPATIALLY_DILUTED,True,2,1,1,1
heldout,heldout_dirty_009,contaminated,0.001,<1%,multiple_droplets,1,max_local_density,PASS,spatial_certificate,A_OBSERVABLE_SPATIALLY_DILUTED,True,2,1,1,1
heldout,heldout_dirty_009,contaminated,0.001,<1%,multiple_droplets,1,edge_aware,PASS,spatial_certificate,A_OBSERVABLE_SPATIALLY_DILUTED,True,2,1,1,1
heldout,heldout_dirty_009,contaminated,0.001,<1%,multiple_droplets,1,aggressive,PASS,spatial_certificate,A_OBSERVABLE_SPATIALLY_DILUTED,True,2,1,1,1
heldout,heldout_dirty_009,contaminated,0.001,<1%,multiple_droplets,1,balanced,PASS,spatial_certificate,A_OBSERVABLE_SPATIALLY_DILUTED,True,2,1,1,1
heldout,heldout_dirty_009,contaminated,0.001,<1%,multiple_droplets,1,conservative,PASS,spatial_certificate,A_OBSERVABLE_SPATIALLY_DILUTED,True,2,1,1,1
heldout,heldout_dirty_010,contaminated,0.001,<1%,dispersed_sparse,0,global_baseline,PASS,spatial_certificate,A_OBSERVABLE_SPATIALLY_DILUTED,True,3,1,1,1
heldout,heldout_dirty_010,contaminated,0.001,<1%,dispersed_sparse,0,tile,PASS,spatial_certificate,A_OBSERVABLE_SPATIALLY_DILUTED,True,3,1,1,1
heldout,heldout_dirty_010,contaminated,0.001,<1%,dispersed_sparse,0,multiscale,PASS,spatial_certificate,A_OBSERVABLE_SPATIALLY_DILUTED,True,3,1,1,1
heldout,heldout_dirty_010,contaminated,0.001,<1%,dispersed_sparse,0,connected_component,PASS,spatial_certificate,A_OBSERVABLE_SPATIALLY_DILUTED,True,3,1,1,1
heldout,heldout_dirty_010,contaminated,0.001,<1%,dispersed_sparse,0,max_local_density,PASS,spatial_certificate,A_OBSERVABLE_SPATIALLY_DILUTED,True,3,1,1,1
heldout,heldout_dirty_010,contaminated,0.001,<1%,dispersed_sparse,0,edge_aware,PASS,spatial_certificate,A_OBSERVABLE_SPATIALLY_DILUTED,True,3,1,1,1
heldout,heldout_dirty_010,contaminated,0.001,<1%,dispersed_sparse,0,aggressive,PASS,spatial_certificate,A_OBSERVABLE_SPATIALLY_DILUTED,True,3,1,1,1
heldout,heldout_dirty_010,contaminated,0.001,<1%,dispersed_sparse,0,balanced,PASS,spatial_certificate,A_OBSERVABLE_SPATIALLY_DILUTED,True,3,1,1,1
heldout,heldout_dirty_010,contaminated,0.001,<1%,dispersed_sparse,0,conservative,PASS,spatial_certificate,A_OBSERVABLE_SPATIALLY_DILUTED,True,3,1,1,1
heldout,heldout_dirty_011,contaminated,0.001,<1%,dispersed_sparse,1,global_baseline,PASS,spatial_certificate,A_OBSERVABLE_SPATIALLY_DILUTED,True,1,1,1,1
heldout,heldout_dirty_011,contaminated,0.001,<1%,dispersed_sparse,1,tile,PASS,spatial_certificate,A_OBSERVABLE_SPATIALLY_DILUTED,True,1,1,1,1
heldout,heldout_dirty_011,contaminated,0.001,<1%,dispersed_sparse,1,multiscale,PASS,spatial_certificate,A_OBSERVABLE_SPATIALLY_DILUTED,True,1,1,1,1
heldout,heldout_dirty_011,contaminated,0.001,<1%,dispersed_sparse,1,connected_component,PASS,spatial_certificate,A_OBSERVABLE_SPATIALLY_DILUTED,True,1,1,1,1
heldout,heldout_dirty_011,contaminated,0.001,<1%,dispersed_sparse,1,max_local_density,PASS,spatial_certificate,A_OBSERVABLE_SPATIALLY_DILUTED,True,1,1,1,1
heldout,heldout_dirty_011,contaminated,0.001,<1%,dispersed_sparse,1,edge_aware,PASS,spatial_certificate,A_OBSERVABLE_SPATIALLY_DILUTED,True,1,1,1,1
heldout,heldout_dirty_011,contaminated,0.001,<1%,dispersed_sparse,1,aggressive,PASS,spatial_certificate,A_OBSERVABLE_SPATIALLY_DILUTED,True,1,1,1,1
heldout,heldout_dirty_011,contaminated,0.001,<1%,dispersed_sparse,1,balanced,PASS,spatial_certificate,A_OBSERVABLE_SPATIALLY_DILUTED,True,1,1,1,1
heldout,heldout_dirty_011,contaminated,0.001,<1%,dispersed_sparse,1,conservative,PASS,spatial_certificate,A_OBSERVABLE_SPATIALLY_DILUTED,True,1,1,1,1
heldout,heldout_dirty_012,contaminated,0.001,<1%,psf_blurred,0,global_baseline,PASS,spatial_certificate,A_OBSERVABLE_SPATIALLY_DILUTED,True,26,9,26,6
heldout,heldout_dirty_012,contaminated,0.001,<1%,psf_blurred,0,tile,UNKNOWN,tile_density,A_OBSERVABLE_SPATIALLY_DILUTED,True,26,9,26,6
heldout,heldout_dirty_012,contaminated,0.001,<1%,psf_blurred,0,multiscale,UNKNOWN,window_4_density,A_OBSERVABLE_SPATIALLY_DILUTED,True,26,9,26,6
heldout,heldout_dirty_012,contaminated,0.001,<1%,psf_blurred,0,connected_component,UNKNOWN,component_area,A_OBSERVABLE_SPATIALLY_DILUTED,True,26,9,26,6
heldout,heldout_dirty_012,contaminated,0.001,<1%,psf_blurred,0,max_local_density,UNKNOWN,window_4_density,A_OBSERVABLE_SPATIALLY_DILUTED,True,26,9,26,6
heldout,heldout_dirty_012,contaminated,0.001,<1%,psf_blurred,0,edge_aware,PASS,spatial_certificate,A_OBSERVABLE_SPATIALLY_DILUTED,True,26,9,26,6
heldout,heldout_dirty_012,contaminated,0.001,<1%,psf_blurred,0,aggressive,UNKNOWN,tile_density,A_OBSERVABLE_SPATIALLY_DILUTED,True,26,9,26,6
heldout,heldout_dirty_012,contaminated,0.001,<1%,psf_blurred,0,balanced,UNKNOWN,tile_density,A_OBSERVABLE_SPATIALLY_DILUTED,True,26,9,26,6
heldout,heldout_dirty_012,contaminated,0.001,<1%,psf_blurred,0,conservative,UNKNOWN,window_4_density,A_OBSERVABLE_SPATIALLY_DILUTED,True,26,9,26,6
heldout,heldout_dirty_013,contaminated,0.001,<1%,psf_blurred,1,global_baseline,PASS,spatial_certificate,A_OBSERVABLE_SPATIALLY_DILUTED,True,37,9,37,7
heldout,heldout_dirty_013,contaminated,0.001,<1%,psf_blurred,1,tile,UNKNOWN,tile_density,A_OBSERVABLE_SPATIALLY_DILUTED,True,37,9,37,7
heldout,heldout_dirty_013,contaminated,0.001,<1%,psf_blurred,1,multiscale,UNKNOWN,window_4_density,A_OBSERVABLE_SPATIALLY_DILUTED,True,37,9,37,7
heldout,heldout_dirty_013,contaminated,0.001,<1%,psf_blurred,1,connected_component,UNKNOWN,component_area,A_OBSERVABLE_SPATIALLY_DILUTED,True,37,9,37,7
heldout,heldout_dirty_013,contaminated,0.001,<1%,psf_blurred,1,max_local_density,UNKNOWN,window_4_density,A_OBSERVABLE_SPATIALLY_DILUTED,True,37,9,37,7
heldout,heldout_dirty_013,contaminated,0.001,<1%,psf_blurred,1,edge_aware,PASS,spatial_certificate,A_OBSERVABLE_SPATIALLY_DILUTED,True,37,9,37,7
heldout,heldout_dirty_013,contaminated,0.001,<1%,psf_blurred,1,aggressive,UNKNOWN,tile_density,A_OBSERVABLE_SPATIALLY_DILUTED,True,37,9,37,7
heldout,heldout_dirty_013,contaminated,0.001,<1%,psf_blurred,1,balanced,UNKNOWN,tile_density,A_OBSERVABLE_SPATIALLY_DILUTED,True,37,9,37,7
heldout,heldout_dirty_013,contaminated,0.001,<1%,psf_blurred,1,conservative,UNKNOWN,tile_density,A_OBSERVABLE_SPATIALLY_DILUTED,True,37,9,37,7
heldout,heldout_dirty_014,contaminated,0.001,<1%,registration_shifted,0,global_baseline,PASS,spatial_certificate,A_OBSERVABLE_SPATIALLY_DILUTED,True,2,1,1,1
heldout,heldout_dirty_014,contaminated,0.001,<1%,registration_shifted,0,tile,PASS,spatial_certificate,A_OBSERVABLE_SPATIALLY_DILUTED,True,2,1,1,1
heldout,heldout_dirty_014,contaminated,0.001,<1%,registration_shifted,0,multiscale,PASS,spatial_certificate,A_OBSERVABLE_SPATIALLY_DILUTED,True,2,1,1,1
heldout,heldout_dirty_014,contaminated,0.001,<1%,registration_shifted,0,connected_component,PASS,spatial_certificate,A_OBSERVABLE_SPATIALLY_DILUTED,True,2,1,1,1
heldout,heldout_dirty_014,contaminated,0.001,<1%,registration_shifted,0,max_local_density,PASS,spatial_certificate,A_OBSERVABLE_SPATIALLY_DILUTED,True,2,1,1,1
heldout,heldout_dirty_014,contaminated,0.001,<1%,registration_shifted,0,edge_aware,PASS,spatial_certificate,A_OBSERVABLE_SPATIALLY_DILUTED,True,2,1,1,1
heldout,heldout_dirty_014,contaminated,0.001,<1%,registration_shifted,0,aggressive,PASS,spatial_certificate,A_OBSERVABLE_SPATIALLY_DILUTED,True,2,1,1,1
heldout,heldout_dirty_014,contaminated,0.001,<1%,registration_shifted,0,balanced,PASS,spatial_certificate,A_OBSERVABLE_SPATIALLY_DILUTED,True,2,1,1,1
heldout,heldout_dirty_014,contaminated,0.001,<1%,registration_shifted,0,conservative,PASS,spatial_certificate,A_OBSERVABLE_SPATIALLY_DILUTED,True,2,1,1,1
heldout,heldout_dirty_015,contaminated,0.001,<1%,registration_shifted,1,global_baseline,PASS,spatial_certificate,A_OBSERVABLE_SPATIALLY_DILUTED,True,3,1,1,1
heldout,heldout_dirty_015,contaminated,0.001,<1%,registration_shifted,1,tile,PASS,spatial_certificate,A_OBSERVABLE_SPATIALLY_DILUTED,True,3,1,1,1
heldout,heldout_dirty_015,contaminated,0.001,<1%,registration_shifted,1,multiscale,PASS,spatial_certificate,A_OBSERVABLE_SPATIALLY_DILUTED,True,3,1,1,1
heldout,heldout_dirty_015,contaminated,0.001,<1%,registration_shifted,1,connected_component,PASS,spatial_certificate,A_OBSERVABLE_SPATIALLY_DILUTED,True,3,1,1,1
heldout,heldout_dirty_015,contaminated,0.001,<1%,registration_shifted,1,max_local_density,PASS,spatial_certificate,A_OBSERVABLE_SPATIALLY_DILUTED,True,3,1,1,1
heldout,heldout_dirty_015,contaminated,0.001,<1%,registration_shifted,1,edge_aware,PASS,spatial_certificate,A_OBSERVABLE_SPATIALLY_DILUTED,True,3,1,1,1
heldout,heldout_dirty_015,contaminated,0.001,<1%,registration_shifted,1,aggressive,PASS,spatial_certificate,A_OBSERVABLE_SPATIALLY_DILUTED,True,3,1,1,1
heldout,heldout_dirty_015,contaminated,0.001,<1%,registration_shifted,1,balanced,PASS,spatial_certificate,A_OBSERVABLE_SPATIALLY_DILUTED,True,3,1,1,1
heldout,heldout_dirty_015,contaminated,0.001,<1%,registration_shifted,1,conservative,PASS,spatial_certificate,A_OBSERVABLE_SPATIALLY_DILUTED,True,3,1,1,1
heldout,heldout_dirty_016,contaminated,0.0025,<1%,compact_blob,0,global_baseline,FLAG,pixel_flag,NOT_FALSE_CLEAN,True,5,4,-1,-1
heldout,heldout_dirty_016,contaminated,0.0025,<1%,compact_blob,0,tile,FLAG,pixel_flag,NOT_FALSE_CLEAN,True,5,4,-1,-1
heldout,heldout_dirty_016,contaminated,0.0025,<1%,compact_blob,0,multiscale,FLAG,pixel_flag,NOT_FALSE_CLEAN,True,5,4,-1,-1
heldout,heldout_dirty_016,contaminated,0.0025,<1%,compact_blob,0,connected_component,FLAG,pixel_flag,NOT_FALSE_CLEAN,True,5,4,-1,-1
heldout,heldout_dirty_016,contaminated,0.0025,<1%,compact_blob,0,max_local_density,FLAG,pixel_flag,NOT_FALSE_CLEAN,True,5,4,-1,-1
heldout,heldout_dirty_016,contaminated,0.0025,<1%,compact_blob,0,edge_aware,FLAG,pixel_flag,NOT_FALSE_CLEAN,True,5,4,-1,-1
heldout,heldout_dirty_016,contaminated,0.0025,<1%,compact_blob,0,aggressive,FLAG,pixel_flag,NOT_FALSE_CLEAN,True,5,4,-1,-1
heldout,heldout_dirty_016,contaminated,0.0025,<1%,compact_blob,0,balanced,FLAG,pixel_flag,NOT_FALSE_CLEAN,True,5,4,-1,-1
heldout,heldout_dirty_016,contaminated,0.0025,<1%,compact_blob,0,conservative,FLAG,pixel_flag,NOT_FALSE_CLEAN,True,5,4,-1,-1
heldout,heldout_dirty_017,contaminated,0.0025,<1%,compact_blob,1,global_baseline,PASS,spatial_certificate,A_OBSERVABLE_SPATIALLY_DILUTED,True,2,2,2,2
heldout,heldout_dirty_017,contaminated,0.0025,<1%,compact_blob,1,tile,PASS,spatial_certificate,A_OBSERVABLE_SPATIALLY_DILUTED,True,2,2,2,2
heldout,heldout_dirty_017,contaminated,0.0025,<1%,compact_blob,1,multiscale,PASS,spatial_certificate,A_OBSERVABLE_SPATIALLY_DILUTED,True,2,2,2,2
heldout,heldout_dirty_017,contaminated,0.0025,<1%,compact_blob,1,connected_component,PASS,spatial_certificate,A_OBSERVABLE_SPATIALLY_DILUTED,True,2,2,2,2
heldout,heldout_dirty_017,contaminated,0.0025,<1%,compact_blob,1,max_local_density,PASS,spatial_certificate,A_OBSERVABLE_SPATIALLY_DILUTED,True,2,2,2,2
heldout,heldout_dirty_017,contaminated,0.0025,<1%,compact_blob,1,edge_aware,PASS,spatial_certificate,A_OBSERVABLE_SPATIALLY_DILUTED,True,2,2,2,2
heldout,heldout_dirty_017,contaminated,0.0025,<1%,compact_blob,1,aggressive,UNKNOWN,window_4_density,A_OBSERVABLE_SPATIALLY_DILUTED,True,2,2,2,2
heldout,heldout_dirty_017,contaminated,0.0025,<1%,compact_blob,1,balanced,PASS,spatial_certificate,A_OBSERVABLE_SPATIALLY_DILUTED,True,2,2,2,2
heldout,heldout_dirty_017,contaminated,0.0025,<1%,compact_blob,1,conservative,PASS,spatial_certificate,A_OBSERVABLE_SPATIALLY_DILUTED,True,2,2,2,2
heldout,heldout_dirty_018,contaminated,0.0025,<1%,elongated_streak,0,global_baseline,FLAG,pixel_flag,NOT_FALSE_CLEAN,True,3,3,-1,-1
heldout,heldout_dirty_018,contaminated,0.0025,<1%,elongated_streak,0,tile,FLAG,pixel_flag,NOT_FALSE_CLEAN,True,3,3,-1,-1
heldout,heldout_dirty_018,contaminated,0.0025,<1%,elongated_streak,0,multiscale,FLAG,pixel_flag,NOT_FALSE_CLEAN,True,3,3,-1,-1
heldout,heldout_dirty_018,contaminated,0.0025,<1%,elongated_streak,0,connected_component,FLAG,pixel_flag,NOT_FALSE_CLEAN,True,3,3,-1,-1
heldout,heldout_dirty_018,contaminated,0.0025,<1%,elongated_streak,0,max_local_density,FLAG,pixel_flag,NOT_FALSE_CLEAN,True,3,3,-1,-1
heldout,heldout_dirty_018,contaminated,0.0025,<1%,elongated_streak,0,edge_aware,FLAG,pixel_flag,NOT_FALSE_CLEAN,True,3,3,-1,-1
heldout,heldout_dirty_018,contaminated,0.0025,<1%,elongated_streak,0,aggressive,FLAG,pixel_flag,NOT_FALSE_CLEAN,True,3,3,-1,-1
heldout,heldout_dirty_018,contaminated,0.0025,<1%,elongated_streak,0,balanced,FLAG,pixel_flag,NOT_FALSE_CLEAN,True,3,3,-1,-1
heldout,heldout_dirty_018,contaminated,0.0025,<1%,elongated_streak,0,conservative,FLAG,pixel_flag,NOT_FALSE_CLEAN,True,3,3,-1,-1
heldout,heldout_dirty_019,contaminated,0.0025,<1%,elongated_streak,1,global_baseline,FLAG,pixel_flag,NOT_FALSE_CLEAN,True,3,3,-1,-1
heldout,heldout_dirty_019,contaminated,0.0025,<1%,elongated_streak,1,tile,FLAG,pixel_flag,NOT_FALSE_CLEAN,True,3,3,-1,-1
heldout,heldout_dirty_019,contaminated,0.0025,<1%,elongated_streak,1,multiscale,FLAG,pixel_flag,NOT_FALSE_CLEAN,True,3,3,-1,-1
heldout,heldout_dirty_019,contaminated,0.0025,<1%,elongated_streak,1,connected_component,FLAG,pixel_flag,NOT_FALSE_CLEAN,True,3,3,-1,-1
heldout,heldout_dirty_019,contaminated,0.0025,<1%,elongated_streak,1,max_local_density,FLAG,pixel_flag,NOT_FALSE_CLEAN,True,3,3,-1,-1
heldout,heldout_dirty_019,contaminated,0.0025,<1%,elongated_streak,1,edge_aware,FLAG,pixel_flag,NOT_FALSE_CLEAN,True,3,3,-1,-1
heldout,heldout_dirty_019,contaminated,0.0025,<1%,elongated_streak,1,aggressive,FLAG,pixel_flag,NOT_FALSE_CLEAN,True,3,3,-1,-1
heldout,heldout_dirty_019,contaminated,0.0025,<1%,elongated_streak,1,balanced,FLAG,pixel_flag,NOT_FALSE_CLEAN,True,3,3,-1,-1
heldout,heldout_dirty_019,contaminated,0.0025,<1%,elongated_streak,1,conservative,FLAG,pixel_flag,NOT_FALSE_CLEAN,True,3,3,-1,-1
heldout,heldout_dirty_020,contaminated,0.0025,<1%,edge_blob,0,global_baseline,PASS,spatial_certificate,A_OBSERVABLE_SPATIALLY_DILUTED,True,3,3,3,2
heldout,heldout_dirty_020,contaminated,0.0025,<1%,edge_blob,0,tile,PASS,spatial_certificate,A_OBSERVABLE_SPATIALLY_DILUTED,True,3,3,3,2
heldout,heldout_dirty_020,contaminated,0.0025,<1%,edge_blob,0,multiscale,PASS,spatial_certificate,A_OBSERVABLE_SPATIALLY_DILUTED,True,3,3,3,2
heldout,heldout_dirty_020,contaminated,0.0025,<1%,edge_blob,0,connected_component,PASS,spatial_certificate,A_OBSERVABLE_SPATIALLY_DILUTED,True,3,3,3,2
heldout,heldout_dirty_020,contaminated,0.0025,<1%,edge_blob,0,max_local_density,UNKNOWN,window_4_density,A_OBSERVABLE_SPATIALLY_DILUTED,True,3,3,3,2
heldout,heldout_dirty_020,contaminated,0.0025,<1%,edge_blob,0,edge_aware,PASS,spatial_certificate,A_OBSERVABLE_SPATIALLY_DILUTED,True,3,3,3,2
heldout,heldout_dirty_020,contaminated,0.0025,<1%,edge_blob,0,aggressive,UNKNOWN,window_4_density,A_OBSERVABLE_SPATIALLY_DILUTED,True,3,3,3,2
heldout,heldout_dirty_020,contaminated,0.0025,<1%,edge_blob,0,balanced,PASS,spatial_certificate,A_OBSERVABLE_SPATIALLY_DILUTED,True,3,3,3,2
heldout,heldout_dirty_020,contaminated,0.0025,<1%,edge_blob,0,conservative,PASS,spatial_certificate,A_OBSERVABLE_SPATIALLY_DILUTED,True,3,3,3,2
heldout,heldout_dirty_021,contaminated,0.0025,<1%,edge_blob,1,global_baseline,PASS,spatial_certificate,A_OBSERVABLE_SPATIALLY_DILUTED,True,3,3,3,2
heldout,heldout_dirty_021,contaminated,0.0025,<1%,edge_blob,1,tile,PASS,spatial_certificate,A_OBSERVABLE_SPATIALLY_DILUTED,True,3,3,3,2
heldout,heldout_dirty_021,contaminated,0.0025,<1%,edge_blob,1,multiscale,PASS,spatial_certificate,A_OBSERVABLE_SPATIALLY_DILUTED,True,3,3,3,2
heldout,heldout_dirty_021,contaminated,0.0025,<1%,edge_blob,1,connected_component,PASS,spatial_certificate,A_OBSERVABLE_SPATIALLY_DILUTED,True,3,3,3,2
heldout,heldout_dirty_021,contaminated,0.0025,<1%,edge_blob,1,max_local_density,UNKNOWN,window_4_density,A_OBSERVABLE_SPATIALLY_DILUTED,True,3,3,3,2
heldout,heldout_dirty_021,contaminated,0.0025,<1%,edge_blob,1,edge_aware,PASS,spatial_certificate,A_OBSERVABLE_SPATIALLY_DILUTED,True,3,3,3,2
heldout,heldout_dirty_021,contaminated,0.0025,<1%,edge_blob,1,aggressive,UNKNOWN,window_4_density,A_OBSERVABLE_SPATIALLY_DILUTED,True,3,3,3,2
heldout,heldout_dirty_021,contaminated,0.0025,<1%,edge_blob,1,balanced,PASS,spatial_certificate,A_OBSERVABLE_SPATIALLY_DILUTED,True,3,3,3,2
heldout,heldout_dirty_021,contaminated,0.0025,<1%,edge_blob,1,conservative,PASS,spatial_certificate,A_OBSERVABLE_SPATIALLY_DILUTED,True,3,3,3,2
heldout,heldout_dirty_022,contaminated,0.0025,<1%,corner_blob,0,global_baseline,FLAG,pixel_flag,NOT_FALSE_CLEAN,True,5,3,-1,-1
heldout,heldout_dirty_022,contaminated,0.0025,<1%,corner_blob,0,tile,FLAG,pixel_flag,NOT_FALSE_CLEAN,True,5,3,-1,-1
heldout,heldout_dirty_022,contaminated,0.0025,<1%,corner_blob,0,multiscale,FLAG,pixel_flag,NOT_FALSE_CLEAN,True,5,3,-1,-1
heldout,heldout_dirty_022,contaminated,0.0025,<1%,corner_blob,0,connected_component,FLAG,pixel_flag,NOT_FALSE_CLEAN,True,5,3,-1,-1
heldout,heldout_dirty_022,contaminated,0.0025,<1%,corner_blob,0,max_local_density,FLAG,pixel_flag,NOT_FALSE_CLEAN,True,5,3,-1,-1
heldout,heldout_dirty_022,contaminated,0.0025,<1%,corner_blob,0,edge_aware,FLAG,pixel_flag,NOT_FALSE_CLEAN,True,5,3,-1,-1
heldout,heldout_dirty_022,contaminated,0.0025,<1%,corner_blob,0,aggressive,FLAG,pixel_flag,NOT_FALSE_CLEAN,True,5,3,-1,-1
heldout,heldout_dirty_022,contaminated,0.0025,<1%,corner_blob,0,balanced,FLAG,pixel_flag,NOT_FALSE_CLEAN,True,5,3,-1,-1
heldout,heldout_dirty_022,contaminated,0.0025,<1%,corner_blob,0,conservative,FLAG,pixel_flag,NOT_FALSE_CLEAN,True,5,3,-1,-1
heldout,heldout_dirty_023,contaminated,0.0025,<1%,corner_blob,1,global_baseline,FLAG,pixel_flag,NOT_FALSE_CLEAN,True,3,3,-1,-1
heldout,heldout_dirty_023,contaminated,0.0025,<1%,corner_blob,1,tile,FLAG,pixel_flag,NOT_FALSE_CLEAN,True,3,3,-1,-1
heldout,heldout_dirty_023,contaminated,0.0025,<1%,corner_blob,1,multiscale,FLAG,pixel_flag,NOT_FALSE_CLEAN,True,3,3,-1,-1
heldout,heldout_dirty_023,contaminated,0.0025,<1%,corner_blob,1,connected_component,FLAG,pixel_flag,NOT_FALSE_CLEAN,True,3,3,-1,-1
heldout,heldout_dirty_023,contaminated,0.0025,<1%,corner_blob,1,max_local_density,FLAG,pixel_flag,NOT_FALSE_CLEAN,True,3,3,-1,-1
heldout,heldout_dirty_023,contaminated,0.0025,<1%,corner_blob,1,edge_aware,FLAG,pixel_flag,NOT_FALSE_CLEAN,True,3,3,-1,-1
heldout,heldout_dirty_023,contaminated,0.0025,<1%,corner_blob,1,aggressive,FLAG,pixel_flag,NOT_FALSE_CLEAN,True,3,3,-1,-1
heldout,heldout_dirty_023,contaminated,0.0025,<1%,corner_blob,1,balanced,FLAG,pixel_flag,NOT_FALSE_CLEAN,True,3,3,-1,-1
heldout,heldout_dirty_023,contaminated,0.0025,<1%,corner_blob,1,conservative,FLAG,pixel_flag,NOT_FALSE_CLEAN,True,3,3,-1,-1
heldout,heldout_dirty_024,contaminated,0.0025,<1%,multiple_droplets,0,global_baseline,PASS,spatial_certificate,A_OBSERVABLE_SPATIALLY_DILUTED,True,4,3,2,2
heldout,heldout_dirty_024,contaminated,0.0025,<1%,multiple_droplets,0,tile,PASS,spatial_certificate,A_OBSERVABLE_SPATIALLY_DILUTED,True,4,3,2,2
heldout,heldout_dirty_024,contaminated,0.0025,<1%,multiple_droplets,0,multiscale,PASS,spatial_certificate,A_OBSERVABLE_SPATIALLY_DILUTED,True,4,3,2,2
heldout,heldout_dirty_024,contaminated,0.0025,<1%,multiple_droplets,0,connected_component,PASS,spatial_certificate,A_OBSERVABLE_SPATIALLY_DILUTED,True,4,3,2,2
heldout,heldout_dirty_024,contaminated,0.0025,<1%,multiple_droplets,0,max_local_density,PASS,spatial_certificate,A_OBSERVABLE_SPATIALLY_DILUTED,True,4,3,2,2
heldout,heldout_dirty_024,contaminated,0.0025,<1%,multiple_droplets,0,edge_aware,PASS,spatial_certificate,A_OBSERVABLE_SPATIALLY_DILUTED,True,4,3,2,2
heldout,heldout_dirty_024,contaminated,0.0025,<1%,multiple_droplets,0,aggressive,UNKNOWN,window_4_density,A_OBSERVABLE_SPATIALLY_DILUTED,True,4,3,2,2
heldout,heldout_dirty_024,contaminated,0.0025,<1%,multiple_droplets,0,balanced,PASS,spatial_certificate,A_OBSERVABLE_SPATIALLY_DILUTED,True,4,3,2,2
heldout,heldout_dirty_024,contaminated,0.0025,<1%,multiple_droplets,0,conservative,PASS,spatial_certificate,A_OBSERVABLE_SPATIALLY_DILUTED,True,4,3,2,2
heldout,heldout_dirty_025,contaminated,0.0025,<1%,multiple_droplets,1,global_baseline,PASS,spatial_certificate,A_OBSERVABLE_SPATIALLY_DILUTED,True,6,3,1,1
heldout,heldout_dirty_025,contaminated,0.0025,<1%,multiple_droplets,1,tile,PASS,spatial_certificate,A_OBSERVABLE_SPATIALLY_DILUTED,True,6,3,1,1
heldout,heldout_dirty_025,contaminated,0.0025,<1%,multiple_droplets,1,multiscale,PASS,spatial_certificate,A_OBSERVABLE_SPATIALLY_DILUTED,True,6,3,1,1
heldout,heldout_dirty_025,contaminated,0.0025,<1%,multiple_droplets,1,connected_component,PASS,spatial_certificate,A_OBSERVABLE_SPATIALLY_DILUTED,True,6,3,1,1
heldout,heldout_dirty_025,contaminated,0.0025,<1%,multiple_droplets,1,max_local_density,PASS,spatial_certificate,A_OBSERVABLE_SPATIALLY_DILUTED,True,6,3,1,1
heldout,heldout_dirty_025,contaminated,0.0025,<1%,multiple_droplets,1,edge_aware,PASS,spatial_certificate,A_OBSERVABLE_SPATIALLY_DILUTED,True,6,3,1,1
heldout,heldout_dirty_025,contaminated,0.0025,<1%,multiple_droplets,1,aggressive,UNKNOWN,window_4_density,A_OBSERVABLE_SPATIALLY_DILUTED,True,6,3,1,1
heldout,heldout_dirty_025,contaminated,0.0025,<1%,multiple_droplets,1,balanced,PASS,spatial_certificate,A_OBSERVABLE_SPATIALLY_DILUTED,True,6,3,1,1
heldout,heldout_dirty_025,contaminated,0.0025,<1%,multiple_droplets,1,conservative,PASS,spatial_certificate,A_OBSERVABLE_SPATIALLY_DILUTED,True,6,3,1,1
heldout,heldout_dirty_026,contaminated,0.0025,<1%,dispersed_sparse,0,global_baseline,PASS,spatial_certificate,A_OBSERVABLE_SPATIALLY_DILUTED,True,5,3,1,1
heldout,heldout_dirty_026,contaminated,0.0025,<1%,dispersed_sparse,0,tile,PASS,spatial_certificate,A_OBSERVABLE_SPATIALLY_DILUTED,True,5,3,1,1
heldout,heldout_dirty_026,contaminated,0.0025,<1%,dispersed_sparse,0,multiscale,PASS,spatial_certificate,A_OBSERVABLE_SPATIALLY_DILUTED,True,5,3,1,1
heldout,heldout_dirty_026,contaminated,0.0025,<1%,dispersed_sparse,0,connected_component,PASS,spatial_certificate,A_OBSERVABLE_SPATIALLY_DILUTED,True,5,3,1,1
heldout,heldout_dirty_026,contaminated,0.0025,<1%,dispersed_sparse,0,max_local_density,PASS,spatial_certificate,A_OBSERVABLE_SPATIALLY_DILUTED,True,5,3,1,1
heldout,heldout_dirty_026,contaminated,0.0025,<1%,dispersed_sparse,0,edge_aware,PASS,spatial_certificate,A_OBSERVABLE_SPATIALLY_DILUTED,True,5,3,1,1
heldout,heldout_dirty_026,contaminated,0.0025,<1%,dispersed_sparse,0,aggressive,UNKNOWN,window_4_density,A_OBSERVABLE_SPATIALLY_DILUTED,True,5,3,1,1
heldout,heldout_dirty_026,contaminated,0.0025,<1%,dispersed_sparse,0,balanced,PASS,spatial_certificate,A_OBSERVABLE_SPATIALLY_DILUTED,True,5,3,1,1
heldout,heldout_dirty_026,contaminated,0.0025,<1%,dispersed_sparse,0,conservative,PASS,spatial_certificate,A_OBSERVABLE_SPATIALLY_DILUTED,True,5,3,1,1
heldout,heldout_dirty_027,contaminated,0.0025,<1%,dispersed_sparse,1,global_baseline,FLAG,pixel_flag,NOT_FALSE_CLEAN,True,4,3,-1,-1
heldout,heldout_dirty_027,contaminated,0.0025,<1%,dispersed_sparse,1,tile,FLAG,pixel_flag,NOT_FALSE_CLEAN,True,4,3,-1,-1
heldout,heldout_dirty_027,contaminated,0.0025,<1%,dispersed_sparse,1,multiscale,FLAG,pixel_flag,NOT_FALSE_CLEAN,True,4,3,-1,-1
heldout,heldout_dirty_027,contaminated,0.0025,<1%,dispersed_sparse,1,connected_component,FLAG,pixel_flag,NOT_FALSE_CLEAN,True,4,3,-1,-1
heldout,heldout_dirty_027,contaminated,0.0025,<1%,dispersed_sparse,1,max_local_density,FLAG,pixel_flag,NOT_FALSE_CLEAN,True,4,3,-1,-1
heldout,heldout_dirty_027,contaminated,0.0025,<1%,dispersed_sparse,1,edge_aware,FLAG,pixel_flag,NOT_FALSE_CLEAN,True,4,3,-1,-1
heldout,heldout_dirty_027,contaminated,0.0025,<1%,dispersed_sparse,1,aggressive,FLAG,pixel_flag,NOT_FALSE_CLEAN,True,4,3,-1,-1
heldout,heldout_dirty_027,contaminated,0.0025,<1%,dispersed_sparse,1,balanced,FLAG,pixel_flag,NOT_FALSE_CLEAN,True,4,3,-1,-1
heldout,heldout_dirty_027,contaminated,0.0025,<1%,dispersed_sparse,1,conservative,FLAG,pixel_flag,NOT_FALSE_CLEAN,True,4,3,-1,-1
heldout,heldout_dirty_028,contaminated,0.0025,<1%,psf_blurred,0,global_baseline,PASS,spatial_certificate,A_OBSERVABLE_SPATIALLY_DILUTED,True,30,8,30,6
heldout,heldout_dirty_028,contaminated,0.0025,<1%,psf_blurred,0,tile,UNKNOWN,tile_density,A_OBSERVABLE_SPATIALLY_DILUTED,True,30,8,30,6
heldout,heldout_dirty_028,contaminated,0.0025,<1%,psf_blurred,0,multiscale,UNKNOWN,window_4_density,A_OBSERVABLE_SPATIALLY_DILUTED,True,30,8,30,6
heldout,heldout_dirty_028,contaminated,0.0025,<1%,psf_blurred,0,connected_component,UNKNOWN,component_area,A_OBSERVABLE_SPATIALLY_DILUTED,True,30,8,30,6
heldout,heldout_dirty_028,contaminated,0.0025,<1%,psf_blurred,0,max_local_density,UNKNOWN,window_4_density,A_OBSERVABLE_SPATIALLY_DILUTED,True,30,8,30,6
heldout,heldout_dirty_028,contaminated,0.0025,<1%,psf_blurred,0,edge_aware,PASS,spatial_certificate,A_OBSERVABLE_SPATIALLY_DILUTED,True,30,8,30,6
heldout,heldout_dirty_028,contaminated,0.0025,<1%,psf_blurred,0,aggressive,UNKNOWN,tile_density,A_OBSERVABLE_SPATIALLY_DILUTED,True,30,8,30,6
heldout,heldout_dirty_028,contaminated,0.0025,<1%,psf_blurred,0,balanced,UNKNOWN,tile_density,A_OBSERVABLE_SPATIALLY_DILUTED,True,30,8,30,6
heldout,heldout_dirty_028,contaminated,0.0025,<1%,psf_blurred,0,conservative,UNKNOWN,tile_density,A_OBSERVABLE_SPATIALLY_DILUTED,True,30,8,30,6
heldout,heldout_dirty_029,contaminated,0.0025,<1%,psf_blurred,1,global_baseline,PASS,spatial_certificate,A_OBSERVABLE_SPATIALLY_DILUTED,True,27,15,27,6
heldout,heldout_dirty_029,contaminated,0.0025,<1%,psf_blurred,1,tile,UNKNOWN,tile_density,A_OBSERVABLE_SPATIALLY_DILUTED,True,27,15,27,6
heldout,heldout_dirty_029,contaminated,0.0025,<1%,psf_blurred,1,multiscale,UNKNOWN,window_4_density,A_OBSERVABLE_SPATIALLY_DILUTED,True,27,15,27,6
heldout,heldout_dirty_029,contaminated,0.0025,<1%,psf_blurred,1,connected_component,UNKNOWN,component_area,A_OBSERVABLE_SPATIALLY_DILUTED,True,27,15,27,6
heldout,heldout_dirty_029,contaminated,0.0025,<1%,psf_blurred,1,max_local_density,UNKNOWN,window_4_density,A_OBSERVABLE_SPATIALLY_DILUTED,True,27,15,27,6
heldout,heldout_dirty_029,contaminated,0.0025,<1%,psf_blurred,1,edge_aware,PASS,spatial_certificate,A_OBSERVABLE_SPATIALLY_DILUTED,True,27,15,27,6
heldout,heldout_dirty_029,contaminated,0.0025,<1%,psf_blurred,1,aggressive,UNKNOWN,tile_density,A_OBSERVABLE_SPATIALLY_DILUTED,True,27,15,27,6
heldout,heldout_dirty_029,contaminated,0.0025,<1%,psf_blurred,1,balanced,UNKNOWN,window_4_density,A_OBSERVABLE_SPATIALLY_DILUTED,True,27,15,27,6
heldout,heldout_dirty_029,contaminated,0.0025,<1%,psf_blurred,1,conservative,UNKNOWN,window_4_density,A_OBSERVABLE_SPATIALLY_DILUTED,True,27,15,27,6
heldout,heldout_dirty_030,contaminated,0.0025,<1%,registration_shifted,0,global_baseline,PASS,spatial_certificate,A_OBSERVABLE_SPATIALLY_DILUTED,True,6,3,3,2
heldout,heldout_dirty_030,contaminated,0.0025,<1%,registration_shifted,0,tile,PASS,spatial_certificate,A_OBSERVABLE_SPATIALLY_DILUTED,True,6,3,3,2
heldout,heldout_dirty_030,contaminated,0.0025,<1%,registration_shifted,0,multiscale,PASS,spatial_certificate,A_OBSERVABLE_SPATIALLY_DILUTED,True,6,3,3,2
heldout,heldout_dirty_030,contaminated,0.0025,<1%,registration_shifted,0,connected_component,PASS,spatial_certificate,A_OBSERVABLE_SPATIALLY_DILUTED,True,6,3,3,2
heldout,heldout_dirty_030,contaminated,0.0025,<1%,registration_shifted,0,max_local_density,PASS,spatial_certificate,A_OBSERVABLE_SPATIALLY_DILUTED,True,6,3,3,2
heldout,heldout_dirty_030,contaminated,0.0025,<1%,registration_shifted,0,edge_aware,PASS,spatial_certificate,A_OBSERVABLE_SPATIALLY_DILUTED,True,6,3,3,2
heldout,heldout_dirty_030,contaminated,0.0025,<1%,registration_shifted,0,aggressive,UNKNOWN,window_4_density,A_OBSERVABLE_SPATIALLY_DILUTED,True,6,3,3,2
heldout,heldout_dirty_030,contaminated,0.0025,<1%,registration_shifted,0,balanced,PASS,spatial_certificate,A_OBSERVABLE_SPATIALLY_DILUTED,True,6,3,3,2
heldout,heldout_dirty_030,contaminated,0.0025,<1%,registration_shifted,0,conservative,PASS,spatial_certificate,A_OBSERVABLE_SPATIALLY_DILUTED,True,6,3,3,2
heldout,heldout_dirty_031,contaminated,0.0025,<1%,registration_shifted,1,global_baseline,PASS,spatial_certificate,A_OBSERVABLE_SPATIALLY_DILUTED,True,5,4,4,2
heldout,heldout_dirty_031,contaminated,0.0025,<1%,registration_shifted,1,tile,PASS,spatial_certificate,A_OBSERVABLE_SPATIALLY_DILUTED,True,5,4,4,2
heldout,heldout_dirty_031,contaminated,0.0025,<1%,registration_shifted,1,multiscale,PASS,spatial_certificate,A_OBSERVABLE_SPATIALLY_DILUTED,True,5,4,4,2
heldout,heldout_dirty_031,contaminated,0.0025,<1%,registration_shifted,1,connected_component,PASS,spatial_certificate,A_OBSERVABLE_SPATIALLY_DILUTED,True,5,4,4,2
heldout,heldout_dirty_031,contaminated,0.0025,<1%,registration_shifted,1,max_local_density,UNKNOWN,window_4_density,A_OBSERVABLE_SPATIALLY_DILUTED,True,5,4,4,2
heldout,heldout_dirty_031,contaminated,0.0025,<1%,registration_shifted,1,edge_aware,PASS,spatial_certificate,A_OBSERVABLE_SPATIALLY_DILUTED,True,5,4,4,2
heldout,heldout_dirty_031,contaminated,0.0025,<1%,registration_shifted,1,aggressive,UNKNOWN,window_4_density,A_OBSERVABLE_SPATIALLY_DILUTED,True,5,4,4,2
heldout,heldout_dirty_031,contaminated,0.0025,<1%,registration_shifted,1,balanced,PASS,spatial_certificate,A_OBSERVABLE_SPATIALLY_DILUTED,True,5,4,4,2
heldout,heldout_dirty_031,contaminated,0.0025,<1%,registration_shifted,1,conservative,PASS,spatial_certificate,A_OBSERVABLE_SPATIALLY_DILUTED,True,5,4,4,2
heldout,heldout_dirty_032,contaminated,0.005,<1%,compact_blob,0,global_baseline,PASS,spatial_certificate,A_OBSERVABLE_SPATIALLY_DILUTED,True,4,4,4,2
heldout,heldout_dirty_032,contaminated,0.005,<1%,compact_blob,0,tile,PASS,spatial_certificate,A_OBSERVABLE_SPATIALLY_DILUTED,True,4,4,4,2
heldout,heldout_dirty_032,contaminated,0.005,<1%,compact_blob,0,multiscale,PASS,spatial_certificate,A_OBSERVABLE_SPATIALLY_DILUTED,True,4,4,4,2
heldout,heldout_dirty_032,contaminated,0.005,<1%,compact_blob,0,connected_component,PASS,spatial_certificate,A_OBSERVABLE_SPATIALLY_DILUTED,True,4,4,4,2
heldout,heldout_dirty_032,contaminated,0.005,<1%,compact_blob,0,max_local_density,UNKNOWN,window_4_density,A_OBSERVABLE_SPATIALLY_DILUTED,True,4,4,4,2
heldout,heldout_dirty_032,contaminated,0.005,<1%,compact_blob,0,edge_aware,PASS,spatial_certificate,A_OBSERVABLE_SPATIALLY_DILUTED,True,4,4,4,2
heldout,heldout_dirty_032,contaminated,0.005,<1%,compact_blob,0,aggressive,UNKNOWN,window_4_density,A_OBSERVABLE_SPATIALLY_DILUTED,True,4,4,4,2
heldout,heldout_dirty_032,contaminated,0.005,<1%,compact_blob,0,balanced,PASS,spatial_certificate,A_OBSERVABLE_SPATIALLY_DILUTED,True,4,4,4,2
heldout,heldout_dirty_032,contaminated,0.005,<1%,compact_blob,0,conservative,PASS,spatial_certificate,A_OBSERVABLE_SPATIALLY_DILUTED,True,4,4,4,2
heldout,heldout_dirty_033,contaminated,0.005,<1%,compact_blob,1,global_baseline,PASS,spatial_certificate,A_OBSERVABLE_SPATIALLY_DILUTED,True,5,5,5,3
heldout,heldout_dirty_033,contaminated,0.005,<1%,compact_blob,1,tile,PASS,spatial_certificate,A_OBSERVABLE_SPATIALLY_DILUTED,True,5,5,5,3
heldout,heldout_dirty_033,contaminated,0.005,<1%,compact_blob,1,multiscale,UNKNOWN,window_4_density,A_OBSERVABLE_SPATIALLY_DILUTED,True,5,5,5,3
heldout,heldout_dirty_033,contaminated,0.005,<1%,compact_blob,1,connected_component,PASS,spatial_certificate,A_OBSERVABLE_SPATIALLY_DILUTED,True,5,5,5,3
heldout,heldout_dirty_033,contaminated,0.005,<1%,compact_blob,1,max_local_density,UNKNOWN,window_4_density,A_OBSERVABLE_SPATIALLY_DILUTED,True,5,5,5,3
heldout,heldout_dirty_033,contaminated,0.005,<1%,compact_blob,1,edge_aware,PASS,spatial_certificate,A_OBSERVABLE_SPATIALLY_DILUTED,True,5,5,5,3
heldout,heldout_dirty_033,contaminated,0.005,<1%,compact_blob,1,aggressive,UNKNOWN,window_4_density,A_OBSERVABLE_SPATIALLY_DILUTED,True,5,5,5,3
heldout,heldout_dirty_033,contaminated,0.005,<1%,compact_blob,1,balanced,PASS,spatial_certificate,A_OBSERVABLE_SPATIALLY_DILUTED,True,5,5,5,3
heldout,heldout_dirty_033,contaminated,0.005,<1%,compact_blob,1,conservative,PASS,spatial_certificate,A_OBSERVABLE_SPATIALLY_DILUTED,True,5,5,5,3
heldout,heldout_dirty_034,contaminated,0.005,<1%,elongated_streak,0,global_baseline,PASS,spatial_certificate,A_OBSERVABLE_SPATIALLY_DILUTED,True,6,5,4,4
heldout,heldout_dirty_034,contaminated,0.005,<1%,elongated_streak,0,tile,PASS,spatial_certificate,A_OBSERVABLE_SPATIALLY_DILUTED,True,6,5,4,4
heldout,heldout_dirty_034,contaminated,0.005,<1%,elongated_streak,0,multiscale,PASS,spatial_certificate,A_OBSERVABLE_SPATIALLY_DILUTED,True,6,5,4,4
heldout,heldout_dirty_034,contaminated,0.005,<1%,elongated_streak,0,connected_component,PASS,spatial_certificate,A_OBSERVABLE_SPATIALLY_DILUTED,True,6,5,4,4
heldout,heldout_dirty_034,contaminated,0.005,<1%,elongated_streak,0,max_local_density,UNKNOWN,window_4_density,A_OBSERVABLE_SPATIALLY_DILUTED,True,6,5,4,4
heldout,heldout_dirty_034,contaminated,0.005,<1%,elongated_streak,0,edge_aware,PASS,spatial_certificate,A_OBSERVABLE_SPATIALLY_DILUTED,True,6,5,4,4
heldout,heldout_dirty_034,contaminated,0.005,<1%,elongated_streak,0,aggressive,UNKNOWN,window_4_density,A_OBSERVABLE_SPATIALLY_DILUTED,True,6,5,4,4
heldout,heldout_dirty_034,contaminated,0.005,<1%,elongated_streak,0,balanced,PASS,spatial_certificate,A_OBSERVABLE_SPATIALLY_DILUTED,True,6,5,4,4
heldout,heldout_dirty_034,contaminated,0.005,<1%,elongated_streak,0,conservative,PASS,spatial_certificate,A_OBSERVABLE_SPATIALLY_DILUTED,True,6,5,4,4
heldout,heldout_dirty_035,contaminated,0.005,<1%,elongated_streak,1,global_baseline,PASS,spatial_certificate,A_OBSERVABLE_SPATIALLY_DILUTED,True,7,5,3,3
heldout,heldout_dirty_035,contaminated,0.005,<1%,elongated_streak,1,tile,PASS,spatial_certificate,A_OBSERVABLE_SPATIALLY_DILUTED,True,7,5,3,3
heldout,heldout_dirty_035,contaminated,0.005,<1%,elongated_streak,1,multiscale,PASS,spatial_certificate,A_OBSERVABLE_SPATIALLY_DILUTED,True,7,5,3,3
heldout,heldout_dirty_035,contaminated,0.005,<1%,elongated_streak,1,connected_component,PASS,spatial_certificate,A_OBSERVABLE_SPATIALLY_DILUTED,True,7,5,3,3
heldout,heldout_dirty_035,contaminated,0.005,<1%,elongated_streak,1,max_local_density,PASS,spatial_certificate,A_OBSERVABLE_SPATIALLY_DILUTED,True,7,5,3,3
heldout,heldout_dirty_035,contaminated,0.005,<1%,elongated_streak,1,edge_aware,PASS,spatial_certificate,A_OBSERVABLE_SPATIALLY_DILUTED,True,7,5,3,3
heldout,heldout_dirty_035,contaminated,0.005,<1%,elongated_streak,1,aggressive,UNKNOWN,window_4_density,A_OBSERVABLE_SPATIALLY_DILUTED,True,7,5,3,3
heldout,heldout_dirty_035,contaminated,0.005,<1%,elongated_streak,1,balanced,PASS,spatial_certificate,A_OBSERVABLE_SPATIALLY_DILUTED,True,7,5,3,3
heldout,heldout_dirty_035,contaminated,0.005,<1%,elongated_streak,1,conservative,PASS,spatial_certificate,A_OBSERVABLE_SPATIALLY_DILUTED,True,7,5,3,3
heldout,heldout_dirty_036,contaminated,0.005,<1%,edge_blob,0,global_baseline,PASS,spatial_certificate,A_OBSERVABLE_SPATIALLY_DILUTED,True,5,5,5,3
heldout,heldout_dirty_036,contaminated,0.005,<1%,edge_blob,0,tile,PASS,spatial_certificate,A_OBSERVABLE_SPATIALLY_DILUTED,True,5,5,5,3
heldout,heldout_dirty_036,contaminated,0.005,<1%,edge_blob,0,multiscale,UNKNOWN,window_4_density,A_OBSERVABLE_SPATIALLY_DILUTED,True,5,5,5,3
heldout,heldout_dirty_036,contaminated,0.005,<1%,edge_blob,0,connected_component,PASS,spatial_certificate,A_OBSERVABLE_SPATIALLY_DILUTED,True,5,5,5,3
heldout,heldout_dirty_036,contaminated,0.005,<1%,edge_blob,0,max_local_density,UNKNOWN,window_4_density,A_OBSERVABLE_SPATIALLY_DILUTED,True,5,5,5,3
heldout,heldout_dirty_036,contaminated,0.005,<1%,edge_blob,0,edge_aware,PASS,spatial_certificate,A_OBSERVABLE_SPATIALLY_DILUTED,True,5,5,5,3
heldout,heldout_dirty_036,contaminated,0.005,<1%,edge_blob,0,aggressive,UNKNOWN,window_4_density,A_OBSERVABLE_SPATIALLY_DILUTED,True,5,5,5,3
heldout,heldout_dirty_036,contaminated,0.005,<1%,edge_blob,0,balanced,PASS,spatial_certificate,A_OBSERVABLE_SPATIALLY_DILUTED,True,5,5,5,3
heldout,heldout_dirty_036,contaminated,0.005,<1%,edge_blob,0,conservative,PASS,spatial_certificate,A_OBSERVABLE_SPATIALLY_DILUTED,True,5,5,5,3
heldout,heldout_dirty_037,contaminated,0.005,<1%,edge_blob,1,global_baseline,PASS,spatial_certificate,A_OBSERVABLE_SPATIALLY_DILUTED,True,7,5,5,3
heldout,heldout_dirty_037,contaminated,0.005,<1%,edge_blob,1,tile,PASS,spatial_certificate,A_OBSERVABLE_SPATIALLY_DILUTED,True,7,5,5,3
heldout,heldout_dirty_037,contaminated,0.005,<1%,edge_blob,1,multiscale,UNKNOWN,window_4_density,A_OBSERVABLE_SPATIALLY_DILUTED,True,7,5,5,3
heldout,heldout_dirty_037,contaminated,0.005,<1%,edge_blob,1,connected_component,PASS,spatial_certificate,A_OBSERVABLE_SPATIALLY_DILUTED,True,7,5,5,3
heldout,heldout_dirty_037,contaminated,0.005,<1%,edge_blob,1,max_local_density,UNKNOWN,window_4_density,A_OBSERVABLE_SPATIALLY_DILUTED,True,7,5,5,3
heldout,heldout_dirty_037,contaminated,0.005,<1%,edge_blob,1,edge_aware,PASS,spatial_certificate,A_OBSERVABLE_SPATIALLY_DILUTED,True,7,5,5,3
heldout,heldout_dirty_037,contaminated,0.005,<1%,edge_blob,1,aggressive,UNKNOWN,window_4_density,A_OBSERVABLE_SPATIALLY_DILUTED,True,7,5,5,3
heldout,heldout_dirty_037,contaminated,0.005,<1%,edge_blob,1,balanced,PASS,spatial_certificate,A_OBSERVABLE_SPATIALLY_DILUTED,True,7,5,5,3
heldout,heldout_dirty_037,contaminated,0.005,<1%,edge_blob,1,conservative,PASS,spatial_certificate,A_OBSERVABLE_SPATIALLY_DILUTED,True,7,5,5,3
heldout,heldout_dirty_038,contaminated,0.005,<1%,corner_blob,0,global_baseline,FLAG,pixel_flag,NOT_FALSE_CLEAN,True,5,5,-1,-1
heldout,heldout_dirty_038,contaminated,0.005,<1%,corner_blob,0,tile,FLAG,pixel_flag,NOT_FALSE_CLEAN,True,5,5,-1,-1
heldout,heldout_dirty_038,contaminated,0.005,<1%,corner_blob,0,multiscale,FLAG,pixel_flag,NOT_FALSE_CLEAN,True,5,5,-1,-1
heldout,heldout_dirty_038,contaminated,0.005,<1%,corner_blob,0,connected_component,FLAG,pixel_flag,NOT_FALSE_CLEAN,True,5,5,-1,-1
heldout,heldout_dirty_038,contaminated,0.005,<1%,corner_blob,0,max_local_density,FLAG,pixel_flag,NOT_FALSE_CLEAN,True,5,5,-1,-1
heldout,heldout_dirty_038,contaminated,0.005,<1%,corner_blob,0,edge_aware,FLAG,pixel_flag,NOT_FALSE_CLEAN,True,5,5,-1,-1
heldout,heldout_dirty_038,contaminated,0.005,<1%,corner_blob,0,aggressive,FLAG,pixel_flag,NOT_FALSE_CLEAN,True,5,5,-1,-1
heldout,heldout_dirty_038,contaminated,0.005,<1%,corner_blob,0,balanced,FLAG,pixel_flag,NOT_FALSE_CLEAN,True,5,5,-1,-1
heldout,heldout_dirty_038,contaminated,0.005,<1%,corner_blob,0,conservative,FLAG,pixel_flag,NOT_FALSE_CLEAN,True,5,5,-1,-1
heldout,heldout_dirty_039,contaminated,0.005,<1%,corner_blob,1,global_baseline,PASS,spatial_certificate,A_OBSERVABLE_SPATIALLY_DILUTED,True,6,5,5,3
heldout,heldout_dirty_039,contaminated,0.005,<1%,corner_blob,1,tile,PASS,spatial_certificate,A_OBSERVABLE_SPATIALLY_DILUTED,True,6,5,5,3
heldout,heldout_dirty_039,contaminated,0.005,<1%,corner_blob,1,multiscale,UNKNOWN,window_4_density,A_OBSERVABLE_SPATIALLY_DILUTED,True,6,5,5,3
heldout,heldout_dirty_039,contaminated,0.005,<1%,corner_blob,1,connected_component,PASS,spatial_certificate,A_OBSERVABLE_SPATIALLY_DILUTED,True,6,5,5,3
heldout,heldout_dirty_039,contaminated,0.005,<1%,corner_blob,1,max_local_density,UNKNOWN,window_4_density,A_OBSERVABLE_SPATIALLY_DILUTED,True,6,5,5,3
heldout,heldout_dirty_039,contaminated,0.005,<1%,corner_blob,1,edge_aware,PASS,spatial_certificate,A_OBSERVABLE_SPATIALLY_DILUTED,True,6,5,5,3
heldout,heldout_dirty_039,contaminated,0.005,<1%,corner_blob,1,aggressive,UNKNOWN,window_4_density,A_OBSERVABLE_SPATIALLY_DILUTED,True,6,5,5,3
heldout,heldout_dirty_039,contaminated,0.005,<1%,corner_blob,1,balanced,PASS,spatial_certificate,A_OBSERVABLE_SPATIALLY_DILUTED,True,6,5,5,3
heldout,heldout_dirty_039,contaminated,0.005,<1%,corner_blob,1,conservative,PASS,spatial_certificate,A_OBSERVABLE_SPATIALLY_DILUTED,True,6,5,5,3
heldout,heldout_dirty_040,contaminated,0.005,<1%,multiple_droplets,0,global_baseline,PASS,spatial_certificate,A_OBSERVABLE_SPATIALLY_DILUTED,True,6,5,2,2
heldout,heldout_dirty_040,contaminated,0.005,<1%,multiple_droplets,0,tile,PASS,spatial_certificate,A_OBSERVABLE_SPATIALLY_DILUTED,True,6,5,2,2
heldout,heldout_dirty_040,contaminated,0.005,<1%,multiple_droplets,0,multiscale,PASS,spatial_certificate,A_OBSERVABLE_SPATIALLY_DILUTED,True,6,5,2,2
heldout,heldout_dirty_040,contaminated,0.005,<1%,multiple_droplets,0,connected_component,PASS,spatial_certificate,A_OBSERVABLE_SPATIALLY_DILUTED,True,6,5,2,2
heldout,heldout_dirty_040,contaminated,0.005,<1%,multiple_droplets,0,max_local_density,PASS,spatial_certificate,A_OBSERVABLE_SPATIALLY_DILUTED,True,6,5,2,2
heldout,heldout_dirty_040,contaminated,0.005,<1%,multiple_droplets,0,edge_aware,PASS,spatial_certificate,A_OBSERVABLE_SPATIALLY_DILUTED,True,6,5,2,2
heldout,heldout_dirty_040,contaminated,0.005,<1%,multiple_droplets,0,aggressive,UNKNOWN,window_4_density,A_OBSERVABLE_SPATIALLY_DILUTED,True,6,5,2,2
heldout,heldout_dirty_040,contaminated,0.005,<1%,multiple_droplets,0,balanced,PASS,spatial_certificate,A_OBSERVABLE_SPATIALLY_DILUTED,True,6,5,2,2
heldout,heldout_dirty_040,contaminated,0.005,<1%,multiple_droplets,0,conservative,PASS,spatial_certificate,A_OBSERVABLE_SPATIALLY_DILUTED,True,6,5,2,2
heldout,heldout_dirty_041,contaminated,0.005,<1%,multiple_droplets,1,global_baseline,FLAG,pixel_flag,NOT_FALSE_CLEAN,True,6,5,-1,-1
heldout,heldout_dirty_041,contaminated,0.005,<1%,multiple_droplets,1,tile,FLAG,pixel_flag,NOT_FALSE_CLEAN,True,6,5,-1,-1
heldout,heldout_dirty_041,contaminated,0.005,<1%,multiple_droplets,1,multiscale,FLAG,pixel_flag,NOT_FALSE_CLEAN,True,6,5,-1,-1
heldout,heldout_dirty_041,contaminated,0.005,<1%,multiple_droplets,1,connected_component,FLAG,pixel_flag,NOT_FALSE_CLEAN,True,6,5,-1,-1
heldout,heldout_dirty_041,contaminated,0.005,<1%,multiple_droplets,1,max_local_density,FLAG,pixel_flag,NOT_FALSE_CLEAN,True,6,5,-1,-1
heldout,heldout_dirty_041,contaminated,0.005,<1%,multiple_droplets,1,edge_aware,FLAG,pixel_flag,NOT_FALSE_CLEAN,True,6,5,-1,-1
heldout,heldout_dirty_041,contaminated,0.005,<1%,multiple_droplets,1,aggressive,FLAG,pixel_flag,NOT_FALSE_CLEAN,True,6,5,-1,-1
heldout,heldout_dirty_041,contaminated,0.005,<1%,multiple_droplets,1,balanced,FLAG,pixel_flag,NOT_FALSE_CLEAN,True,6,5,-1,-1
heldout,heldout_dirty_041,contaminated,0.005,<1%,multiple_droplets,1,conservative,FLAG,pixel_flag,NOT_FALSE_CLEAN,True,6,5,-1,-1
heldout,heldout_dirty_042,contaminated,0.005,<1%,dispersed_sparse,0,global_baseline,PASS,spatial_certificate,A_OBSERVABLE_SPATIALLY_DILUTED,True,6,5,1,1
heldout,heldout_dirty_042,contaminated,0.005,<1%,dispersed_sparse,0,tile,PASS,spatial_certificate,A_OBSERVABLE_SPATIALLY_DILUTED,True,6,5,1,1
heldout,heldout_dirty_042,contaminated,0.005,<1%,dispersed_sparse,0,multiscale,PASS,spatial_certificate,A_OBSERVABLE_SPATIALLY_DILUTED,True,6,5,1,1
heldout,heldout_dirty_042,contaminated,0.005,<1%,dispersed_sparse,0,connected_component,PASS,spatial_certificate,A_OBSERVABLE_SPATIALLY_DILUTED,True,6,5,1,1
heldout,heldout_dirty_042,contaminated,0.005,<1%,dispersed_sparse,0,max_local_density,PASS,spatial_certificate,A_OBSERVABLE_SPATIALLY_DILUTED,True,6,5,1,1
heldout,heldout_dirty_042,contaminated,0.005,<1%,dispersed_sparse,0,edge_aware,PASS,spatial_certificate,A_OBSERVABLE_SPATIALLY_DILUTED,True,6,5,1,1
heldout,heldout_dirty_042,contaminated,0.005,<1%,dispersed_sparse,0,aggressive,UNKNOWN,window_4_density,A_OBSERVABLE_SPATIALLY_DILUTED,True,6,5,1,1
heldout,heldout_dirty_042,contaminated,0.005,<1%,dispersed_sparse,0,balanced,PASS,spatial_certificate,A_OBSERVABLE_SPATIALLY_DILUTED,True,6,5,1,1
heldout,heldout_dirty_042,contaminated,0.005,<1%,dispersed_sparse,0,conservative,PASS,spatial_certificate,A_OBSERVABLE_SPATIALLY_DILUTED,True,6,5,1,1
heldout,heldout_dirty_043,contaminated,0.005,<1%,dispersed_sparse,1,global_baseline,PASS,spatial_certificate,A_OBSERVABLE_SPATIALLY_DILUTED,True,5,5,2,2
heldout,heldout_dirty_043,contaminated,0.005,<1%,dispersed_sparse,1,tile,PASS,spatial_certificate,A_OBSERVABLE_SPATIALLY_DILUTED,True,5,5,2,2
heldout,heldout_dirty_043,contaminated,0.005,<1%,dispersed_sparse,1,multiscale,PASS,spatial_certificate,A_OBSERVABLE_SPATIALLY_DILUTED,True,5,5,2,2
heldout,heldout_dirty_043,contaminated,0.005,<1%,dispersed_sparse,1,connected_component,PASS,spatial_certificate,A_OBSERVABLE_SPATIALLY_DILUTED,True,5,5,2,2
heldout,heldout_dirty_043,contaminated,0.005,<1%,dispersed_sparse,1,max_local_density,PASS,spatial_certificate,A_OBSERVABLE_SPATIALLY_DILUTED,True,5,5,2,2
heldout,heldout_dirty_043,contaminated,0.005,<1%,dispersed_sparse,1,edge_aware,PASS,spatial_certificate,A_OBSERVABLE_SPATIALLY_DILUTED,True,5,5,2,2
heldout,heldout_dirty_043,contaminated,0.005,<1%,dispersed_sparse,1,aggressive,UNKNOWN,window_4_density,A_OBSERVABLE_SPATIALLY_DILUTED,True,5,5,2,2
heldout,heldout_dirty_043,contaminated,0.005,<1%,dispersed_sparse,1,balanced,PASS,spatial_certificate,A_OBSERVABLE_SPATIALLY_DILUTED,True,5,5,2,2
heldout,heldout_dirty_043,contaminated,0.005,<1%,dispersed_sparse,1,conservative,PASS,spatial_certificate,A_OBSERVABLE_SPATIALLY_DILUTED,True,5,5,2,2
heldout,heldout_dirty_044,contaminated,0.005,<1%,psf_blurred,0,global_baseline,FLAG,pixel_flag,NOT_FALSE_CLEAN,True,32,12,-1,-1
heldout,heldout_dirty_044,contaminated,0.005,<1%,psf_blurred,0,tile,FLAG,pixel_flag,NOT_FALSE_CLEAN,True,32,12,-1,-1
heldout,heldout_dirty_044,contaminated,0.005,<1%,psf_blurred,0,multiscale,FLAG,pixel_flag,NOT_FALSE_CLEAN,True,32,12,-1,-1
heldout,heldout_dirty_044,contaminated,0.005,<1%,psf_blurred,0,connected_component,FLAG,pixel_flag,NOT_FALSE_CLEAN,True,32,12,-1,-1
heldout,heldout_dirty_044,contaminated,0.005,<1%,psf_blurred,0,max_local_density,FLAG,pixel_flag,NOT_FALSE_CLEAN,True,32,12,-1,-1
heldout,heldout_dirty_044,contaminated,0.005,<1%,psf_blurred,0,edge_aware,FLAG,pixel_flag,NOT_FALSE_CLEAN,True,32,12,-1,-1
heldout,heldout_dirty_044,contaminated,0.005,<1%,psf_blurred,0,aggressive,FLAG,pixel_flag,NOT_FALSE_CLEAN,True,32,12,-1,-1
heldout,heldout_dirty_044,contaminated,0.005,<1%,psf_blurred,0,balanced,FLAG,pixel_flag,NOT_FALSE_CLEAN,True,32,12,-1,-1
heldout,heldout_dirty_044,contaminated,0.005,<1%,psf_blurred,0,conservative,FLAG,pixel_flag,NOT_FALSE_CLEAN,True,32,12,-1,-1
heldout,heldout_dirty_045,contaminated,0.005,<1%,psf_blurred,1,global_baseline,FLAG,pixel_flag,NOT_FALSE_CLEAN,True,25,4,-1,-1
heldout,heldout_dirty_045,contaminated,0.005,<1%,psf_blurred,1,tile,FLAG,pixel_flag,NOT_FALSE_CLEAN,True,25,4,-1,-1
heldout,heldout_dirty_045,contaminated,0.005,<1%,psf_blurred,1,multiscale,FLAG,pixel_flag,NOT_FALSE_CLEAN,True,25,4,-1,-1
heldout,heldout_dirty_045,contaminated,0.005,<1%,psf_blurred,1,connected_component,FLAG,pixel_flag,NOT_FALSE_CLEAN,True,25,4,-1,-1
heldout,heldout_dirty_045,contaminated,0.005,<1%,psf_blurred,1,max_local_density,FLAG,pixel_flag,NOT_FALSE_CLEAN,True,25,4,-1,-1
heldout,heldout_dirty_045,contaminated,0.005,<1%,psf_blurred,1,edge_aware,FLAG,pixel_flag,NOT_FALSE_CLEAN,True,25,4,-1,-1
heldout,heldout_dirty_045,contaminated,0.005,<1%,psf_blurred,1,aggressive,FLAG,pixel_flag,NOT_FALSE_CLEAN,True,25,4,-1,-1
heldout,heldout_dirty_045,contaminated,0.005,<1%,psf_blurred,1,balanced,FLAG,pixel_flag,NOT_FALSE_CLEAN,True,25,4,-1,-1
heldout,heldout_dirty_045,contaminated,0.005,<1%,psf_blurred,1,conservative,FLAG,pixel_flag,NOT_FALSE_CLEAN,True,25,4,-1,-1
heldout,heldout_dirty_046,contaminated,0.005,<1%,registration_shifted,0,global_baseline,PASS,spatial_certificate,A_OBSERVABLE_SPATIALLY_DILUTED,True,7,6,6,3
heldout,heldout_dirty_046,contaminated,0.005,<1%,registration_shifted,0,tile,PASS,spatial_certificate,A_OBSERVABLE_SPATIALLY_DILUTED,True,7,6,6,3
heldout,heldout_dirty_046,contaminated,0.005,<1%,registration_shifted,0,multiscale,UNKNOWN,window_4_density,A_OBSERVABLE_SPATIALLY_DILUTED,True,7,6,6,3
heldout,heldout_dirty_046,contaminated,0.005,<1%,registration_shifted,0,connected_component,PASS,spatial_certificate,A_OBSERVABLE_SPATIALLY_DILUTED,True,7,6,6,3
heldout,heldout_dirty_046,contaminated,0.005,<1%,registration_shifted,0,max_local_density,UNKNOWN,window_4_density,A_OBSERVABLE_SPATIALLY_DILUTED,True,7,6,6,3
heldout,heldout_dirty_046,contaminated,0.005,<1%,registration_shifted,0,edge_aware,PASS,spatial_certificate,A_OBSERVABLE_SPATIALLY_DILUTED,True,7,6,6,3
heldout,heldout_dirty_046,contaminated,0.005,<1%,registration_shifted,0,aggressive,UNKNOWN,tile_density,A_OBSERVABLE_SPATIALLY_DILUTED,True,7,6,6,3
heldout,heldout_dirty_046,contaminated,0.005,<1%,registration_shifted,0,balanced,PASS,spatial_certificate,A_OBSERVABLE_SPATIALLY_DILUTED,True,7,6,6,3
heldout,heldout_dirty_046,contaminated,0.005,<1%,registration_shifted,0,conservative,PASS,spatial_certificate,A_OBSERVABLE_SPATIALLY_DILUTED,True,7,6,6,3
heldout,heldout_dirty_047,contaminated,0.005,<1%,registration_shifted,1,global_baseline,PASS,spatial_certificate,A_OBSERVABLE_SPATIALLY_DILUTED,True,5,5,5,3
heldout,heldout_dirty_047,contaminated,0.005,<1%,registration_shifted,1,tile,PASS,spatial_certificate,A_OBSERVABLE_SPATIALLY_DILUTED,True,5,5,5,3
heldout,heldout_dirty_047,contaminated,0.005,<1%,registration_shifted,1,multiscale,UNKNOWN,window_4_density,A_OBSERVABLE_SPATIALLY_DILUTED,True,5,5,5,3
heldout,heldout_dirty_047,contaminated,0.005,<1%,registration_shifted,1,connected_component,PASS,spatial_certificate,A_OBSERVABLE_SPATIALLY_DILUTED,True,5,5,5,3
heldout,heldout_dirty_047,contaminated,0.005,<1%,registration_shifted,1,max_local_density,UNKNOWN,window_4_density,A_OBSERVABLE_SPATIALLY_DILUTED,True,5,5,5,3
heldout,heldout_dirty_047,contaminated,0.005,<1%,registration_shifted,1,edge_aware,PASS,spatial_certificate,A_OBSERVABLE_SPATIALLY_DILUTED,True,5,5,5,3
heldout,heldout_dirty_047,contaminated,0.005,<1%,registration_shifted,1,aggressive,UNKNOWN,window_4_density,A_OBSERVABLE_SPATIALLY_DILUTED,True,5,5,5,3
heldout,heldout_dirty_047,contaminated,0.005,<1%,registration_shifted,1,balanced,PASS,spatial_certificate,A_OBSERVABLE_SPATIALLY_DILUTED,True,5,5,5,3
heldout,heldout_dirty_047,contaminated,0.005,<1%,registration_shifted,1,conservative,PASS,spatial_certificate,A_OBSERVABLE_SPATIALLY_DILUTED,True,5,5,5,3
heldout,heldout_dirty_048,contaminated,0.01,1-2%,compact_blob,0,global_baseline,PASS,spatial_certificate,A_OBSERVABLE_SPATIALLY_DILUTED,True,12,10,10,4
heldout,heldout_dirty_048,contaminated,0.01,1-2%,compact_blob,0,tile,PASS,spatial_certificate,A_OBSERVABLE_SPATIALLY_DILUTED,True,12,10,10,4
heldout,heldout_dirty_048,contaminated,0.01,1-2%,compact_blob,0,multiscale,UNKNOWN,window_4_density,A_OBSERVABLE_SPATIALLY_DILUTED,True,12,10,10,4
heldout,heldout_dirty_048,contaminated,0.01,1-2%,compact_blob,0,connected_component,UNKNOWN,component_area,A_OBSERVABLE_SPATIALLY_DILUTED,True,12,10,10,4
heldout,heldout_dirty_048,contaminated,0.01,1-2%,compact_blob,0,max_local_density,UNKNOWN,window_4_density,A_OBSERVABLE_SPATIALLY_DILUTED,True,12,10,10,4
heldout,heldout_dirty_048,contaminated,0.01,1-2%,compact_blob,0,edge_aware,PASS,spatial_certificate,A_OBSERVABLE_SPATIALLY_DILUTED,True,12,10,10,4
heldout,heldout_dirty_048,contaminated,0.01,1-2%,compact_blob,0,aggressive,UNKNOWN,tile_density,A_OBSERVABLE_SPATIALLY_DILUTED,True,12,10,10,4
heldout,heldout_dirty_048,contaminated,0.01,1-2%,compact_blob,0,balanced,PASS,spatial_certificate,A_OBSERVABLE_SPATIALLY_DILUTED,True,12,10,10,4
heldout,heldout_dirty_048,contaminated,0.01,1-2%,compact_blob,0,conservative,PASS,spatial_certificate,A_OBSERVABLE_SPATIALLY_DILUTED,True,12,10,10,4
heldout,heldout_dirty_049,contaminated,0.01,1-2%,compact_blob,1,global_baseline,PASS,spatial_certificate,A_OBSERVABLE_SPATIALLY_DILUTED,True,9,9,9,3
heldout,heldout_dirty_049,contaminated,0.01,1-2%,compact_blob,1,tile,PASS,spatial_certificate,A_OBSERVABLE_SPATIALLY_DILUTED,True,9,9,9,3
heldout,heldout_dirty_049,contaminated,0.01,1-2%,compact_blob,1,multiscale,UNKNOWN,window_4_density,A_OBSERVABLE_SPATIALLY_DILUTED,True,9,9,9,3
heldout,heldout_dirty_049,contaminated,0.01,1-2%,compact_blob,1,connected_component,UNKNOWN,component_area,A_OBSERVABLE_SPATIALLY_DILUTED,True,9,9,9,3
heldout,heldout_dirty_049,contaminated,0.01,1-2%,compact_blob,1,max_local_density,UNKNOWN,window_4_density,A_OBSERVABLE_SPATIALLY_DILUTED,True,9,9,9,3
heldout,heldout_dirty_049,contaminated,0.01,1-2%,compact_blob,1,edge_aware,PASS,spatial_certificate,A_OBSERVABLE_SPATIALLY_DILUTED,True,9,9,9,3
heldout,heldout_dirty_049,contaminated,0.01,1-2%,compact_blob,1,aggressive,UNKNOWN,tile_density,A_OBSERVABLE_SPATIALLY_DILUTED,True,9,9,9,3
heldout,heldout_dirty_049,contaminated,0.01,1-2%,compact_blob,1,balanced,PASS,spatial_certificate,A_OBSERVABLE_SPATIALLY_DILUTED,True,9,9,9,3
heldout,heldout_dirty_049,contaminated,0.01,1-2%,compact_blob,1,conservative,PASS,spatial_certificate,A_OBSERVABLE_SPATIALLY_DILUTED,True,9,9,9,3
heldout,heldout_dirty_050,contaminated,0.01,1-2%,elongated_streak,0,global_baseline,PASS,spatial_certificate,A_OBSERVABLE_SPATIALLY_DILUTED,True,12,10,10,10
heldout,heldout_dirty_050,contaminated,0.01,1-2%,elongated_streak,0,tile,UNKNOWN,tile_density,A_OBSERVABLE_SPATIALLY_DILUTED,True,12,10,10,10
heldout,heldout_dirty_050,contaminated,0.01,1-2%,elongated_streak,0,multiscale,UNKNOWN,window_8_density,A_OBSERVABLE_SPATIALLY_DILUTED,True,12,10,10,10
heldout,heldout_dirty_050,contaminated,0.01,1-2%,elongated_streak,0,connected_component,UNKNOWN,component_area,A_OBSERVABLE_SPATIALLY_DILUTED,True,12,10,10,10
heldout,heldout_dirty_050,contaminated,0.01,1-2%,elongated_streak,0,max_local_density,UNKNOWN,window_4_density,A_OBSERVABLE_SPATIALLY_DILUTED,True,12,10,10,10
heldout,heldout_dirty_050,contaminated,0.01,1-2%,elongated_streak,0,edge_aware,PASS,spatial_certificate,A_OBSERVABLE_SPATIALLY_DILUTED,True,12,10,10,10
heldout,heldout_dirty_050,contaminated,0.01,1-2%,elongated_streak,0,aggressive,UNKNOWN,tile_density,A_OBSERVABLE_SPATIALLY_DILUTED,True,12,10,10,10
heldout,heldout_dirty_050,contaminated,0.01,1-2%,elongated_streak,0,balanced,PASS,spatial_certificate,A_OBSERVABLE_SPATIALLY_DILUTED,True,12,10,10,10
heldout,heldout_dirty_050,contaminated,0.01,1-2%,elongated_streak,0,conservative,PASS,spatial_certificate,A_OBSERVABLE_SPATIALLY_DILUTED,True,12,10,10,10
heldout,heldout_dirty_051,contaminated,0.01,1-2%,elongated_streak,1,global_baseline,FLAG,pixel_flag,NOT_FALSE_CLEAN,True,11,10,-1,-1
heldout,heldout_dirty_051,contaminated,0.01,1-2%,elongated_streak,1,tile,FLAG,pixel_flag,NOT_FALSE_CLEAN,True,11,10,-1,-1
heldout,heldout_dirty_051,contaminated,0.01,1-2%,elongated_streak,1,multiscale,FLAG,pixel_flag,NOT_FALSE_CLEAN,True,11,10,-1,-1
heldout,heldout_dirty_051,contaminated,0.01,1-2%,elongated_streak,1,connected_component,FLAG,pixel_flag,NOT_FALSE_CLEAN,True,11,10,-1,-1
heldout,heldout_dirty_051,contaminated,0.01,1-2%,elongated_streak,1,max_local_density,FLAG,pixel_flag,NOT_FALSE_CLEAN,True,11,10,-1,-1
heldout,heldout_dirty_051,contaminated,0.01,1-2%,elongated_streak,1,edge_aware,FLAG,pixel_flag,NOT_FALSE_CLEAN,True,11,10,-1,-1
heldout,heldout_dirty_051,contaminated,0.01,1-2%,elongated_streak,1,aggressive,FLAG,pixel_flag,NOT_FALSE_CLEAN,True,11,10,-1,-1
heldout,heldout_dirty_051,contaminated,0.01,1-2%,elongated_streak,1,balanced,FLAG,pixel_flag,NOT_FALSE_CLEAN,True,11,10,-1,-1
heldout,heldout_dirty_051,contaminated,0.01,1-2%,elongated_streak,1,conservative,FLAG,pixel_flag,NOT_FALSE_CLEAN,True,11,10,-1,-1
heldout,heldout_dirty_052,contaminated,0.01,1-2%,edge_blob,0,global_baseline,PASS,spatial_certificate,A_OBSERVABLE_SPATIALLY_DILUTED,True,12,10,10,4
heldout,heldout_dirty_052,contaminated,0.01,1-2%,edge_blob,0,tile,UNKNOWN,tile_density,A_OBSERVABLE_SPATIALLY_DILUTED,True,12,10,10,4
heldout,heldout_dirty_052,contaminated,0.01,1-2%,edge_blob,0,multiscale,UNKNOWN,window_4_density,A_OBSERVABLE_SPATIALLY_DILUTED,True,12,10,10,4
heldout,heldout_dirty_052,contaminated,0.01,1-2%,edge_blob,0,connected_component,UNKNOWN,component_area,A_OBSERVABLE_SPATIALLY_DILUTED,True,12,10,10,4
heldout,heldout_dirty_052,contaminated,0.01,1-2%,edge_blob,0,max_local_density,UNKNOWN,window_4_density,A_OBSERVABLE_SPATIALLY_DILUTED,True,12,10,10,4
heldout,heldout_dirty_052,contaminated,0.01,1-2%,edge_blob,0,edge_aware,PASS,spatial_certificate,A_OBSERVABLE_SPATIALLY_DILUTED,True,12,10,10,4
heldout,heldout_dirty_052,contaminated,0.01,1-2%,edge_blob,0,aggressive,UNKNOWN,tile_density,A_OBSERVABLE_SPATIALLY_DILUTED,True,12,10,10,4
heldout,heldout_dirty_052,contaminated,0.01,1-2%,edge_blob,0,balanced,PASS,spatial_certificate,A_OBSERVABLE_SPATIALLY_DILUTED,True,12,10,10,4
heldout,heldout_dirty_052,contaminated,0.01,1-2%,edge_blob,0,conservative,PASS,spatial_certificate,A_OBSERVABLE_SPATIALLY_DILUTED,True,12,10,10,4
heldout,heldout_dirty_053,contaminated,0.01,1-2%,edge_blob,1,global_baseline,PASS,spatial_certificate,A_OBSERVABLE_SPATIALLY_DILUTED,True,10,10,10,4
heldout,heldout_dirty_053,contaminated,0.01,1-2%,edge_blob,1,tile,UNKNOWN,tile_density,A_OBSERVABLE_SPATIALLY_DILUTED,True,10,10,10,4
heldout,heldout_dirty_053,contaminated,0.01,1-2%,edge_blob,1,multiscale,UNKNOWN,window_4_density,A_OBSERVABLE_SPATIALLY_DILUTED,True,10,10,10,4
heldout,heldout_dirty_053,contaminated,0.01,1-2%,edge_blob,1,connected_component,UNKNOWN,component_area,A_OBSERVABLE_SPATIALLY_DILUTED,True,10,10,10,4
heldout,heldout_dirty_053,contaminated,0.01,1-2%,edge_blob,1,max_local_density,UNKNOWN,window_4_density,A_OBSERVABLE_SPATIALLY_DILUTED,True,10,10,10,4
heldout,heldout_dirty_053,contaminated,0.01,1-2%,edge_blob,1,edge_aware,PASS,spatial_certificate,A_OBSERVABLE_SPATIALLY_DILUTED,True,10,10,10,4
heldout,heldout_dirty_053,contaminated,0.01,1-2%,edge_blob,1,aggressive,UNKNOWN,tile_density,A_OBSERVABLE_SPATIALLY_DILUTED,True,10,10,10,4
heldout,heldout_dirty_053,contaminated,0.01,1-2%,edge_blob,1,balanced,PASS,spatial_certificate,A_OBSERVABLE_SPATIALLY_DILUTED,True,10,10,10,4
heldout,heldout_dirty_053,contaminated,0.01,1-2%,edge_blob,1,conservative,PASS,spatial_certificate,A_OBSERVABLE_SPATIALLY_DILUTED,True,10,10,10,4
heldout,heldout_dirty_054,contaminated,0.01,1-2%,corner_blob,0,global_baseline,PASS,spatial_certificate,A_OBSERVABLE_SPATIALLY_DILUTED,True,10,10,10,4
heldout,heldout_dirty_054,contaminated,0.01,1-2%,corner_blob,0,tile,UNKNOWN,tile_density,A_OBSERVABLE_SPATIALLY_DILUTED,True,10,10,10,4
heldout,heldout_dirty_054,contaminated,0.01,1-2%,corner_blob,0,multiscale,UNKNOWN,window_4_density,A_OBSERVABLE_SPATIALLY_DILUTED,True,10,10,10,4
heldout,heldout_dirty_054,contaminated,0.01,1-2%,corner_blob,0,connected_component,UNKNOWN,component_area,A_OBSERVABLE_SPATIALLY_DILUTED,True,10,10,10,4
heldout,heldout_dirty_054,contaminated,0.01,1-2%,corner_blob,0,max_local_density,UNKNOWN,window_4_density,A_OBSERVABLE_SPATIALLY_DILUTED,True,10,10,10,4
heldout,heldout_dirty_054,contaminated,0.01,1-2%,corner_blob,0,edge_aware,PASS,spatial_certificate,A_OBSERVABLE_SPATIALLY_DILUTED,True,10,10,10,4
heldout,heldout_dirty_054,contaminated,0.01,1-2%,corner_blob,0,aggressive,UNKNOWN,tile_density,A_OBSERVABLE_SPATIALLY_DILUTED,True,10,10,10,4
heldout,heldout_dirty_054,contaminated,0.01,1-2%,corner_blob,0,balanced,PASS,spatial_certificate,A_OBSERVABLE_SPATIALLY_DILUTED,True,10,10,10,4
heldout,heldout_dirty_054,contaminated,0.01,1-2%,corner_blob,0,conservative,PASS,spatial_certificate,A_OBSERVABLE_SPATIALLY_DILUTED,True,10,10,10,4
heldout,heldout_dirty_055,contaminated,0.01,1-2%,corner_blob,1,global_baseline,PASS,spatial_certificate,A_OBSERVABLE_SPATIALLY_DILUTED,True,11,10,10,4
heldout,heldout_dirty_055,contaminated,0.01,1-2%,corner_blob,1,tile,UNKNOWN,tile_density,A_OBSERVABLE_SPATIALLY_DILUTED,True,11,10,10,4
heldout,heldout_dirty_055,contaminated,0.01,1-2%,corner_blob,1,multiscale,UNKNOWN,window_4_density,A_OBSERVABLE_SPATIALLY_DILUTED,True,11,10,10,4
heldout,heldout_dirty_055,contaminated,0.01,1-2%,corner_blob,1,connected_component,UNKNOWN,component_area,A_OBSERVABLE_SPATIALLY_DILUTED,True,11,10,10,4
heldout,heldout_dirty_055,contaminated,0.01,1-2%,corner_blob,1,max_local_density,UNKNOWN,window_4_density,A_OBSERVABLE_SPATIALLY_DILUTED,True,11,10,10,4
heldout,heldout_dirty_055,contaminated,0.01,1-2%,corner_blob,1,edge_aware,PASS,spatial_certificate,A_OBSERVABLE_SPATIALLY_DILUTED,True,11,10,10,4
heldout,heldout_dirty_055,contaminated,0.01,1-2%,corner_blob,1,aggressive,UNKNOWN,tile_density,A_OBSERVABLE_SPATIALLY_DILUTED,True,11,10,10,4
heldout,heldout_dirty_055,contaminated,0.01,1-2%,corner_blob,1,balanced,PASS,spatial_certificate,A_OBSERVABLE_SPATIALLY_DILUTED,True,11,10,10,4
heldout,heldout_dirty_055,contaminated,0.01,1-2%,corner_blob,1,conservative,PASS,spatial_certificate,A_OBSERVABLE_SPATIALLY_DILUTED,True,11,10,10,4
heldout,heldout_dirty_056,contaminated,0.01,1-2%,multiple_droplets,0,global_baseline,FLAG,pixel_flag,NOT_FALSE_CLEAN,True,11,10,-1,-1
heldout,heldout_dirty_056,contaminated,0.01,1-2%,multiple_droplets,0,tile,FLAG,pixel_flag,NOT_FALSE_CLEAN,True,11,10,-1,-1
heldout,heldout_dirty_056,contaminated,0.01,1-2%,multiple_droplets,0,multiscale,FLAG,pixel_flag,NOT_FALSE_CLEAN,True,11,10,-1,-1
heldout,heldout_dirty_056,contaminated,0.01,1-2%,multiple_droplets,0,connected_component,FLAG,pixel_flag,NOT_FALSE_CLEAN,True,11,10,-1,-1
heldout,heldout_dirty_056,contaminated,0.01,1-2%,multiple_droplets,0,max_local_density,FLAG,pixel_flag,NOT_FALSE_CLEAN,True,11,10,-1,-1
heldout,heldout_dirty_056,contaminated,0.01,1-2%,multiple_droplets,0,edge_aware,FLAG,pixel_flag,NOT_FALSE_CLEAN,True,11,10,-1,-1
heldout,heldout_dirty_056,contaminated,0.01,1-2%,multiple_droplets,0,aggressive,FLAG,pixel_flag,NOT_FALSE_CLEAN,True,11,10,-1,-1
heldout,heldout_dirty_056,contaminated,0.01,1-2%,multiple_droplets,0,balanced,FLAG,pixel_flag,NOT_FALSE_CLEAN,True,11,10,-1,-1
heldout,heldout_dirty_056,contaminated,0.01,1-2%,multiple_droplets,0,conservative,FLAG,pixel_flag,NOT_FALSE_CLEAN,True,11,10,-1,-1
heldout,heldout_dirty_057,contaminated,0.01,1-2%,multiple_droplets,1,global_baseline,PASS,spatial_certificate,A_OBSERVABLE_SPATIALLY_DILUTED,True,10,10,4,2
heldout,heldout_dirty_057,contaminated,0.01,1-2%,multiple_droplets,1,tile,PASS,spatial_certificate,A_OBSERVABLE_SPATIALLY_DILUTED,True,10,10,4,2
heldout,heldout_dirty_057,contaminated,0.01,1-2%,multiple_droplets,1,multiscale,PASS,spatial_certificate,A_OBSERVABLE_SPATIALLY_DILUTED,True,10,10,4,2
heldout,heldout_dirty_057,contaminated,0.01,1-2%,multiple_droplets,1,connected_component,PASS,spatial_certificate,A_OBSERVABLE_SPATIALLY_DILUTED,True,10,10,4,2
heldout,heldout_dirty_057,contaminated,0.01,1-2%,multiple_droplets,1,max_local_density,UNKNOWN,window_4_density,A_OBSERVABLE_SPATIALLY_DILUTED,True,10,10,4,2
heldout,heldout_dirty_057,contaminated,0.01,1-2%,multiple_droplets,1,edge_aware,PASS,spatial_certificate,A_OBSERVABLE_SPATIALLY_DILUTED,True,10,10,4,2
heldout,heldout_dirty_057,contaminated,0.01,1-2%,multiple_droplets,1,aggressive,UNKNOWN,tile_density,A_OBSERVABLE_SPATIALLY_DILUTED,True,10,10,4,2
heldout,heldout_dirty_057,contaminated,0.01,1-2%,multiple_droplets,1,balanced,PASS,spatial_certificate,A_OBSERVABLE_SPATIALLY_DILUTED,True,10,10,4,2
heldout,heldout_dirty_057,contaminated,0.01,1-2%,multiple_droplets,1,conservative,PASS,spatial_certificate,A_OBSERVABLE_SPATIALLY_DILUTED,True,10,10,4,2
heldout,heldout_dirty_058,contaminated,0.01,1-2%,dispersed_sparse,0,global_baseline,FLAG,pixel_flag,NOT_FALSE_CLEAN,True,12,10,-1,-1
heldout,heldout_dirty_058,contaminated,0.01,1-2%,dispersed_sparse,0,tile,FLAG,pixel_flag,NOT_FALSE_CLEAN,True,12,10,-1,-1
heldout,heldout_dirty_058,contaminated,0.01,1-2%,dispersed_sparse,0,multiscale,FLAG,pixel_flag,NOT_FALSE_CLEAN,True,12,10,-1,-1
heldout,heldout_dirty_058,contaminated,0.01,1-2%,dispersed_sparse,0,connected_component,FLAG,pixel_flag,NOT_FALSE_CLEAN,True,12,10,-1,-1
heldout,heldout_dirty_058,contaminated,0.01,1-2%,dispersed_sparse,0,max_local_density,FLAG,pixel_flag,NOT_FALSE_CLEAN,True,12,10,-1,-1
heldout,heldout_dirty_058,contaminated,0.01,1-2%,dispersed_sparse,0,edge_aware,FLAG,pixel_flag,NOT_FALSE_CLEAN,True,12,10,-1,-1
heldout,heldout_dirty_058,contaminated,0.01,1-2%,dispersed_sparse,0,aggressive,FLAG,pixel_flag,NOT_FALSE_CLEAN,True,12,10,-1,-1
heldout,heldout_dirty_058,contaminated,0.01,1-2%,dispersed_sparse,0,balanced,FLAG,pixel_flag,NOT_FALSE_CLEAN,True,12,10,-1,-1
heldout,heldout_dirty_058,contaminated,0.01,1-2%,dispersed_sparse,0,conservative,FLAG,pixel_flag,NOT_FALSE_CLEAN,True,12,10,-1,-1
heldout,heldout_dirty_059,contaminated,0.01,1-2%,dispersed_sparse,1,global_baseline,FLAG,pixel_flag,NOT_FALSE_CLEAN,True,12,10,-1,-1
heldout,heldout_dirty_059,contaminated,0.01,1-2%,dispersed_sparse,1,tile,FLAG,pixel_flag,NOT_FALSE_CLEAN,True,12,10,-1,-1
heldout,heldout_dirty_059,contaminated,0.01,1-2%,dispersed_sparse,1,multiscale,FLAG,pixel_flag,NOT_FALSE_CLEAN,True,12,10,-1,-1
heldout,heldout_dirty_059,contaminated,0.01,1-2%,dispersed_sparse,1,connected_component,FLAG,pixel_flag,NOT_FALSE_CLEAN,True,12,10,-1,-1
heldout,heldout_dirty_059,contaminated,0.01,1-2%,dispersed_sparse,1,max_local_density,FLAG,pixel_flag,NOT_FALSE_CLEAN,True,12,10,-1,-1
heldout,heldout_dirty_059,contaminated,0.01,1-2%,dispersed_sparse,1,edge_aware,FLAG,pixel_flag,NOT_FALSE_CLEAN,True,12,10,-1,-1
heldout,heldout_dirty_059,contaminated,0.01,1-2%,dispersed_sparse,1,aggressive,FLAG,pixel_flag,NOT_FALSE_CLEAN,True,12,10,-1,-1
heldout,heldout_dirty_059,contaminated,0.01,1-2%,dispersed_sparse,1,balanced,FLAG,pixel_flag,NOT_FALSE_CLEAN,True,12,10,-1,-1
heldout,heldout_dirty_059,contaminated,0.01,1-2%,dispersed_sparse,1,conservative,FLAG,pixel_flag,NOT_FALSE_CLEAN,True,12,10,-1,-1
heldout,heldout_dirty_060,contaminated,0.01,1-2%,psf_blurred,0,global_baseline,PASS,spatial_certificate,A_OBSERVABLE_SPATIALLY_DILUTED,True,19,9,19,5
heldout,heldout_dirty_060,contaminated,0.01,1-2%,psf_blurred,0,tile,UNKNOWN,tile_density,A_OBSERVABLE_SPATIALLY_DILUTED,True,19,9,19,5
heldout,heldout_dirty_060,contaminated,0.01,1-2%,psf_blurred,0,multiscale,UNKNOWN,window_4_density,A_OBSERVABLE_SPATIALLY_DILUTED,True,19,9,19,5
heldout,heldout_dirty_060,contaminated,0.01,1-2%,psf_blurred,0,connected_component,UNKNOWN,component_area,A_OBSERVABLE_SPATIALLY_DILUTED,True,19,9,19,5
heldout,heldout_dirty_060,contaminated,0.01,1-2%,psf_blurred,0,max_local_density,UNKNOWN,window_4_density,A_OBSERVABLE_SPATIALLY_DILUTED,True,19,9,19,5
heldout,heldout_dirty_060,contaminated,0.01,1-2%,psf_blurred,0,edge_aware,PASS,spatial_certificate,A_OBSERVABLE_SPATIALLY_DILUTED,True,19,9,19,5
heldout,heldout_dirty_060,contaminated,0.01,1-2%,psf_blurred,0,aggressive,UNKNOWN,tile_density,A_OBSERVABLE_SPATIALLY_DILUTED,True,19,9,19,5
heldout,heldout_dirty_060,contaminated,0.01,1-2%,psf_blurred,0,balanced,UNKNOWN,tile_density,A_OBSERVABLE_SPATIALLY_DILUTED,True,19,9,19,5
heldout,heldout_dirty_060,contaminated,0.01,1-2%,psf_blurred,0,conservative,UNKNOWN,window_4_density,A_OBSERVABLE_SPATIALLY_DILUTED,True,19,9,19,5
heldout,heldout_dirty_061,contaminated,0.01,1-2%,psf_blurred,1,global_baseline,PASS,spatial_certificate,A_OBSERVABLE_SPATIALLY_DILUTED,True,31,9,31,7
heldout,heldout_dirty_061,contaminated,0.01,1-2%,psf_blurred,1,tile,UNKNOWN,tile_density,A_OBSERVABLE_SPATIALLY_DILUTED,True,31,9,31,7
heldout,heldout_dirty_061,contaminated,0.01,1-2%,psf_blurred,1,multiscale,UNKNOWN,window_4_density,A_OBSERVABLE_SPATIALLY_DILUTED,True,31,9,31,7
heldout,heldout_dirty_061,contaminated,0.01,1-2%,psf_blurred,1,connected_component,UNKNOWN,component_area,A_OBSERVABLE_SPATIALLY_DILUTED,True,31,9,31,7
heldout,heldout_dirty_061,contaminated,0.01,1-2%,psf_blurred,1,max_local_density,UNKNOWN,window_4_density,A_OBSERVABLE_SPATIALLY_DILUTED,True,31,9,31,7
heldout,heldout_dirty_061,contaminated,0.01,1-2%,psf_blurred,1,edge_aware,PASS,spatial_certificate,A_OBSERVABLE_SPATIALLY_DILUTED,True,31,9,31,7
heldout,heldout_dirty_061,contaminated,0.01,1-2%,psf_blurred,1,aggressive,UNKNOWN,tile_density,A_OBSERVABLE_SPATIALLY_DILUTED,True,31,9,31,7
heldout,heldout_dirty_061,contaminated,0.01,1-2%,psf_blurred,1,balanced,UNKNOWN,tile_density,A_OBSERVABLE_SPATIALLY_DILUTED,True,31,9,31,7
heldout,heldout_dirty_061,contaminated,0.01,1-2%,psf_blurred,1,conservative,UNKNOWN,tile_density,A_OBSERVABLE_SPATIALLY_DILUTED,True,31,9,31,7
heldout,heldout_dirty_062,contaminated,0.01,1-2%,registration_shifted,0,global_baseline,FLAG,pixel_flag,NOT_FALSE_CLEAN,True,10,10,-1,-1
heldout,heldout_dirty_062,contaminated,0.01,1-2%,registration_shifted,0,tile,FLAG,pixel_flag,NOT_FALSE_CLEAN,True,10,10,-1,-1
heldout,heldout_dirty_062,contaminated,0.01,1-2%,registration_shifted,0,multiscale,FLAG,pixel_flag,NOT_FALSE_CLEAN,True,10,10,-1,-1
heldout,heldout_dirty_062,contaminated,0.01,1-2%,registration_shifted,0,connected_component,FLAG,pixel_flag,NOT_FALSE_CLEAN,True,10,10,-1,-1
heldout,heldout_dirty_062,contaminated,0.01,1-2%,registration_shifted,0,max_local_density,FLAG,pixel_flag,NOT_FALSE_CLEAN,True,10,10,-1,-1
heldout,heldout_dirty_062,contaminated,0.01,1-2%,registration_shifted,0,edge_aware,FLAG,pixel_flag,NOT_FALSE_CLEAN,True,10,10,-1,-1
heldout,heldout_dirty_062,contaminated,0.01,1-2%,registration_shifted,0,aggressive,FLAG,pixel_flag,NOT_FALSE_CLEAN,True,10,10,-1,-1
heldout,heldout_dirty_062,contaminated,0.01,1-2%,registration_shifted,0,balanced,FLAG,pixel_flag,NOT_FALSE_CLEAN,True,10,10,-1,-1
heldout,heldout_dirty_062,contaminated,0.01,1-2%,registration_shifted,0,conservative,FLAG,pixel_flag,NOT_FALSE_CLEAN,True,10,10,-1,-1
heldout,heldout_dirty_063,contaminated,0.01,1-2%,registration_shifted,1,global_baseline,FLAG,pixel_flag,NOT_FALSE_CLEAN,True,12,10,-1,-1
heldout,heldout_dirty_063,contaminated,0.01,1-2%,registration_shifted,1,tile,FLAG,pixel_flag,NOT_FALSE_CLEAN,True,12,10,-1,-1
heldout,heldout_dirty_063,contaminated,0.01,1-2%,registration_shifted,1,multiscale,FLAG,pixel_flag,NOT_FALSE_CLEAN,True,12,10,-1,-1
heldout,heldout_dirty_063,contaminated,0.01,1-2%,registration_shifted,1,connected_component,FLAG,pixel_flag,NOT_FALSE_CLEAN,True,12,10,-1,-1
heldout,heldout_dirty_063,contaminated,0.01,1-2%,registration_shifted,1,max_local_density,FLAG,pixel_flag,NOT_FALSE_CLEAN,True,12,10,-1,-1
heldout,heldout_dirty_063,contaminated,0.01,1-2%,registration_shifted,1,edge_aware,FLAG,pixel_flag,NOT_FALSE_CLEAN,True,12,10,-1,-1
heldout,heldout_dirty_063,contaminated,0.01,1-2%,registration_shifted,1,aggressive,FLAG,pixel_flag,NOT_FALSE_CLEAN,True,12,10,-1,-1
heldout,heldout_dirty_063,contaminated,0.01,1-2%,registration_shifted,1,balanced,FLAG,pixel_flag,NOT_FALSE_CLEAN,True,12,10,-1,-1
heldout,heldout_dirty_063,contaminated,0.01,1-2%,registration_shifted,1,conservative,FLAG,pixel_flag,NOT_FALSE_CLEAN,True,12,10,-1,-1
heldout,heldout_dirty_064,contaminated,0.02,2-5%,compact_blob,0,global_baseline,PASS,spatial_certificate,A_OBSERVABLE_SPATIALLY_DILUTED,True,22,20,20,6
heldout,heldout_dirty_064,contaminated,0.02,2-5%,compact_blob,0,tile,UNKNOWN,tile_density,A_OBSERVABLE_SPATIALLY_DILUTED,True,22,20,20,6
heldout,heldout_dirty_064,contaminated,0.02,2-5%,compact_blob,0,multiscale,UNKNOWN,window_4_density,A_OBSERVABLE_SPATIALLY_DILUTED,True,22,20,20,6
heldout,heldout_dirty_064,contaminated,0.02,2-5%,compact_blob,0,connected_component,UNKNOWN,component_area,A_OBSERVABLE_SPATIALLY_DILUTED,True,22,20,20,6
heldout,heldout_dirty_064,contaminated,0.02,2-5%,compact_blob,0,max_local_density,UNKNOWN,window_4_density,A_OBSERVABLE_SPATIALLY_DILUTED,True,22,20,20,6
heldout,heldout_dirty_064,contaminated,0.02,2-5%,compact_blob,0,edge_aware,PASS,spatial_certificate,A_OBSERVABLE_SPATIALLY_DILUTED,True,22,20,20,6
heldout,heldout_dirty_064,contaminated,0.02,2-5%,compact_blob,0,aggressive,UNKNOWN,tile_density,A_OBSERVABLE_SPATIALLY_DILUTED,True,22,20,20,6
heldout,heldout_dirty_064,contaminated,0.02,2-5%,compact_blob,0,balanced,UNKNOWN,tile_density,A_OBSERVABLE_SPATIALLY_DILUTED,True,22,20,20,6
heldout,heldout_dirty_064,contaminated,0.02,2-5%,compact_blob,0,conservative,UNKNOWN,window_4_density,A_OBSERVABLE_SPATIALLY_DILUTED,True,22,20,20,6
heldout,heldout_dirty_065,contaminated,0.02,2-5%,compact_blob,1,global_baseline,FLAG,pixel_flag,NOT_FALSE_CLEAN,True,20,20,-1,-1
heldout,heldout_dirty_065,contaminated,0.02,2-5%,compact_blob,1,tile,FLAG,pixel_flag,NOT_FALSE_CLEAN,True,20,20,-1,-1
heldout,heldout_dirty_065,contaminated,0.02,2-5%,compact_blob,1,multiscale,FLAG,pixel_flag,NOT_FALSE_CLEAN,True,20,20,-1,-1
heldout,heldout_dirty_065,contaminated,0.02,2-5%,compact_blob,1,connected_component,FLAG,pixel_flag,NOT_FALSE_CLEAN,True,20,20,-1,-1
heldout,heldout_dirty_065,contaminated,0.02,2-5%,compact_blob,1,max_local_density,FLAG,pixel_flag,NOT_FALSE_CLEAN,True,20,20,-1,-1
heldout,heldout_dirty_065,contaminated,0.02,2-5%,compact_blob,1,edge_aware,FLAG,pixel_flag,NOT_FALSE_CLEAN,True,20,20,-1,-1
heldout,heldout_dirty_065,contaminated,0.02,2-5%,compact_blob,1,aggressive,FLAG,pixel_flag,NOT_FALSE_CLEAN,True,20,20,-1,-1
heldout,heldout_dirty_065,contaminated,0.02,2-5%,compact_blob,1,balanced,FLAG,pixel_flag,NOT_FALSE_CLEAN,True,20,20,-1,-1
heldout,heldout_dirty_065,contaminated,0.02,2-5%,compact_blob,1,conservative,FLAG,pixel_flag,NOT_FALSE_CLEAN,True,20,20,-1,-1
heldout,heldout_dirty_066,contaminated,0.02,2-5%,elongated_streak,0,global_baseline,PASS,spatial_certificate,A_OBSERVABLE_SPATIALLY_DILUTED,True,23,20,11,11
heldout,heldout_dirty_066,contaminated,0.02,2-5%,elongated_streak,0,tile,PASS,spatial_certificate,A_OBSERVABLE_SPATIALLY_DILUTED,True,23,20,11,11
heldout,heldout_dirty_066,contaminated,0.02,2-5%,elongated_streak,0,multiscale,UNKNOWN,window_8_density,A_OBSERVABLE_SPATIALLY_DILUTED,True,23,20,11,11
heldout,heldout_dirty_066,contaminated,0.02,2-5%,elongated_streak,0,connected_component,UNKNOWN,component_area,A_OBSERVABLE_SPATIALLY_DILUTED,True,23,20,11,11
heldout,heldout_dirty_066,contaminated,0.02,2-5%,elongated_streak,0,max_local_density,UNKNOWN,window_4_density,A_OBSERVABLE_SPATIALLY_DILUTED,True,23,20,11,11
heldout,heldout_dirty_066,contaminated,0.02,2-5%,elongated_streak,0,edge_aware,PASS,spatial_certificate,A_OBSERVABLE_SPATIALLY_DILUTED,True,23,20,11,11
heldout,heldout_dirty_066,contaminated,0.02,2-5%,elongated_streak,0,aggressive,UNKNOWN,tile_density,A_OBSERVABLE_SPATIALLY_DILUTED,True,23,20,11,11
heldout,heldout_dirty_066,contaminated,0.02,2-5%,elongated_streak,0,balanced,PASS,spatial_certificate,A_OBSERVABLE_SPATIALLY_DILUTED,True,23,20,11,11
heldout,heldout_dirty_066,contaminated,0.02,2-5%,elongated_streak,0,conservative,PASS,spatial_certificate,A_OBSERVABLE_SPATIALLY_DILUTED,True,23,20,11,11
heldout,heldout_dirty_067,contaminated,0.02,2-5%,elongated_streak,1,global_baseline,PASS,spatial_certificate,A_OBSERVABLE_SPATIALLY_DILUTED,True,21,20,12,12
heldout,heldout_dirty_067,contaminated,0.02,2-5%,elongated_streak,1,tile,UNKNOWN,tile_density,A_OBSERVABLE_SPATIALLY_DILUTED,True,21,20,12,12
heldout,heldout_dirty_067,contaminated,0.02,2-5%,elongated_streak,1,multiscale,UNKNOWN,window_8_density,A_OBSERVABLE_SPATIALLY_DILUTED,True,21,20,12,12
heldout,heldout_dirty_067,contaminated,0.02,2-5%,elongated_streak,1,connected_component,UNKNOWN,component_area,A_OBSERVABLE_SPATIALLY_DILUTED,True,21,20,12,12
heldout,heldout_dirty_067,contaminated,0.02,2-5%,elongated_streak,1,max_local_density,UNKNOWN,window_4_density,A_OBSERVABLE_SPATIALLY_DILUTED,True,21,20,12,12
heldout,heldout_dirty_067,contaminated,0.02,2-5%,elongated_streak,1,edge_aware,PASS,spatial_certificate,A_OBSERVABLE_SPATIALLY_DILUTED,True,21,20,12,12
heldout,heldout_dirty_067,contaminated,0.02,2-5%,elongated_streak,1,aggressive,UNKNOWN,tile_density,A_OBSERVABLE_SPATIALLY_DILUTED,True,21,20,12,12
heldout,heldout_dirty_067,contaminated,0.02,2-5%,elongated_streak,1,balanced,PASS,spatial_certificate,A_OBSERVABLE_SPATIALLY_DILUTED,True,21,20,12,12
heldout,heldout_dirty_067,contaminated,0.02,2-5%,elongated_streak,1,conservative,PASS,spatial_certificate,A_OBSERVABLE_SPATIALLY_DILUTED,True,21,20,12,12
heldout,heldout_dirty_068,contaminated,0.02,2-5%,edge_blob,0,global_baseline,PASS,spatial_certificate,A_OBSERVABLE_SPATIALLY_DILUTED,True,20,20,20,7
heldout,heldout_dirty_068,contaminated,0.02,2-5%,edge_blob,0,tile,UNKNOWN,tile_density,A_OBSERVABLE_SPATIALLY_DILUTED,True,20,20,20,7
heldout,heldout_dirty_068,contaminated,0.02,2-5%,edge_blob,0,multiscale,UNKNOWN,window_4_density,A_OBSERVABLE_SPATIALLY_DILUTED,True,20,20,20,7
heldout,heldout_dirty_068,contaminated,0.02,2-5%,edge_blob,0,connected_component,UNKNOWN,component_area,A_OBSERVABLE_SPATIALLY_DILUTED,True,20,20,20,7
heldout,heldout_dirty_068,contaminated,0.02,2-5%,edge_blob,0,max_local_density,UNKNOWN,window_4_density,A_OBSERVABLE_SPATIALLY_DILUTED,True,20,20,20,7
heldout,heldout_dirty_068,contaminated,0.02,2-5%,edge_blob,0,edge_aware,PASS,spatial_certificate,A_OBSERVABLE_SPATIALLY_DILUTED,True,20,20,20,7
heldout,heldout_dirty_068,contaminated,0.02,2-5%,edge_blob,0,aggressive,UNKNOWN,tile_density,A_OBSERVABLE_SPATIALLY_DILUTED,True,20,20,20,7
heldout,heldout_dirty_068,contaminated,0.02,2-5%,edge_blob,0,balanced,UNKNOWN,tile_density,A_OBSERVABLE_SPATIALLY_DILUTED,True,20,20,20,7
heldout,heldout_dirty_068,contaminated,0.02,2-5%,edge_blob,0,conservative,PASS,spatial_certificate,A_OBSERVABLE_SPATIALLY_DILUTED,True,20,20,20,7
heldout,heldout_dirty_069,contaminated,0.02,2-5%,edge_blob,1,global_baseline,PASS,spatial_certificate,A_OBSERVABLE_SPATIALLY_DILUTED,True,22,20,20,6
heldout,heldout_dirty_069,contaminated,0.02,2-5%,edge_blob,1,tile,UNKNOWN,tile_density,A_OBSERVABLE_SPATIALLY_DILUTED,True,22,20,20,6
heldout,heldout_dirty_069,contaminated,0.02,2-5%,edge_blob,1,multiscale,UNKNOWN,window_4_density,A_OBSERVABLE_SPATIALLY_DILUTED,True,22,20,20,6
heldout,heldout_dirty_069,contaminated,0.02,2-5%,edge_blob,1,connected_component,UNKNOWN,component_area,A_OBSERVABLE_SPATIALLY_DILUTED,True,22,20,20,6
heldout,heldout_dirty_069,contaminated,0.02,2-5%,edge_blob,1,max_local_density,UNKNOWN,window_4_density,A_OBSERVABLE_SPATIALLY_DILUTED,True,22,20,20,6
heldout,heldout_dirty_069,contaminated,0.02,2-5%,edge_blob,1,edge_aware,PASS,spatial_certificate,A_OBSERVABLE_SPATIALLY_DILUTED,True,22,20,20,6
heldout,heldout_dirty_069,contaminated,0.02,2-5%,edge_blob,1,aggressive,UNKNOWN,tile_density,A_OBSERVABLE_SPATIALLY_DILUTED,True,22,20,20,6
heldout,heldout_dirty_069,contaminated,0.02,2-5%,edge_blob,1,balanced,UNKNOWN,window_4_density,A_OBSERVABLE_SPATIALLY_DILUTED,True,22,20,20,6
heldout,heldout_dirty_069,contaminated,0.02,2-5%,edge_blob,1,conservative,PASS,spatial_certificate,A_OBSERVABLE_SPATIALLY_DILUTED,True,22,20,20,6
heldout,heldout_dirty_070,contaminated,0.02,2-5%,corner_blob,0,global_baseline,PASS,spatial_certificate,A_OBSERVABLE_SPATIALLY_DILUTED,True,21,20,20,5
heldout,heldout_dirty_070,contaminated,0.02,2-5%,corner_blob,0,tile,UNKNOWN,tile_density,A_OBSERVABLE_SPATIALLY_DILUTED,True,21,20,20,5
heldout,heldout_dirty_070,contaminated,0.02,2-5%,corner_blob,0,multiscale,UNKNOWN,window_4_density,A_OBSERVABLE_SPATIALLY_DILUTED,True,21,20,20,5
heldout,heldout_dirty_070,contaminated,0.02,2-5%,corner_blob,0,connected_component,UNKNOWN,component_area,A_OBSERVABLE_SPATIALLY_DILUTED,True,21,20,20,5
heldout,heldout_dirty_070,contaminated,0.02,2-5%,corner_blob,0,max_local_density,UNKNOWN,window_4_density,A_OBSERVABLE_SPATIALLY_DILUTED,True,21,20,20,5
heldout,heldout_dirty_070,contaminated,0.02,2-5%,corner_blob,0,edge_aware,PASS,spatial_certificate,A_OBSERVABLE_SPATIALLY_DILUTED,True,21,20,20,5
heldout,heldout_dirty_070,contaminated,0.02,2-5%,corner_blob,0,aggressive,UNKNOWN,tile_density,A_OBSERVABLE_SPATIALLY_DILUTED,True,21,20,20,5
heldout,heldout_dirty_070,contaminated,0.02,2-5%,corner_blob,0,balanced,UNKNOWN,tile_density,A_OBSERVABLE_SPATIALLY_DILUTED,True,21,20,20,5
heldout,heldout_dirty_070,contaminated,0.02,2-5%,corner_blob,0,conservative,UNKNOWN,window_4_density,A_OBSERVABLE_SPATIALLY_DILUTED,True,21,20,20,5
heldout,heldout_dirty_071,contaminated,0.02,2-5%,corner_blob,1,global_baseline,PASS,spatial_certificate,A_OBSERVABLE_SPATIALLY_DILUTED,True,23,20,20,5
heldout,heldout_dirty_071,contaminated,0.02,2-5%,corner_blob,1,tile,UNKNOWN,tile_density,A_OBSERVABLE_SPATIALLY_DILUTED,True,23,20,20,5
heldout,heldout_dirty_071,contaminated,0.02,2-5%,corner_blob,1,multiscale,UNKNOWN,window_4_density,A_OBSERVABLE_SPATIALLY_DILUTED,True,23,20,20,5
heldout,heldout_dirty_071,contaminated,0.02,2-5%,corner_blob,1,connected_component,UNKNOWN,component_area,A_OBSERVABLE_SPATIALLY_DILUTED,True,23,20,20,5
heldout,heldout_dirty_071,contaminated,0.02,2-5%,corner_blob,1,max_local_density,UNKNOWN,window_4_density,A_OBSERVABLE_SPATIALLY_DILUTED,True,23,20,20,5
heldout,heldout_dirty_071,contaminated,0.02,2-5%,corner_blob,1,edge_aware,PASS,spatial_certificate,A_OBSERVABLE_SPATIALLY_DILUTED,True,23,20,20,5
heldout,heldout_dirty_071,contaminated,0.02,2-5%,corner_blob,1,aggressive,UNKNOWN,tile_density,A_OBSERVABLE_SPATIALLY_DILUTED,True,23,20,20,5
heldout,heldout_dirty_071,contaminated,0.02,2-5%,corner_blob,1,balanced,UNKNOWN,tile_density,A_OBSERVABLE_SPATIALLY_DILUTED,True,23,20,20,5
heldout,heldout_dirty_071,contaminated,0.02,2-5%,corner_blob,1,conservative,UNKNOWN,window_4_density,A_OBSERVABLE_SPATIALLY_DILUTED,True,23,20,20,5
heldout,heldout_dirty_072,contaminated,0.02,2-5%,multiple_droplets,0,global_baseline,PASS,spatial_certificate,A_OBSERVABLE_SPATIALLY_DILUTED,True,21,20,11,5
heldout,heldout_dirty_072,contaminated,0.02,2-5%,multiple_droplets,0,tile,UNKNOWN,tile_density,A_OBSERVABLE_SPATIALLY_DILUTED,True,21,20,11,5
heldout,heldout_dirty_072,contaminated,0.02,2-5%,multiple_droplets,0,multiscale,UNKNOWN,window_4_density,A_OBSERVABLE_SPATIALLY_DILUTED,True,21,20,11,5
heldout,heldout_dirty_072,contaminated,0.02,2-5%,multiple_droplets,0,connected_component,UNKNOWN,component_area,A_OBSERVABLE_SPATIALLY_DILUTED,True,21,20,11,5
heldout,heldout_dirty_072,contaminated,0.02,2-5%,multiple_droplets,0,max_local_density,UNKNOWN,window_4_density,A_OBSERVABLE_SPATIALLY_DILUTED,True,21,20,11,5
heldout,heldout_dirty_072,contaminated,0.02,2-5%,multiple_droplets,0,edge_aware,PASS,spatial_certificate,A_OBSERVABLE_SPATIALLY_DILUTED,True,21,20,11,5
heldout,heldout_dirty_072,contaminated,0.02,2-5%,multiple_droplets,0,aggressive,UNKNOWN,tile_density,A_OBSERVABLE_SPATIALLY_DILUTED,True,21,20,11,5
heldout,heldout_dirty_072,contaminated,0.02,2-5%,multiple_droplets,0,balanced,PASS,spatial_certificate,A_OBSERVABLE_SPATIALLY_DILUTED,True,21,20,11,5
heldout,heldout_dirty_072,contaminated,0.02,2-5%,multiple_droplets,0,conservative,PASS,spatial_certificate,A_OBSERVABLE_SPATIALLY_DILUTED,True,21,20,11,5
heldout,heldout_dirty_073,contaminated,0.02,2-5%,multiple_droplets,1,global_baseline,FLAG,pixel_flag,NOT_FALSE_CLEAN,True,20,20,-1,-1
heldout,heldout_dirty_073,contaminated,0.02,2-5%,multiple_droplets,1,tile,FLAG,pixel_flag,NOT_FALSE_CLEAN,True,20,20,-1,-1
heldout,heldout_dirty_073,contaminated,0.02,2-5%,multiple_droplets,1,multiscale,FLAG,pixel_flag,NOT_FALSE_CLEAN,True,20,20,-1,-1
heldout,heldout_dirty_073,contaminated,0.02,2-5%,multiple_droplets,1,connected_component,FLAG,pixel_flag,NOT_FALSE_CLEAN,True,20,20,-1,-1
heldout,heldout_dirty_073,contaminated,0.02,2-5%,multiple_droplets,1,max_local_density,FLAG,pixel_flag,NOT_FALSE_CLEAN,True,20,20,-1,-1
heldout,heldout_dirty_073,contaminated,0.02,2-5%,multiple_droplets,1,edge_aware,FLAG,pixel_flag,NOT_FALSE_CLEAN,True,20,20,-1,-1
heldout,heldout_dirty_073,contaminated,0.02,2-5%,multiple_droplets,1,aggressive,FLAG,pixel_flag,NOT_FALSE_CLEAN,True,20,20,-1,-1
heldout,heldout_dirty_073,contaminated,0.02,2-5%,multiple_droplets,1,balanced,FLAG,pixel_flag,NOT_FALSE_CLEAN,True,20,20,-1,-1
heldout,heldout_dirty_073,contaminated,0.02,2-5%,multiple_droplets,1,conservative,FLAG,pixel_flag,NOT_FALSE_CLEAN,True,20,20,-1,-1
heldout,heldout_dirty_074,contaminated,0.02,2-5%,dispersed_sparse,0,global_baseline,PASS,spatial_certificate,A_OBSERVABLE_SPATIALLY_DILUTED,True,20,20,2,2
heldout,heldout_dirty_074,contaminated,0.02,2-5%,dispersed_sparse,0,tile,PASS,spatial_certificate,A_OBSERVABLE_SPATIALLY_DILUTED,True,20,20,2,2
heldout,heldout_dirty_074,contaminated,0.02,2-5%,dispersed_sparse,0,multiscale,PASS,spatial_certificate,A_OBSERVABLE_SPATIALLY_DILUTED,True,20,20,2,2
heldout,heldout_dirty_074,contaminated,0.02,2-5%,dispersed_sparse,0,connected_component,PASS,spatial_certificate,A_OBSERVABLE_SPATIALLY_DILUTED,True,20,20,2,2
heldout,heldout_dirty_074,contaminated,0.02,2-5%,dispersed_sparse,0,max_local_density,PASS,spatial_certificate,A_OBSERVABLE_SPATIALLY_DILUTED,True,20,20,2,2
heldout,heldout_dirty_074,contaminated,0.02,2-5%,dispersed_sparse,0,edge_aware,PASS,spatial_certificate,A_OBSERVABLE_SPATIALLY_DILUTED,True,20,20,2,2
heldout,heldout_dirty_074,contaminated,0.02,2-5%,dispersed_sparse,0,aggressive,UNKNOWN,window_4_density,A_OBSERVABLE_SPATIALLY_DILUTED,True,20,20,2,2
heldout,heldout_dirty_074,contaminated,0.02,2-5%,dispersed_sparse,0,balanced,PASS,spatial_certificate,A_OBSERVABLE_SPATIALLY_DILUTED,True,20,20,2,2
heldout,heldout_dirty_074,contaminated,0.02,2-5%,dispersed_sparse,0,conservative,PASS,spatial_certificate,A_OBSERVABLE_SPATIALLY_DILUTED,True,20,20,2,2
heldout,heldout_dirty_075,contaminated,0.02,2-5%,dispersed_sparse,1,global_baseline,PASS,spatial_certificate,A_OBSERVABLE_SPATIALLY_DILUTED,True,20,20,1,1
heldout,heldout_dirty_075,contaminated,0.02,2-5%,dispersed_sparse,1,tile,PASS,spatial_certificate,A_OBSERVABLE_SPATIALLY_DILUTED,True,20,20,1,1
heldout,heldout_dirty_075,contaminated,0.02,2-5%,dispersed_sparse,1,multiscale,PASS,spatial_certificate,A_OBSERVABLE_SPATIALLY_DILUTED,True,20,20,1,1
heldout,heldout_dirty_075,contaminated,0.02,2-5%,dispersed_sparse,1,connected_component,PASS,spatial_certificate,A_OBSERVABLE_SPATIALLY_DILUTED,True,20,20,1,1
heldout,heldout_dirty_075,contaminated,0.02,2-5%,dispersed_sparse,1,max_local_density,PASS,spatial_certificate,A_OBSERVABLE_SPATIALLY_DILUTED,True,20,20,1,1
heldout,heldout_dirty_075,contaminated,0.02,2-5%,dispersed_sparse,1,edge_aware,PASS,spatial_certificate,A_OBSERVABLE_SPATIALLY_DILUTED,True,20,20,1,1
heldout,heldout_dirty_075,contaminated,0.02,2-5%,dispersed_sparse,1,aggressive,UNKNOWN,window_4_density,A_OBSERVABLE_SPATIALLY_DILUTED,True,20,20,1,1
heldout,heldout_dirty_075,contaminated,0.02,2-5%,dispersed_sparse,1,balanced,PASS,spatial_certificate,A_OBSERVABLE_SPATIALLY_DILUTED,True,20,20,1,1
heldout,heldout_dirty_075,contaminated,0.02,2-5%,dispersed_sparse,1,conservative,PASS,spatial_certificate,A_OBSERVABLE_SPATIALLY_DILUTED,True,20,20,1,1
heldout,heldout_dirty_076,contaminated,0.02,2-5%,psf_blurred,0,global_baseline,PASS,spatial_certificate,A_OBSERVABLE_SPATIALLY_DILUTED,True,41,20,41,7
heldout,heldout_dirty_076,contaminated,0.02,2-5%,psf_blurred,0,tile,UNKNOWN,tile_density,A_OBSERVABLE_SPATIALLY_DILUTED,True,41,20,41,7
heldout,heldout_dirty_076,contaminated,0.02,2-5%,psf_blurred,0,multiscale,UNKNOWN,window_4_density,A_OBSERVABLE_SPATIALLY_DILUTED,True,41,20,41,7
heldout,heldout_dirty_076,contaminated,0.02,2-5%,psf_blurred,0,connected_component,UNKNOWN,component_area,A_OBSERVABLE_SPATIALLY_DILUTED,True,41,20,41,7
heldout,heldout_dirty_076,contaminated,0.02,2-5%,psf_blurred,0,max_local_density,UNKNOWN,window_4_density,A_OBSERVABLE_SPATIALLY_DILUTED,True,41,20,41,7
heldout,heldout_dirty_076,contaminated,0.02,2-5%,psf_blurred,0,edge_aware,PASS,spatial_certificate,A_OBSERVABLE_SPATIALLY_DILUTED,True,41,20,41,7
heldout,heldout_dirty_076,contaminated,0.02,2-5%,psf_blurred,0,aggressive,UNKNOWN,tile_density,A_OBSERVABLE_SPATIALLY_DILUTED,True,41,20,41,7
heldout,heldout_dirty_076,contaminated,0.02,2-5%,psf_blurred,0,balanced,UNKNOWN,tile_density,A_OBSERVABLE_SPATIALLY_DILUTED,True,41,20,41,7
heldout,heldout_dirty_076,contaminated,0.02,2-5%,psf_blurred,0,conservative,UNKNOWN,tile_density,A_OBSERVABLE_SPATIALLY_DILUTED,True,41,20,41,7
heldout,heldout_dirty_077,contaminated,0.02,2-5%,psf_blurred,1,global_baseline,PASS,spatial_certificate,A_OBSERVABLE_SPATIALLY_DILUTED,True,47,21,45,7
heldout,heldout_dirty_077,contaminated,0.02,2-5%,psf_blurred,1,tile,UNKNOWN,tile_density,A_OBSERVABLE_SPATIALLY_DILUTED,True,47,21,45,7
heldout,heldout_dirty_077,contaminated,0.02,2-5%,psf_blurred,1,multiscale,UNKNOWN,window_4_density,A_OBSERVABLE_SPATIALLY_DILUTED,True,47,21,45,7
heldout,heldout_dirty_077,contaminated,0.02,2-5%,psf_blurred,1,connected_component,UNKNOWN,component_area,A_OBSERVABLE_SPATIALLY_DILUTED,True,47,21,45,7
heldout,heldout_dirty_077,contaminated,0.02,2-5%,psf_blurred,1,max_local_density,UNKNOWN,window_4_density,A_OBSERVABLE_SPATIALLY_DILUTED,True,47,21,45,7
heldout,heldout_dirty_077,contaminated,0.02,2-5%,psf_blurred,1,edge_aware,PASS,spatial_certificate,A_OBSERVABLE_SPATIALLY_DILUTED,True,47,21,45,7
heldout,heldout_dirty_077,contaminated,0.02,2-5%,psf_blurred,1,aggressive,UNKNOWN,tile_density,A_OBSERVABLE_SPATIALLY_DILUTED,True,47,21,45,7
heldout,heldout_dirty_077,contaminated,0.02,2-5%,psf_blurred,1,balanced,UNKNOWN,tile_density,A_OBSERVABLE_SPATIALLY_DILUTED,True,47,21,45,7
heldout,heldout_dirty_077,contaminated,0.02,2-5%,psf_blurred,1,conservative,UNKNOWN,tile_density,A_OBSERVABLE_SPATIALLY_DILUTED,True,47,21,45,7
heldout,heldout_dirty_078,contaminated,0.02,2-5%,registration_shifted,0,global_baseline,PASS,spatial_certificate,A_OBSERVABLE_SPATIALLY_DILUTED,True,20,19,19,5
heldout,heldout_dirty_078,contaminated,0.02,2-5%,registration_shifted,0,tile,UNKNOWN,tile_density,A_OBSERVABLE_SPATIALLY_DILUTED,True,20,19,19,5
heldout,heldout_dirty_078,contaminated,0.02,2-5%,registration_shifted,0,multiscale,UNKNOWN,window_4_density,A_OBSERVABLE_SPATIALLY_DILUTED,True,20,19,19,5
heldout,heldout_dirty_078,contaminated,0.02,2-5%,registration_shifted,0,connected_component,UNKNOWN,component_area,A_OBSERVABLE_SPATIALLY_DILUTED,True,20,19,19,5
heldout,heldout_dirty_078,contaminated,0.02,2-5%,registration_shifted,0,max_local_density,UNKNOWN,window_4_density,A_OBSERVABLE_SPATIALLY_DILUTED,True,20,19,19,5
heldout,heldout_dirty_078,contaminated,0.02,2-5%,registration_shifted,0,edge_aware,PASS,spatial_certificate,A_OBSERVABLE_SPATIALLY_DILUTED,True,20,19,19,5
heldout,heldout_dirty_078,contaminated,0.02,2-5%,registration_shifted,0,aggressive,UNKNOWN,tile_density,A_OBSERVABLE_SPATIALLY_DILUTED,True,20,19,19,5
heldout,heldout_dirty_078,contaminated,0.02,2-5%,registration_shifted,0,balanced,UNKNOWN,tile_density,A_OBSERVABLE_SPATIALLY_DILUTED,True,20,19,19,5
heldout,heldout_dirty_078,contaminated,0.02,2-5%,registration_shifted,0,conservative,UNKNOWN,window_4_density,A_OBSERVABLE_SPATIALLY_DILUTED,True,20,19,19,5
heldout,heldout_dirty_079,contaminated,0.02,2-5%,registration_shifted,1,global_baseline,PASS,spatial_certificate,A_OBSERVABLE_SPATIALLY_DILUTED,True,21,21,21,5
heldout,heldout_dirty_079,contaminated,0.02,2-5%,registration_shifted,1,tile,UNKNOWN,tile_density,A_OBSERVABLE_SPATIALLY_DILUTED,True,21,21,21,5
heldout,heldout_dirty_079,contaminated,0.02,2-5%,registration_shifted,1,multiscale,UNKNOWN,window_4_density,A_OBSERVABLE_SPATIALLY_DILUTED,True,21,21,21,5
heldout,heldout_dirty_079,contaminated,0.02,2-5%,registration_shifted,1,connected_component,UNKNOWN,component_area,A_OBSERVABLE_SPATIALLY_DILUTED,True,21,21,21,5
heldout,heldout_dirty_079,contaminated,0.02,2-5%,registration_shifted,1,max_local_density,UNKNOWN,window_4_density,A_OBSERVABLE_SPATIALLY_DILUTED,True,21,21,21,5
heldout,heldout_dirty_079,contaminated,0.02,2-5%,registration_shifted,1,edge_aware,PASS,spatial_certificate,A_OBSERVABLE_SPATIALLY_DILUTED,True,21,21,21,5
heldout,heldout_dirty_079,contaminated,0.02,2-5%,registration_shifted,1,aggressive,UNKNOWN,tile_density,A_OBSERVABLE_SPATIALLY_DILUTED,True,21,21,21,5
heldout,heldout_dirty_079,contaminated,0.02,2-5%,registration_shifted,1,balanced,UNKNOWN,tile_density,A_OBSERVABLE_SPATIALLY_DILUTED,True,21,21,21,5
heldout,heldout_dirty_079,contaminated,0.02,2-5%,registration_shifted,1,conservative,UNKNOWN,window_4_density,A_OBSERVABLE_SPATIALLY_DILUTED,True,21,21,21,5
heldout,heldout_dirty_080,contaminated,0.03,2-5%,compact_blob,0,global_baseline,PASS,spatial_certificate,A_OBSERVABLE_SPATIALLY_DILUTED,True,32,30,30,6
heldout,heldout_dirty_080,contaminated,0.03,2-5%,compact_blob,0,tile,UNKNOWN,tile_density,A_OBSERVABLE_SPATIALLY_DILUTED,True,32,30,30,6
heldout,heldout_dirty_080,contaminated,0.03,2-5%,compact_blob,0,multiscale,UNKNOWN,window_4_density,A_OBSERVABLE_SPATIALLY_DILUTED,True,32,30,30,6
heldout,heldout_dirty_080,contaminated,0.03,2-5%,compact_blob,0,connected_component,UNKNOWN,component_area,A_OBSERVABLE_SPATIALLY_DILUTED,True,32,30,30,6
heldout,heldout_dirty_080,contaminated,0.03,2-5%,compact_blob,0,max_local_density,UNKNOWN,window_4_density,A_OBSERVABLE_SPATIALLY_DILUTED,True,32,30,30,6
heldout,heldout_dirty_080,contaminated,0.03,2-5%,compact_blob,0,edge_aware,PASS,spatial_certificate,A_OBSERVABLE_SPATIALLY_DILUTED,True,32,30,30,6
heldout,heldout_dirty_080,contaminated,0.03,2-5%,compact_blob,0,aggressive,UNKNOWN,tile_density,A_OBSERVABLE_SPATIALLY_DILUTED,True,32,30,30,6
heldout,heldout_dirty_080,contaminated,0.03,2-5%,compact_blob,0,balanced,UNKNOWN,tile_density,A_OBSERVABLE_SPATIALLY_DILUTED,True,32,30,30,6
heldout,heldout_dirty_080,contaminated,0.03,2-5%,compact_blob,0,conservative,UNKNOWN,tile_density,A_OBSERVABLE_SPATIALLY_DILUTED,True,32,30,30,6
heldout,heldout_dirty_081,contaminated,0.03,2-5%,compact_blob,1,global_baseline,PASS,spatial_certificate,A_OBSERVABLE_SPATIALLY_DILUTED,True,31,31,31,6
heldout,heldout_dirty_081,contaminated,0.03,2-5%,compact_blob,1,tile,UNKNOWN,tile_density,A_OBSERVABLE_SPATIALLY_DILUTED,True,31,31,31,6
heldout,heldout_dirty_081,contaminated,0.03,2-5%,compact_blob,1,multiscale,UNKNOWN,window_4_density,A_OBSERVABLE_SPATIALLY_DILUTED,True,31,31,31,6
heldout,heldout_dirty_081,contaminated,0.03,2-5%,compact_blob,1,connected_component,UNKNOWN,component_area,A_OBSERVABLE_SPATIALLY_DILUTED,True,31,31,31,6
heldout,heldout_dirty_081,contaminated,0.03,2-5%,compact_blob,1,max_local_density,UNKNOWN,window_4_density,A_OBSERVABLE_SPATIALLY_DILUTED,True,31,31,31,6
heldout,heldout_dirty_081,contaminated,0.03,2-5%,compact_blob,1,edge_aware,PASS,spatial_certificate,A_OBSERVABLE_SPATIALLY_DILUTED,True,31,31,31,6
heldout,heldout_dirty_081,contaminated,0.03,2-5%,compact_blob,1,aggressive,UNKNOWN,tile_density,A_OBSERVABLE_SPATIALLY_DILUTED,True,31,31,31,6
heldout,heldout_dirty_081,contaminated,0.03,2-5%,compact_blob,1,balanced,UNKNOWN,tile_density,A_OBSERVABLE_SPATIALLY_DILUTED,True,31,31,31,6
heldout,heldout_dirty_081,contaminated,0.03,2-5%,compact_blob,1,conservative,UNKNOWN,window_4_density,A_OBSERVABLE_SPATIALLY_DILUTED,True,31,31,31,6
heldout,heldout_dirty_082,contaminated,0.03,2-5%,elongated_streak,0,global_baseline,FLAG,pixel_flag,NOT_FALSE_CLEAN,True,32,31,-1,-1
heldout,heldout_dirty_082,contaminated,0.03,2-5%,elongated_streak,0,tile,FLAG,pixel_flag,NOT_FALSE_CLEAN,True,32,31,-1,-1
heldout,heldout_dirty_082,contaminated,0.03,2-5%,elongated_streak,0,multiscale,FLAG,pixel_flag,NOT_FALSE_CLEAN,True,32,31,-1,-1
heldout,heldout_dirty_082,contaminated,0.03,2-5%,elongated_streak,0,connected_component,FLAG,pixel_flag,NOT_FALSE_CLEAN,True,32,31,-1,-1
heldout,heldout_dirty_082,contaminated,0.03,2-5%,elongated_streak,0,max_local_density,FLAG,pixel_flag,NOT_FALSE_CLEAN,True,32,31,-1,-1
heldout,heldout_dirty_082,contaminated,0.03,2-5%,elongated_streak,0,edge_aware,FLAG,pixel_flag,NOT_FALSE_CLEAN,True,32,31,-1,-1
heldout,heldout_dirty_082,contaminated,0.03,2-5%,elongated_streak,0,aggressive,FLAG,pixel_flag,NOT_FALSE_CLEAN,True,32,31,-1,-1
heldout,heldout_dirty_082,contaminated,0.03,2-5%,elongated_streak,0,balanced,FLAG,pixel_flag,NOT_FALSE_CLEAN,True,32,31,-1,-1
heldout,heldout_dirty_082,contaminated,0.03,2-5%,elongated_streak,0,conservative,FLAG,pixel_flag,NOT_FALSE_CLEAN,True,32,31,-1,-1
heldout,heldout_dirty_083,contaminated,0.03,2-5%,elongated_streak,1,global_baseline,FLAG,pixel_flag,NOT_FALSE_CLEAN,True,32,31,-1,-1
heldout,heldout_dirty_083,contaminated,0.03,2-5%,elongated_streak,1,tile,FLAG,pixel_flag,NOT_FALSE_CLEAN,True,32,31,-1,-1
heldout,heldout_dirty_083,contaminated,0.03,2-5%,elongated_streak,1,multiscale,FLAG,pixel_flag,NOT_FALSE_CLEAN,True,32,31,-1,-1
heldout,heldout_dirty_083,contaminated,0.03,2-5%,elongated_streak,1,connected_component,FLAG,pixel_flag,NOT_FALSE_CLEAN,True,32,31,-1,-1
heldout,heldout_dirty_083,contaminated,0.03,2-5%,elongated_streak,1,max_local_density,FLAG,pixel_flag,NOT_FALSE_CLEAN,True,32,31,-1,-1
heldout,heldout_dirty_083,contaminated,0.03,2-5%,elongated_streak,1,edge_aware,FLAG,pixel_flag,NOT_FALSE_CLEAN,True,32,31,-1,-1
heldout,heldout_dirty_083,contaminated,0.03,2-5%,elongated_streak,1,aggressive,FLAG,pixel_flag,NOT_FALSE_CLEAN,True,32,31,-1,-1
heldout,heldout_dirty_083,contaminated,0.03,2-5%,elongated_streak,1,balanced,FLAG,pixel_flag,NOT_FALSE_CLEAN,True,32,31,-1,-1
heldout,heldout_dirty_083,contaminated,0.03,2-5%,elongated_streak,1,conservative,FLAG,pixel_flag,NOT_FALSE_CLEAN,True,32,31,-1,-1
heldout,heldout_dirty_084,contaminated,0.03,2-5%,edge_blob,0,global_baseline,PASS,spatial_certificate,A_OBSERVABLE_SPATIALLY_DILUTED,True,32,31,31,8
heldout,heldout_dirty_084,contaminated,0.03,2-5%,edge_blob,0,tile,UNKNOWN,tile_density,A_OBSERVABLE_SPATIALLY_DILUTED,True,32,31,31,8
heldout,heldout_dirty_084,contaminated,0.03,2-5%,edge_blob,0,multiscale,UNKNOWN,window_4_density,A_OBSERVABLE_SPATIALLY_DILUTED,True,32,31,31,8
heldout,heldout_dirty_084,contaminated,0.03,2-5%,edge_blob,0,connected_component,UNKNOWN,component_area,A_OBSERVABLE_SPATIALLY_DILUTED,True,32,31,31,8
heldout,heldout_dirty_084,contaminated,0.03,2-5%,edge_blob,0,max_local_density,UNKNOWN,window_4_density,A_OBSERVABLE_SPATIALLY_DILUTED,True,32,31,31,8
heldout,heldout_dirty_084,contaminated,0.03,2-5%,edge_blob,0,edge_aware,PASS,spatial_certificate,A_OBSERVABLE_SPATIALLY_DILUTED,True,32,31,31,8
heldout,heldout_dirty_084,contaminated,0.03,2-5%,edge_blob,0,aggressive,UNKNOWN,tile_density,A_OBSERVABLE_SPATIALLY_DILUTED,True,32,31,31,8
heldout,heldout_dirty_084,contaminated,0.03,2-5%,edge_blob,0,balanced,UNKNOWN,tile_density,A_OBSERVABLE_SPATIALLY_DILUTED,True,32,31,31,8
heldout,heldout_dirty_084,contaminated,0.03,2-5%,edge_blob,0,conservative,UNKNOWN,tile_density,A_OBSERVABLE_SPATIALLY_DILUTED,True,32,31,31,8
heldout,heldout_dirty_085,contaminated,0.03,2-5%,edge_blob,1,global_baseline,FLAG,pixel_flag,NOT_FALSE_CLEAN,True,31,31,-1,-1
heldout,heldout_dirty_085,contaminated,0.03,2-5%,edge_blob,1,tile,FLAG,pixel_flag,NOT_FALSE_CLEAN,True,31,31,-1,-1
heldout,heldout_dirty_085,contaminated,0.03,2-5%,edge_blob,1,multiscale,FLAG,pixel_flag,NOT_FALSE_CLEAN,True,31,31,-1,-1
heldout,heldout_dirty_085,contaminated,0.03,2-5%,edge_blob,1,connected_component,FLAG,pixel_flag,NOT_FALSE_CLEAN,True,31,31,-1,-1
heldout,heldout_dirty_085,contaminated,0.03,2-5%,edge_blob,1,max_local_density,FLAG,pixel_flag,NOT_FALSE_CLEAN,True,31,31,-1,-1
heldout,heldout_dirty_085,contaminated,0.03,2-5%,edge_blob,1,edge_aware,FLAG,pixel_flag,NOT_FALSE_CLEAN,True,31,31,-1,-1
heldout,heldout_dirty_085,contaminated,0.03,2-5%,edge_blob,1,aggressive,FLAG,pixel_flag,NOT_FALSE_CLEAN,True,31,31,-1,-1
heldout,heldout_dirty_085,contaminated,0.03,2-5%,edge_blob,1,balanced,FLAG,pixel_flag,NOT_FALSE_CLEAN,True,31,31,-1,-1
heldout,heldout_dirty_085,contaminated,0.03,2-5%,edge_blob,1,conservative,FLAG,pixel_flag,NOT_FALSE_CLEAN,True,31,31,-1,-1
heldout,heldout_dirty_086,contaminated,0.03,2-5%,corner_blob,0,global_baseline,PASS,spatial_certificate,A_OBSERVABLE_SPATIALLY_DILUTED,True,34,31,31,6
heldout,heldout_dirty_086,contaminated,0.03,2-5%,corner_blob,0,tile,UNKNOWN,tile_density,A_OBSERVABLE_SPATIALLY_DILUTED,True,34,31,31,6
heldout,heldout_dirty_086,contaminated,0.03,2-5%,corner_blob,0,multiscale,UNKNOWN,window_4_density,A_OBSERVABLE_SPATIALLY_DILUTED,True,34,31,31,6
heldout,heldout_dirty_086,contaminated,0.03,2-5%,corner_blob,0,connected_component,UNKNOWN,component_area,A_OBSERVABLE_SPATIALLY_DILUTED,True,34,31,31,6
heldout,heldout_dirty_086,contaminated,0.03,2-5%,corner_blob,0,max_local_density,UNKNOWN,window_4_density,A_OBSERVABLE_SPATIALLY_DILUTED,True,34,31,31,6
heldout,heldout_dirty_086,contaminated,0.03,2-5%,corner_blob,0,edge_aware,PASS,spatial_certificate,A_OBSERVABLE_SPATIALLY_DILUTED,True,34,31,31,6
heldout,heldout_dirty_086,contaminated,0.03,2-5%,corner_blob,0,aggressive,UNKNOWN,tile_density,A_OBSERVABLE_SPATIALLY_DILUTED,True,34,31,31,6
heldout,heldout_dirty_086,contaminated,0.03,2-5%,corner_blob,0,balanced,UNKNOWN,tile_density,A_OBSERVABLE_SPATIALLY_DILUTED,True,34,31,31,6
heldout,heldout_dirty_086,contaminated,0.03,2-5%,corner_blob,0,conservative,UNKNOWN,tile_density,A_OBSERVABLE_SPATIALLY_DILUTED,True,34,31,31,6
heldout,heldout_dirty_087,contaminated,0.03,2-5%,corner_blob,1,global_baseline,PASS,spatial_certificate,A_OBSERVABLE_SPATIALLY_DILUTED,True,31,31,31,6
heldout,heldout_dirty_087,contaminated,0.03,2-5%,corner_blob,1,tile,UNKNOWN,tile_density,A_OBSERVABLE_SPATIALLY_DILUTED,True,31,31,31,6
heldout,heldout_dirty_087,contaminated,0.03,2-5%,corner_blob,1,multiscale,UNKNOWN,window_4_density,A_OBSERVABLE_SPATIALLY_DILUTED,True,31,31,31,6
heldout,heldout_dirty_087,contaminated,0.03,2-5%,corner_blob,1,connected_component,UNKNOWN,component_area,A_OBSERVABLE_SPATIALLY_DILUTED,True,31,31,31,6
heldout,heldout_dirty_087,contaminated,0.03,2-5%,corner_blob,1,max_local_density,UNKNOWN,window_4_density,A_OBSERVABLE_SPATIALLY_DILUTED,True,31,31,31,6
heldout,heldout_dirty_087,contaminated,0.03,2-5%,corner_blob,1,edge_aware,PASS,spatial_certificate,A_OBSERVABLE_SPATIALLY_DILUTED,True,31,31,31,6
heldout,heldout_dirty_087,contaminated,0.03,2-5%,corner_blob,1,aggressive,UNKNOWN,tile_density,A_OBSERVABLE_SPATIALLY_DILUTED,True,31,31,31,6
heldout,heldout_dirty_087,contaminated,0.03,2-5%,corner_blob,1,balanced,UNKNOWN,tile_density,A_OBSERVABLE_SPATIALLY_DILUTED,True,31,31,31,6
heldout,heldout_dirty_087,contaminated,0.03,2-5%,corner_blob,1,conservative,UNKNOWN,tile_density,A_OBSERVABLE_SPATIALLY_DILUTED,True,31,31,31,6
heldout,heldout_dirty_088,contaminated,0.03,2-5%,multiple_droplets,0,global_baseline,FLAG,pixel_flag,NOT_FALSE_CLEAN,True,32,31,-1,-1
heldout,heldout_dirty_088,contaminated,0.03,2-5%,multiple_droplets,0,tile,FLAG,pixel_flag,NOT_FALSE_CLEAN,True,32,31,-1,-1
heldout,heldout_dirty_088,contaminated,0.03,2-5%,multiple_droplets,0,multiscale,FLAG,pixel_flag,NOT_FALSE_CLEAN,True,32,31,-1,-1
heldout,heldout_dirty_088,contaminated,0.03,2-5%,multiple_droplets,0,connected_component,FLAG,pixel_flag,NOT_FALSE_CLEAN,True,32,31,-1,-1
heldout,heldout_dirty_088,contaminated,0.03,2-5%,multiple_droplets,0,max_local_density,FLAG,pixel_flag,NOT_FALSE_CLEAN,True,32,31,-1,-1
heldout,heldout_dirty_088,contaminated,0.03,2-5%,multiple_droplets,0,edge_aware,FLAG,pixel_flag,NOT_FALSE_CLEAN,True,32,31,-1,-1
heldout,heldout_dirty_088,contaminated,0.03,2-5%,multiple_droplets,0,aggressive,FLAG,pixel_flag,NOT_FALSE_CLEAN,True,32,31,-1,-1
heldout,heldout_dirty_088,contaminated,0.03,2-5%,multiple_droplets,0,balanced,FLAG,pixel_flag,NOT_FALSE_CLEAN,True,32,31,-1,-1
heldout,heldout_dirty_088,contaminated,0.03,2-5%,multiple_droplets,0,conservative,FLAG,pixel_flag,NOT_FALSE_CLEAN,True,32,31,-1,-1
heldout,heldout_dirty_089,contaminated,0.03,2-5%,multiple_droplets,1,global_baseline,FLAG,pixel_flag,NOT_FALSE_CLEAN,True,32,31,-1,-1
heldout,heldout_dirty_089,contaminated,0.03,2-5%,multiple_droplets,1,tile,FLAG,pixel_flag,NOT_FALSE_CLEAN,True,32,31,-1,-1
heldout,heldout_dirty_089,contaminated,0.03,2-5%,multiple_droplets,1,multiscale,FLAG,pixel_flag,NOT_FALSE_CLEAN,True,32,31,-1,-1
heldout,heldout_dirty_089,contaminated,0.03,2-5%,multiple_droplets,1,connected_component,FLAG,pixel_flag,NOT_FALSE_CLEAN,True,32,31,-1,-1
heldout,heldout_dirty_089,contaminated,0.03,2-5%,multiple_droplets,1,max_local_density,FLAG,pixel_flag,NOT_FALSE_CLEAN,True,32,31,-1,-1
heldout,heldout_dirty_089,contaminated,0.03,2-5%,multiple_droplets,1,edge_aware,FLAG,pixel_flag,NOT_FALSE_CLEAN,True,32,31,-1,-1
heldout,heldout_dirty_089,contaminated,0.03,2-5%,multiple_droplets,1,aggressive,FLAG,pixel_flag,NOT_FALSE_CLEAN,True,32,31,-1,-1
heldout,heldout_dirty_089,contaminated,0.03,2-5%,multiple_droplets,1,balanced,FLAG,pixel_flag,NOT_FALSE_CLEAN,True,32,31,-1,-1
heldout,heldout_dirty_089,contaminated,0.03,2-5%,multiple_droplets,1,conservative,FLAG,pixel_flag,NOT_FALSE_CLEAN,True,32,31,-1,-1
heldout,heldout_dirty_090,contaminated,0.03,2-5%,dispersed_sparse,0,global_baseline,FLAG,pixel_flag,NOT_FALSE_CLEAN,True,33,31,-1,-1
heldout,heldout_dirty_090,contaminated,0.03,2-5%,dispersed_sparse,0,tile,FLAG,pixel_flag,NOT_FALSE_CLEAN,True,33,31,-1,-1
heldout,heldout_dirty_090,contaminated,0.03,2-5%,dispersed_sparse,0,multiscale,FLAG,pixel_flag,NOT_FALSE_CLEAN,True,33,31,-1,-1
heldout,heldout_dirty_090,contaminated,0.03,2-5%,dispersed_sparse,0,connected_component,FLAG,pixel_flag,NOT_FALSE_CLEAN,True,33,31,-1,-1
heldout,heldout_dirty_090,contaminated,0.03,2-5%,dispersed_sparse,0,max_local_density,FLAG,pixel_flag,NOT_FALSE_CLEAN,True,33,31,-1,-1
heldout,heldout_dirty_090,contaminated,0.03,2-5%,dispersed_sparse,0,edge_aware,FLAG,pixel_flag,NOT_FALSE_CLEAN,True,33,31,-1,-1
heldout,heldout_dirty_090,contaminated,0.03,2-5%,dispersed_sparse,0,aggressive,FLAG,pixel_flag,NOT_FALSE_CLEAN,True,33,31,-1,-1
heldout,heldout_dirty_090,contaminated,0.03,2-5%,dispersed_sparse,0,balanced,FLAG,pixel_flag,NOT_FALSE_CLEAN,True,33,31,-1,-1
heldout,heldout_dirty_090,contaminated,0.03,2-5%,dispersed_sparse,0,conservative,FLAG,pixel_flag,NOT_FALSE_CLEAN,True,33,31,-1,-1
heldout,heldout_dirty_091,contaminated,0.03,2-5%,dispersed_sparse,1,global_baseline,FLAG,pixel_flag,NOT_FALSE_CLEAN,True,32,31,-1,-1
heldout,heldout_dirty_091,contaminated,0.03,2-5%,dispersed_sparse,1,tile,FLAG,pixel_flag,NOT_FALSE_CLEAN,True,32,31,-1,-1
heldout,heldout_dirty_091,contaminated,0.03,2-5%,dispersed_sparse,1,multiscale,FLAG,pixel_flag,NOT_FALSE_CLEAN,True,32,31,-1,-1
heldout,heldout_dirty_091,contaminated,0.03,2-5%,dispersed_sparse,1,connected_component,FLAG,pixel_flag,NOT_FALSE_CLEAN,True,32,31,-1,-1
heldout,heldout_dirty_091,contaminated,0.03,2-5%,dispersed_sparse,1,max_local_density,FLAG,pixel_flag,NOT_FALSE_CLEAN,True,32,31,-1,-1
heldout,heldout_dirty_091,contaminated,0.03,2-5%,dispersed_sparse,1,edge_aware,FLAG,pixel_flag,NOT_FALSE_CLEAN,True,32,31,-1,-1
heldout,heldout_dirty_091,contaminated,0.03,2-5%,dispersed_sparse,1,aggressive,FLAG,pixel_flag,NOT_FALSE_CLEAN,True,32,31,-1,-1
heldout,heldout_dirty_091,contaminated,0.03,2-5%,dispersed_sparse,1,balanced,FLAG,pixel_flag,NOT_FALSE_CLEAN,True,32,31,-1,-1
heldout,heldout_dirty_091,contaminated,0.03,2-5%,dispersed_sparse,1,conservative,FLAG,pixel_flag,NOT_FALSE_CLEAN,True,32,31,-1,-1
heldout,heldout_dirty_092,contaminated,0.03,2-5%,psf_blurred,0,global_baseline,UNKNOWN,global_pass_fraction,NOT_FALSE_CLEAN,True,53,32,52,8
heldout,heldout_dirty_092,contaminated,0.03,2-5%,psf_blurred,0,tile,UNKNOWN,global_pass_fraction,NOT_FALSE_CLEAN,True,53,32,52,8
heldout,heldout_dirty_092,contaminated,0.03,2-5%,psf_blurred,0,multiscale,UNKNOWN,global_pass_fraction,NOT_FALSE_CLEAN,True,53,32,52,8
heldout,heldout_dirty_092,contaminated,0.03,2-5%,psf_blurred,0,connected_component,UNKNOWN,global_pass_fraction,NOT_FALSE_CLEAN,True,53,32,52,8
heldout,heldout_dirty_092,contaminated,0.03,2-5%,psf_blurred,0,max_local_density,UNKNOWN,global_pass_fraction,NOT_FALSE_CLEAN,True,53,32,52,8
heldout,heldout_dirty_092,contaminated,0.03,2-5%,psf_blurred,0,edge_aware,UNKNOWN,global_pass_fraction,NOT_FALSE_CLEAN,True,53,32,52,8
heldout,heldout_dirty_092,contaminated,0.03,2-5%,psf_blurred,0,aggressive,UNKNOWN,global_pass_fraction,NOT_FALSE_CLEAN,True,53,32,52,8
heldout,heldout_dirty_092,contaminated,0.03,2-5%,psf_blurred,0,balanced,UNKNOWN,global_pass_fraction,NOT_FALSE_CLEAN,True,53,32,52,8
heldout,heldout_dirty_092,contaminated,0.03,2-5%,psf_blurred,0,conservative,UNKNOWN,global_pass_fraction,NOT_FALSE_CLEAN,True,53,32,52,8
heldout,heldout_dirty_093,contaminated,0.03,2-5%,psf_blurred,1,global_baseline,UNKNOWN,global_pass_fraction,NOT_FALSE_CLEAN,True,99,29,99,12
heldout,heldout_dirty_093,contaminated,0.03,2-5%,psf_blurred,1,tile,UNKNOWN,global_pass_fraction,NOT_FALSE_CLEAN,True,99,29,99,12
heldout,heldout_dirty_093,contaminated,0.03,2-5%,psf_blurred,1,multiscale,UNKNOWN,global_pass_fraction,NOT_FALSE_CLEAN,True,99,29,99,12
heldout,heldout_dirty_093,contaminated,0.03,2-5%,psf_blurred,1,connected_component,UNKNOWN,global_pass_fraction,NOT_FALSE_CLEAN,True,99,29,99,12
heldout,heldout_dirty_093,contaminated,0.03,2-5%,psf_blurred,1,max_local_density,UNKNOWN,global_pass_fraction,NOT_FALSE_CLEAN,True,99,29,99,12
heldout,heldout_dirty_093,contaminated,0.03,2-5%,psf_blurred,1,edge_aware,UNKNOWN,global_pass_fraction,NOT_FALSE_CLEAN,True,99,29,99,12
heldout,heldout_dirty_093,contaminated,0.03,2-5%,psf_blurred,1,aggressive,UNKNOWN,global_pass_fraction,NOT_FALSE_CLEAN,True,99,29,99,12
heldout,heldout_dirty_093,contaminated,0.03,2-5%,psf_blurred,1,balanced,UNKNOWN,global_pass_fraction,NOT_FALSE_CLEAN,True,99,29,99,12
heldout,heldout_dirty_093,contaminated,0.03,2-5%,psf_blurred,1,conservative,UNKNOWN,global_pass_fraction,NOT_FALSE_CLEAN,True,99,29,99,12
heldout,heldout_dirty_094,contaminated,0.03,2-5%,registration_shifted,0,global_baseline,PASS,spatial_certificate,A_OBSERVABLE_SPATIALLY_DILUTED,True,31,30,30,7
heldout,heldout_dirty_094,contaminated,0.03,2-5%,registration_shifted,0,tile,UNKNOWN,tile_density,A_OBSERVABLE_SPATIALLY_DILUTED,True,31,30,30,7
heldout,heldout_dirty_094,contaminated,0.03,2-5%,registration_shifted,0,multiscale,UNKNOWN,window_4_density,A_OBSERVABLE_SPATIALLY_DILUTED,True,31,30,30,7
heldout,heldout_dirty_094,contaminated,0.03,2-5%,registration_shifted,0,connected_component,UNKNOWN,component_area,A_OBSERVABLE_SPATIALLY_DILUTED,True,31,30,30,7
heldout,heldout_dirty_094,contaminated,0.03,2-5%,registration_shifted,0,max_local_density,UNKNOWN,window_4_density,A_OBSERVABLE_SPATIALLY_DILUTED,True,31,30,30,7
heldout,heldout_dirty_094,contaminated,0.03,2-5%,registration_shifted,0,edge_aware,PASS,spatial_certificate,A_OBSERVABLE_SPATIALLY_DILUTED,True,31,30,30,7
heldout,heldout_dirty_094,contaminated,0.03,2-5%,registration_shifted,0,aggressive,UNKNOWN,tile_density,A_OBSERVABLE_SPATIALLY_DILUTED,True,31,30,30,7
heldout,heldout_dirty_094,contaminated,0.03,2-5%,registration_shifted,0,balanced,UNKNOWN,tile_density,A_OBSERVABLE_SPATIALLY_DILUTED,True,31,30,30,7
heldout,heldout_dirty_094,contaminated,0.03,2-5%,registration_shifted,0,conservative,UNKNOWN,tile_density,A_OBSERVABLE_SPATIALLY_DILUTED,True,31,30,30,7
heldout,heldout_dirty_095,contaminated,0.03,2-5%,registration_shifted,1,global_baseline,FLAG,pixel_flag,NOT_FALSE_CLEAN,True,32,32,-1,-1
heldout,heldout_dirty_095,contaminated,0.03,2-5%,registration_shifted,1,tile,FLAG,pixel_flag,NOT_FALSE_CLEAN,True,32,32,-1,-1
heldout,heldout_dirty_095,contaminated,0.03,2-5%,registration_shifted,1,multiscale,FLAG,pixel_flag,NOT_FALSE_CLEAN,True,32,32,-1,-1
heldout,heldout_dirty_095,contaminated,0.03,2-5%,registration_shifted,1,connected_component,FLAG,pixel_flag,NOT_FALSE_CLEAN,True,32,32,-1,-1
heldout,heldout_dirty_095,contaminated,0.03,2-5%,registration_shifted,1,max_local_density,FLAG,pixel_flag,NOT_FALSE_CLEAN,True,32,32,-1,-1
heldout,heldout_dirty_095,contaminated,0.03,2-5%,registration_shifted,1,edge_aware,FLAG,pixel_flag,NOT_FALSE_CLEAN,True,32,32,-1,-1
heldout,heldout_dirty_095,contaminated,0.03,2-5%,registration_shifted,1,aggressive,FLAG,pixel_flag,NOT_FALSE_CLEAN,True,32,32,-1,-1
heldout,heldout_dirty_095,contaminated,0.03,2-5%,registration_shifted,1,balanced,FLAG,pixel_flag,NOT_FALSE_CLEAN,True,32,32,-1,-1
heldout,heldout_dirty_095,contaminated,0.03,2-5%,registration_shifted,1,conservative,FLAG,pixel_flag,NOT_FALSE_CLEAN,True,32,32,-1,-1
heldout,heldout_dirty_096,contaminated,0.04,2-5%,compact_blob,0,global_baseline,PASS,spatial_certificate,A_OBSERVABLE_SPATIALLY_DILUTED,True,42,41,41,7
heldout,heldout_dirty_096,contaminated,0.04,2-5%,compact_blob,0,tile,UNKNOWN,tile_density,A_OBSERVABLE_SPATIALLY_DILUTED,True,42,41,41,7
heldout,heldout_dirty_096,contaminated,0.04,2-5%,compact_blob,0,multiscale,UNKNOWN,window_4_density,A_OBSERVABLE_SPATIALLY_DILUTED,True,42,41,41,7
heldout,heldout_dirty_096,contaminated,0.04,2-5%,compact_blob,0,connected_component,UNKNOWN,component_area,A_OBSERVABLE_SPATIALLY_DILUTED,True,42,41,41,7
heldout,heldout_dirty_096,contaminated,0.04,2-5%,compact_blob,0,max_local_density,UNKNOWN,window_4_density,A_OBSERVABLE_SPATIALLY_DILUTED,True,42,41,41,7
heldout,heldout_dirty_096,contaminated,0.04,2-5%,compact_blob,0,edge_aware,PASS,spatial_certificate,A_OBSERVABLE_SPATIALLY_DILUTED,True,42,41,41,7
heldout,heldout_dirty_096,contaminated,0.04,2-5%,compact_blob,0,aggressive,UNKNOWN,tile_density,A_OBSERVABLE_SPATIALLY_DILUTED,True,42,41,41,7
heldout,heldout_dirty_096,contaminated,0.04,2-5%,compact_blob,0,balanced,UNKNOWN,tile_density,A_OBSERVABLE_SPATIALLY_DILUTED,True,42,41,41,7
heldout,heldout_dirty_096,contaminated,0.04,2-5%,compact_blob,0,conservative,UNKNOWN,tile_density,A_OBSERVABLE_SPATIALLY_DILUTED,True,42,41,41,7
heldout,heldout_dirty_097,contaminated,0.04,2-5%,compact_blob,1,global_baseline,FLAG,pixel_flag,NOT_FALSE_CLEAN,True,42,41,-1,-1
heldout,heldout_dirty_097,contaminated,0.04,2-5%,compact_blob,1,tile,FLAG,pixel_flag,NOT_FALSE_CLEAN,True,42,41,-1,-1
heldout,heldout_dirty_097,contaminated,0.04,2-5%,compact_blob,1,multiscale,FLAG,pixel_flag,NOT_FALSE_CLEAN,True,42,41,-1,-1
heldout,heldout_dirty_097,contaminated,0.04,2-5%,compact_blob,1,connected_component,FLAG,pixel_flag,NOT_FALSE_CLEAN,True,42,41,-1,-1
heldout,heldout_dirty_097,contaminated,0.04,2-5%,compact_blob,1,max_local_density,FLAG,pixel_flag,NOT_FALSE_CLEAN,True,42,41,-1,-1
heldout,heldout_dirty_097,contaminated,0.04,2-5%,compact_blob,1,edge_aware,FLAG,pixel_flag,NOT_FALSE_CLEAN,True,42,41,-1,-1
heldout,heldout_dirty_097,contaminated,0.04,2-5%,compact_blob,1,aggressive,FLAG,pixel_flag,NOT_FALSE_CLEAN,True,42,41,-1,-1
heldout,heldout_dirty_097,contaminated,0.04,2-5%,compact_blob,1,balanced,FLAG,pixel_flag,NOT_FALSE_CLEAN,True,42,41,-1,-1
heldout,heldout_dirty_097,contaminated,0.04,2-5%,compact_blob,1,conservative,FLAG,pixel_flag,NOT_FALSE_CLEAN,True,42,41,-1,-1
heldout,heldout_dirty_098,contaminated,0.04,2-5%,elongated_streak,0,global_baseline,PASS,spatial_certificate,A_OBSERVABLE_SPATIALLY_DILUTED,True,41,41,41,31
heldout,heldout_dirty_098,contaminated,0.04,2-5%,elongated_streak,0,tile,UNKNOWN,tile_density,A_OBSERVABLE_SPATIALLY_DILUTED,True,41,41,41,31
heldout,heldout_dirty_098,contaminated,0.04,2-5%,elongated_streak,0,multiscale,UNKNOWN,window_4_density,A_OBSERVABLE_SPATIALLY_DILUTED,True,41,41,41,31
heldout,heldout_dirty_098,contaminated,0.04,2-5%,elongated_streak,0,connected_component,UNKNOWN,component_area,A_OBSERVABLE_SPATIALLY_DILUTED,True,41,41,41,31
heldout,heldout_dirty_098,contaminated,0.04,2-5%,elongated_streak,0,max_local_density,UNKNOWN,window_4_density,A_OBSERVABLE_SPATIALLY_DILUTED,True,41,41,41,31
heldout,heldout_dirty_098,contaminated,0.04,2-5%,elongated_streak,0,edge_aware,PASS,spatial_certificate,A_OBSERVABLE_SPATIALLY_DILUTED,True,41,41,41,31
heldout,heldout_dirty_098,contaminated,0.04,2-5%,elongated_streak,0,aggressive,UNKNOWN,tile_density,A_OBSERVABLE_SPATIALLY_DILUTED,True,41,41,41,31
heldout,heldout_dirty_098,contaminated,0.04,2-5%,elongated_streak,0,balanced,UNKNOWN,window_16_density,A_OBSERVABLE_SPATIALLY_DILUTED,True,41,41,41,31
heldout,heldout_dirty_098,contaminated,0.04,2-5%,elongated_streak,0,conservative,UNKNOWN,component_area,A_OBSERVABLE_SPATIALLY_DILUTED,True,41,41,41,31
heldout,heldout_dirty_099,contaminated,0.04,2-5%,elongated_streak,1,global_baseline,PASS,spatial_certificate,A_OBSERVABLE_SPATIALLY_DILUTED,True,42,41,41,32
heldout,heldout_dirty_099,contaminated,0.04,2-5%,elongated_streak,1,tile,UNKNOWN,tile_density,A_OBSERVABLE_SPATIALLY_DILUTED,True,42,41,41,32
heldout,heldout_dirty_099,contaminated,0.04,2-5%,elongated_streak,1,multiscale,UNKNOWN,window_4_density,A_OBSERVABLE_SPATIALLY_DILUTED,True,42,41,41,32
heldout,heldout_dirty_099,contaminated,0.04,2-5%,elongated_streak,1,connected_component,UNKNOWN,component_area,A_OBSERVABLE_SPATIALLY_DILUTED,True,42,41,41,32
heldout,heldout_dirty_099,contaminated,0.04,2-5%,elongated_streak,1,max_local_density,UNKNOWN,window_4_density,A_OBSERVABLE_SPATIALLY_DILUTED,True,42,41,41,32
heldout,heldout_dirty_099,contaminated,0.04,2-5%,elongated_streak,1,edge_aware,PASS,spatial_certificate,A_OBSERVABLE_SPATIALLY_DILUTED,True,42,41,41,32
heldout,heldout_dirty_099,contaminated,0.04,2-5%,elongated_streak,1,aggressive,UNKNOWN,tile_density,A_OBSERVABLE_SPATIALLY_DILUTED,True,42,41,41,32
heldout,heldout_dirty_099,contaminated,0.04,2-5%,elongated_streak,1,balanced,UNKNOWN,window_8_density,A_OBSERVABLE_SPATIALLY_DILUTED,True,42,41,41,32
heldout,heldout_dirty_099,contaminated,0.04,2-5%,elongated_streak,1,conservative,UNKNOWN,component_area,A_OBSERVABLE_SPATIALLY_DILUTED,True,42,41,41,32
heldout,heldout_dirty_100,contaminated,0.04,2-5%,edge_blob,0,global_baseline,FLAG,pixel_flag,NOT_FALSE_CLEAN,True,41,41,-1,-1
heldout,heldout_dirty_100,contaminated,0.04,2-5%,edge_blob,0,tile,FLAG,pixel_flag,NOT_FALSE_CLEAN,True,41,41,-1,-1
heldout,heldout_dirty_100,contaminated,0.04,2-5%,edge_blob,0,multiscale,FLAG,pixel_flag,NOT_FALSE_CLEAN,True,41,41,-1,-1
heldout,heldout_dirty_100,contaminated,0.04,2-5%,edge_blob,0,connected_component,FLAG,pixel_flag,NOT_FALSE_CLEAN,True,41,41,-1,-1
heldout,heldout_dirty_100,contaminated,0.04,2-5%,edge_blob,0,max_local_density,FLAG,pixel_flag,NOT_FALSE_CLEAN,True,41,41,-1,-1
heldout,heldout_dirty_100,contaminated,0.04,2-5%,edge_blob,0,edge_aware,FLAG,pixel_flag,NOT_FALSE_CLEAN,True,41,41,-1,-1
heldout,heldout_dirty_100,contaminated,0.04,2-5%,edge_blob,0,aggressive,FLAG,pixel_flag,NOT_FALSE_CLEAN,True,41,41,-1,-1
heldout,heldout_dirty_100,contaminated,0.04,2-5%,edge_blob,0,balanced,FLAG,pixel_flag,NOT_FALSE_CLEAN,True,41,41,-1,-1
heldout,heldout_dirty_100,contaminated,0.04,2-5%,edge_blob,0,conservative,FLAG,pixel_flag,NOT_FALSE_CLEAN,True,41,41,-1,-1
heldout,heldout_dirty_101,contaminated,0.04,2-5%,edge_blob,1,global_baseline,FLAG,pixel_flag,NOT_FALSE_CLEAN,True,44,41,-1,-1
heldout,heldout_dirty_101,contaminated,0.04,2-5%,edge_blob,1,tile,FLAG,pixel_flag,NOT_FALSE_CLEAN,True,44,41,-1,-1
heldout,heldout_dirty_101,contaminated,0.04,2-5%,edge_blob,1,multiscale,FLAG,pixel_flag,NOT_FALSE_CLEAN,True,44,41,-1,-1
heldout,heldout_dirty_101,contaminated,0.04,2-5%,edge_blob,1,connected_component,FLAG,pixel_flag,NOT_FALSE_CLEAN,True,44,41,-1,-1
heldout,heldout_dirty_101,contaminated,0.04,2-5%,edge_blob,1,max_local_density,FLAG,pixel_flag,NOT_FALSE_CLEAN,True,44,41,-1,-1
heldout,heldout_dirty_101,contaminated,0.04,2-5%,edge_blob,1,edge_aware,FLAG,pixel_flag,NOT_FALSE_CLEAN,True,44,41,-1,-1
heldout,heldout_dirty_101,contaminated,0.04,2-5%,edge_blob,1,aggressive,FLAG,pixel_flag,NOT_FALSE_CLEAN,True,44,41,-1,-1
heldout,heldout_dirty_101,contaminated,0.04,2-5%,edge_blob,1,balanced,FLAG,pixel_flag,NOT_FALSE_CLEAN,True,44,41,-1,-1
heldout,heldout_dirty_101,contaminated,0.04,2-5%,edge_blob,1,conservative,FLAG,pixel_flag,NOT_FALSE_CLEAN,True,44,41,-1,-1
heldout,heldout_dirty_102,contaminated,0.04,2-5%,corner_blob,0,global_baseline,PASS,spatial_certificate,A_OBSERVABLE_SPATIALLY_DILUTED,True,43,41,41,7
heldout,heldout_dirty_102,contaminated,0.04,2-5%,corner_blob,0,tile,UNKNOWN,tile_density,A_OBSERVABLE_SPATIALLY_DILUTED,True,43,41,41,7
heldout,heldout_dirty_102,contaminated,0.04,2-5%,corner_blob,0,multiscale,UNKNOWN,window_4_density,A_OBSERVABLE_SPATIALLY_DILUTED,True,43,41,41,7
heldout,heldout_dirty_102,contaminated,0.04,2-5%,corner_blob,0,connected_component,UNKNOWN,component_area,A_OBSERVABLE_SPATIALLY_DILUTED,True,43,41,41,7
heldout,heldout_dirty_102,contaminated,0.04,2-5%,corner_blob,0,max_local_density,UNKNOWN,window_4_density,A_OBSERVABLE_SPATIALLY_DILUTED,True,43,41,41,7
heldout,heldout_dirty_102,contaminated,0.04,2-5%,corner_blob,0,edge_aware,UNKNOWN,edge_density,A_OBSERVABLE_SPATIALLY_DILUTED,True,43,41,41,7
heldout,heldout_dirty_102,contaminated,0.04,2-5%,corner_blob,0,aggressive,UNKNOWN,tile_density,A_OBSERVABLE_SPATIALLY_DILUTED,True,43,41,41,7
heldout,heldout_dirty_102,contaminated,0.04,2-5%,corner_blob,0,balanced,UNKNOWN,tile_density,A_OBSERVABLE_SPATIALLY_DILUTED,True,43,41,41,7
heldout,heldout_dirty_102,contaminated,0.04,2-5%,corner_blob,0,conservative,UNKNOWN,tile_density,A_OBSERVABLE_SPATIALLY_DILUTED,True,43,41,41,7
heldout,heldout_dirty_103,contaminated,0.04,2-5%,corner_blob,1,global_baseline,PASS,spatial_certificate,A_OBSERVABLE_SPATIALLY_DILUTED,True,41,41,41,7
heldout,heldout_dirty_103,contaminated,0.04,2-5%,corner_blob,1,tile,UNKNOWN,tile_density,A_OBSERVABLE_SPATIALLY_DILUTED,True,41,41,41,7
heldout,heldout_dirty_103,contaminated,0.04,2-5%,corner_blob,1,multiscale,UNKNOWN,window_4_density,A_OBSERVABLE_SPATIALLY_DILUTED,True,41,41,41,7
heldout,heldout_dirty_103,contaminated,0.04,2-5%,corner_blob,1,connected_component,UNKNOWN,component_area,A_OBSERVABLE_SPATIALLY_DILUTED,True,41,41,41,7
heldout,heldout_dirty_103,contaminated,0.04,2-5%,corner_blob,1,max_local_density,UNKNOWN,window_4_density,A_OBSERVABLE_SPATIALLY_DILUTED,True,41,41,41,7
heldout,heldout_dirty_103,contaminated,0.04,2-5%,corner_blob,1,edge_aware,UNKNOWN,edge_density,A_OBSERVABLE_SPATIALLY_DILUTED,True,41,41,41,7
heldout,heldout_dirty_103,contaminated,0.04,2-5%,corner_blob,1,aggressive,UNKNOWN,tile_density,A_OBSERVABLE_SPATIALLY_DILUTED,True,41,41,41,7
heldout,heldout_dirty_103,contaminated,0.04,2-5%,corner_blob,1,balanced,UNKNOWN,tile_density,A_OBSERVABLE_SPATIALLY_DILUTED,True,41,41,41,7
heldout,heldout_dirty_103,contaminated,0.04,2-5%,corner_blob,1,conservative,UNKNOWN,tile_density,A_OBSERVABLE_SPATIALLY_DILUTED,True,41,41,41,7
heldout,heldout_dirty_104,contaminated,0.04,2-5%,multiple_droplets,0,global_baseline,FLAG,pixel_flag,NOT_FALSE_CLEAN,True,41,41,-1,-1
heldout,heldout_dirty_104,contaminated,0.04,2-5%,multiple_droplets,0,tile,FLAG,pixel_flag,NOT_FALSE_CLEAN,True,41,41,-1,-1
heldout,heldout_dirty_104,contaminated,0.04,2-5%,multiple_droplets,0,multiscale,FLAG,pixel_flag,NOT_FALSE_CLEAN,True,41,41,-1,-1
heldout,heldout_dirty_104,contaminated,0.04,2-5%,multiple_droplets,0,connected_component,FLAG,pixel_flag,NOT_FALSE_CLEAN,True,41,41,-1,-1
heldout,heldout_dirty_104,contaminated,0.04,2-5%,multiple_droplets,0,max_local_density,FLAG,pixel_flag,NOT_FALSE_CLEAN,True,41,41,-1,-1
heldout,heldout_dirty_104,contaminated,0.04,2-5%,multiple_droplets,0,edge_aware,FLAG,pixel_flag,NOT_FALSE_CLEAN,True,41,41,-1,-1
heldout,heldout_dirty_104,contaminated,0.04,2-5%,multiple_droplets,0,aggressive,FLAG,pixel_flag,NOT_FALSE_CLEAN,True,41,41,-1,-1
heldout,heldout_dirty_104,contaminated,0.04,2-5%,multiple_droplets,0,balanced,FLAG,pixel_flag,NOT_FALSE_CLEAN,True,41,41,-1,-1
heldout,heldout_dirty_104,contaminated,0.04,2-5%,multiple_droplets,0,conservative,FLAG,pixel_flag,NOT_FALSE_CLEAN,True,41,41,-1,-1
heldout,heldout_dirty_105,contaminated,0.04,2-5%,multiple_droplets,1,global_baseline,PASS,spatial_certificate,A_OBSERVABLE_SPATIALLY_DILUTED,True,44,41,12,4
heldout,heldout_dirty_105,contaminated,0.04,2-5%,multiple_droplets,1,tile,UNKNOWN,tile_density,A_OBSERVABLE_SPATIALLY_DILUTED,True,44,41,12,4
heldout,heldout_dirty_105,contaminated,0.04,2-5%,multiple_droplets,1,multiscale,UNKNOWN,window_4_density,A_OBSERVABLE_SPATIALLY_DILUTED,True,44,41,12,4
heldout,heldout_dirty_105,contaminated,0.04,2-5%,multiple_droplets,1,connected_component,UNKNOWN,component_area,A_OBSERVABLE_SPATIALLY_DILUTED,True,44,41,12,4
heldout,heldout_dirty_105,contaminated,0.04,2-5%,multiple_droplets,1,max_local_density,UNKNOWN,window_4_density,A_OBSERVABLE_SPATIALLY_DILUTED,True,44,41,12,4
heldout,heldout_dirty_105,contaminated,0.04,2-5%,multiple_droplets,1,edge_aware,PASS,spatial_certificate,A_OBSERVABLE_SPATIALLY_DILUTED,True,44,41,12,4
heldout,heldout_dirty_105,contaminated,0.04,2-5%,multiple_droplets,1,aggressive,UNKNOWN,tile_density,A_OBSERVABLE_SPATIALLY_DILUTED,True,44,41,12,4
heldout,heldout_dirty_105,contaminated,0.04,2-5%,multiple_droplets,1,balanced,UNKNOWN,tile_density,A_OBSERVABLE_SPATIALLY_DILUTED,True,44,41,12,4
heldout,heldout_dirty_105,contaminated,0.04,2-5%,multiple_droplets,1,conservative,PASS,spatial_certificate,A_OBSERVABLE_SPATIALLY_DILUTED,True,44,41,12,4
heldout,heldout_dirty_106,contaminated,0.04,2-5%,dispersed_sparse,0,global_baseline,FLAG,pixel_flag,NOT_FALSE_CLEAN,True,42,41,-1,-1
heldout,heldout_dirty_106,contaminated,0.04,2-5%,dispersed_sparse,0,tile,FLAG,pixel_flag,NOT_FALSE_CLEAN,True,42,41,-1,-1
heldout,heldout_dirty_106,contaminated,0.04,2-5%,dispersed_sparse,0,multiscale,FLAG,pixel_flag,NOT_FALSE_CLEAN,True,42,41,-1,-1
heldout,heldout_dirty_106,contaminated,0.04,2-5%,dispersed_sparse,0,connected_component,FLAG,pixel_flag,NOT_FALSE_CLEAN,True,42,41,-1,-1
heldout,heldout_dirty_106,contaminated,0.04,2-5%,dispersed_sparse,0,max_local_density,FLAG,pixel_flag,NOT_FALSE_CLEAN,True,42,41,-1,-1
heldout,heldout_dirty_106,contaminated,0.04,2-5%,dispersed_sparse,0,edge_aware,FLAG,pixel_flag,NOT_FALSE_CLEAN,True,42,41,-1,-1
heldout,heldout_dirty_106,contaminated,0.04,2-5%,dispersed_sparse,0,aggressive,FLAG,pixel_flag,NOT_FALSE_CLEAN,True,42,41,-1,-1
heldout,heldout_dirty_106,contaminated,0.04,2-5%,dispersed_sparse,0,balanced,FLAG,pixel_flag,NOT_FALSE_CLEAN,True,42,41,-1,-1
heldout,heldout_dirty_106,contaminated,0.04,2-5%,dispersed_sparse,0,conservative,FLAG,pixel_flag,NOT_FALSE_CLEAN,True,42,41,-1,-1
heldout,heldout_dirty_107,contaminated,0.04,2-5%,dispersed_sparse,1,global_baseline,PASS,spatial_certificate,A_OBSERVABLE_SPATIALLY_DILUTED,True,42,41,2,2
heldout,heldout_dirty_107,contaminated,0.04,2-5%,dispersed_sparse,1,tile,PASS,spatial_certificate,A_OBSERVABLE_SPATIALLY_DILUTED,True,42,41,2,2
heldout,heldout_dirty_107,contaminated,0.04,2-5%,dispersed_sparse,1,multiscale,UNKNOWN,window_16_density,A_OBSERVABLE_SPATIALLY_DILUTED,True,42,41,2,2
heldout,heldout_dirty_107,contaminated,0.04,2-5%,dispersed_sparse,1,connected_component,PASS,spatial_certificate,A_OBSERVABLE_SPATIALLY_DILUTED,True,42,41,2,2
heldout,heldout_dirty_107,contaminated,0.04,2-5%,dispersed_sparse,1,max_local_density,UNKNOWN,window_4_density,A_OBSERVABLE_SPATIALLY_DILUTED,True,42,41,2,2
heldout,heldout_dirty_107,contaminated,0.04,2-5%,dispersed_sparse,1,edge_aware,PASS,spatial_certificate,A_OBSERVABLE_SPATIALLY_DILUTED,True,42,41,2,2
heldout,heldout_dirty_107,contaminated,0.04,2-5%,dispersed_sparse,1,aggressive,UNKNOWN,window_4_density,A_OBSERVABLE_SPATIALLY_DILUTED,True,42,41,2,2
heldout,heldout_dirty_107,contaminated,0.04,2-5%,dispersed_sparse,1,balanced,PASS,spatial_certificate,A_OBSERVABLE_SPATIALLY_DILUTED,True,42,41,2,2
heldout,heldout_dirty_107,contaminated,0.04,2-5%,dispersed_sparse,1,conservative,PASS,spatial_certificate,A_OBSERVABLE_SPATIALLY_DILUTED,True,42,41,2,2
heldout,heldout_dirty_108,contaminated,0.04,2-5%,psf_blurred,0,global_baseline,UNKNOWN,global_pass_fraction,NOT_FALSE_CLEAN,True,88,39,88,11
heldout,heldout_dirty_108,contaminated,0.04,2-5%,psf_blurred,0,tile,UNKNOWN,global_pass_fraction,NOT_FALSE_CLEAN,True,88,39,88,11
heldout,heldout_dirty_108,contaminated,0.04,2-5%,psf_blurred,0,multiscale,UNKNOWN,global_pass_fraction,NOT_FALSE_CLEAN,True,88,39,88,11
heldout,heldout_dirty_108,contaminated,0.04,2-5%,psf_blurred,0,connected_component,UNKNOWN,global_pass_fraction,NOT_FALSE_CLEAN,True,88,39,88,11
heldout,heldout_dirty_108,contaminated,0.04,2-5%,psf_blurred,0,max_local_density,UNKNOWN,global_pass_fraction,NOT_FALSE_CLEAN,True,88,39,88,11
heldout,heldout_dirty_108,contaminated,0.04,2-5%,psf_blurred,0,edge_aware,UNKNOWN,global_pass_fraction,NOT_FALSE_CLEAN,True,88,39,88,11
heldout,heldout_dirty_108,contaminated,0.04,2-5%,psf_blurred,0,aggressive,UNKNOWN,global_pass_fraction,NOT_FALSE_CLEAN,True,88,39,88,11
heldout,heldout_dirty_108,contaminated,0.04,2-5%,psf_blurred,0,balanced,UNKNOWN,global_pass_fraction,NOT_FALSE_CLEAN,True,88,39,88,11
heldout,heldout_dirty_108,contaminated,0.04,2-5%,psf_blurred,0,conservative,UNKNOWN,global_pass_fraction,NOT_FALSE_CLEAN,True,88,39,88,11
heldout,heldout_dirty_109,contaminated,0.04,2-5%,psf_blurred,1,global_baseline,UNKNOWN,global_pass_fraction,NOT_FALSE_CLEAN,True,87,39,87,11
heldout,heldout_dirty_109,contaminated,0.04,2-5%,psf_blurred,1,tile,UNKNOWN,global_pass_fraction,NOT_FALSE_CLEAN,True,87,39,87,11
heldout,heldout_dirty_109,contaminated,0.04,2-5%,psf_blurred,1,multiscale,UNKNOWN,global_pass_fraction,NOT_FALSE_CLEAN,True,87,39,87,11
heldout,heldout_dirty_109,contaminated,0.04,2-5%,psf_blurred,1,connected_component,UNKNOWN,global_pass_fraction,NOT_FALSE_CLEAN,True,87,39,87,11
heldout,heldout_dirty_109,contaminated,0.04,2-5%,psf_blurred,1,max_local_density,UNKNOWN,global_pass_fraction,NOT_FALSE_CLEAN,True,87,39,87,11
heldout,heldout_dirty_109,contaminated,0.04,2-5%,psf_blurred,1,edge_aware,UNKNOWN,global_pass_fraction,NOT_FALSE_CLEAN,True,87,39,87,11
heldout,heldout_dirty_109,contaminated,0.04,2-5%,psf_blurred,1,aggressive,UNKNOWN,global_pass_fraction,NOT_FALSE_CLEAN,True,87,39,87,11
heldout,heldout_dirty_109,contaminated,0.04,2-5%,psf_blurred,1,balanced,UNKNOWN,global_pass_fraction,NOT_FALSE_CLEAN,True,87,39,87,11
heldout,heldout_dirty_109,contaminated,0.04,2-5%,psf_blurred,1,conservative,UNKNOWN,global_pass_fraction,NOT_FALSE_CLEAN,True,87,39,87,11
heldout,heldout_dirty_110,contaminated,0.04,2-5%,registration_shifted,0,global_baseline,PASS,spatial_certificate,A_OBSERVABLE_SPATIALLY_DILUTED,True,43,42,42,8
heldout,heldout_dirty_110,contaminated,0.04,2-5%,registration_shifted,0,tile,UNKNOWN,tile_density,A_OBSERVABLE_SPATIALLY_DILUTED,True,43,42,42,8
heldout,heldout_dirty_110,contaminated,0.04,2-5%,registration_shifted,0,multiscale,UNKNOWN,window_4_density,A_OBSERVABLE_SPATIALLY_DILUTED,True,43,42,42,8
heldout,heldout_dirty_110,contaminated,0.04,2-5%,registration_shifted,0,connected_component,UNKNOWN,component_area,A_OBSERVABLE_SPATIALLY_DILUTED,True,43,42,42,8
heldout,heldout_dirty_110,contaminated,0.04,2-5%,registration_shifted,0,max_local_density,UNKNOWN,window_4_density,A_OBSERVABLE_SPATIALLY_DILUTED,True,43,42,42,8
heldout,heldout_dirty_110,contaminated,0.04,2-5%,registration_shifted,0,edge_aware,PASS,spatial_certificate,A_OBSERVABLE_SPATIALLY_DILUTED,True,43,42,42,8
heldout,heldout_dirty_110,contaminated,0.04,2-5%,registration_shifted,0,aggressive,UNKNOWN,tile_density,A_OBSERVABLE_SPATIALLY_DILUTED,True,43,42,42,8
heldout,heldout_dirty_110,contaminated,0.04,2-5%,registration_shifted,0,balanced,UNKNOWN,tile_density,A_OBSERVABLE_SPATIALLY_DILUTED,True,43,42,42,8
heldout,heldout_dirty_110,contaminated,0.04,2-5%,registration_shifted,0,conservative,UNKNOWN,window_4_density,A_OBSERVABLE_SPATIALLY_DILUTED,True,43,42,42,8
heldout,heldout_dirty_111,contaminated,0.04,2-5%,registration_shifted,1,global_baseline,PASS,spatial_certificate,A_OBSERVABLE_SPATIALLY_DILUTED,True,41,41,41,7
heldout,heldout_dirty_111,contaminated,0.04,2-5%,registration_shifted,1,tile,UNKNOWN,tile_density,A_OBSERVABLE_SPATIALLY_DILUTED,True,41,41,41,7
heldout,heldout_dirty_111,contaminated,0.04,2-5%,registration_shifted,1,multiscale,UNKNOWN,window_4_density,A_OBSERVABLE_SPATIALLY_DILUTED,True,41,41,41,7
heldout,heldout_dirty_111,contaminated,0.04,2-5%,registration_shifted,1,connected_component,UNKNOWN,component_area,A_OBSERVABLE_SPATIALLY_DILUTED,True,41,41,41,7
heldout,heldout_dirty_111,contaminated,0.04,2-5%,registration_shifted,1,max_local_density,UNKNOWN,window_4_density,A_OBSERVABLE_SPATIALLY_DILUTED,True,41,41,41,7
heldout,heldout_dirty_111,contaminated,0.04,2-5%,registration_shifted,1,edge_aware,PASS,spatial_certificate,A_OBSERVABLE_SPATIALLY_DILUTED,True,41,41,41,7
heldout,heldout_dirty_111,contaminated,0.04,2-5%,registration_shifted,1,aggressive,UNKNOWN,tile_density,A_OBSERVABLE_SPATIALLY_DILUTED,True,41,41,41,7
heldout,heldout_dirty_111,contaminated,0.04,2-5%,registration_shifted,1,balanced,UNKNOWN,tile_density,A_OBSERVABLE_SPATIALLY_DILUTED,True,41,41,41,7
heldout,heldout_dirty_111,contaminated,0.04,2-5%,registration_shifted,1,conservative,UNKNOWN,window_4_density,A_OBSERVABLE_SPATIALLY_DILUTED,True,41,41,41,7
heldout,heldout_dirty_112,contaminated,0.05,2-5%,compact_blob,0,global_baseline,PASS,spatial_certificate,A_OBSERVABLE_SPATIALLY_DILUTED,True,51,50,50,9
heldout,heldout_dirty_112,contaminated,0.05,2-5%,compact_blob,0,tile,UNKNOWN,tile_density,A_OBSERVABLE_SPATIALLY_DILUTED,True,51,50,50,9
heldout,heldout_dirty_112,contaminated,0.05,2-5%,compact_blob,0,multiscale,UNKNOWN,window_4_density,A_OBSERVABLE_SPATIALLY_DILUTED,True,51,50,50,9
heldout,heldout_dirty_112,contaminated,0.05,2-5%,compact_blob,0,connected_component,UNKNOWN,component_area,A_OBSERVABLE_SPATIALLY_DILUTED,True,51,50,50,9
heldout,heldout_dirty_112,contaminated,0.05,2-5%,compact_blob,0,max_local_density,UNKNOWN,window_4_density,A_OBSERVABLE_SPATIALLY_DILUTED,True,51,50,50,9
heldout,heldout_dirty_112,contaminated,0.05,2-5%,compact_blob,0,edge_aware,PASS,spatial_certificate,A_OBSERVABLE_SPATIALLY_DILUTED,True,51,50,50,9
heldout,heldout_dirty_112,contaminated,0.05,2-5%,compact_blob,0,aggressive,UNKNOWN,tile_density,A_OBSERVABLE_SPATIALLY_DILUTED,True,51,50,50,9
heldout,heldout_dirty_112,contaminated,0.05,2-5%,compact_blob,0,balanced,UNKNOWN,tile_density,A_OBSERVABLE_SPATIALLY_DILUTED,True,51,50,50,9
heldout,heldout_dirty_112,contaminated,0.05,2-5%,compact_blob,0,conservative,UNKNOWN,tile_density,A_OBSERVABLE_SPATIALLY_DILUTED,True,51,50,50,9
heldout,heldout_dirty_113,contaminated,0.05,2-5%,compact_blob,1,global_baseline,PASS,spatial_certificate,A_OBSERVABLE_SPATIALLY_DILUTED,True,50,50,50,8
heldout,heldout_dirty_113,contaminated,0.05,2-5%,compact_blob,1,tile,UNKNOWN,tile_density,A_OBSERVABLE_SPATIALLY_DILUTED,True,50,50,50,8
heldout,heldout_dirty_113,contaminated,0.05,2-5%,compact_blob,1,multiscale,UNKNOWN,window_4_density,A_OBSERVABLE_SPATIALLY_DILUTED,True,50,50,50,8
heldout,heldout_dirty_113,contaminated,0.05,2-5%,compact_blob,1,connected_component,UNKNOWN,component_area,A_OBSERVABLE_SPATIALLY_DILUTED,True,50,50,50,8
heldout,heldout_dirty_113,contaminated,0.05,2-5%,compact_blob,1,max_local_density,UNKNOWN,window_4_density,A_OBSERVABLE_SPATIALLY_DILUTED,True,50,50,50,8
heldout,heldout_dirty_113,contaminated,0.05,2-5%,compact_blob,1,edge_aware,PASS,spatial_certificate,A_OBSERVABLE_SPATIALLY_DILUTED,True,50,50,50,8
heldout,heldout_dirty_113,contaminated,0.05,2-5%,compact_blob,1,aggressive,UNKNOWN,tile_density,A_OBSERVABLE_SPATIALLY_DILUTED,True,50,50,50,8
heldout,heldout_dirty_113,contaminated,0.05,2-5%,compact_blob,1,balanced,UNKNOWN,tile_density,A_OBSERVABLE_SPATIALLY_DILUTED,True,50,50,50,8
heldout,heldout_dirty_113,contaminated,0.05,2-5%,compact_blob,1,conservative,UNKNOWN,tile_density,A_OBSERVABLE_SPATIALLY_DILUTED,True,50,50,50,8
heldout,heldout_dirty_114,contaminated,0.05,2-5%,elongated_streak,0,global_baseline,FLAG,pixel_flag,NOT_FALSE_CLEAN,True,51,51,-1,-1
heldout,heldout_dirty_114,contaminated,0.05,2-5%,elongated_streak,0,tile,FLAG,pixel_flag,NOT_FALSE_CLEAN,True,51,51,-1,-1
heldout,heldout_dirty_114,contaminated,0.05,2-5%,elongated_streak,0,multiscale,FLAG,pixel_flag,NOT_FALSE_CLEAN,True,51,51,-1,-1
heldout,heldout_dirty_114,contaminated,0.05,2-5%,elongated_streak,0,connected_component,FLAG,pixel_flag,NOT_FALSE_CLEAN,True,51,51,-1,-1
heldout,heldout_dirty_114,contaminated,0.05,2-5%,elongated_streak,0,max_local_density,FLAG,pixel_flag,NOT_FALSE_CLEAN,True,51,51,-1,-1
heldout,heldout_dirty_114,contaminated,0.05,2-5%,elongated_streak,0,edge_aware,FLAG,pixel_flag,NOT_FALSE_CLEAN,True,51,51,-1,-1
heldout,heldout_dirty_114,contaminated,0.05,2-5%,elongated_streak,0,aggressive,FLAG,pixel_flag,NOT_FALSE_CLEAN,True,51,51,-1,-1
heldout,heldout_dirty_114,contaminated,0.05,2-5%,elongated_streak,0,balanced,FLAG,pixel_flag,NOT_FALSE_CLEAN,True,51,51,-1,-1
heldout,heldout_dirty_114,contaminated,0.05,2-5%,elongated_streak,0,conservative,FLAG,pixel_flag,NOT_FALSE_CLEAN,True,51,51,-1,-1
heldout,heldout_dirty_115,contaminated,0.05,2-5%,elongated_streak,1,global_baseline,FLAG,pixel_flag,NOT_FALSE_CLEAN,True,54,51,-1,-1
heldout,heldout_dirty_115,contaminated,0.05,2-5%,elongated_streak,1,tile,FLAG,pixel_flag,NOT_FALSE_CLEAN,True,54,51,-1,-1
heldout,heldout_dirty_115,contaminated,0.05,2-5%,elongated_streak,1,multiscale,FLAG,pixel_flag,NOT_FALSE_CLEAN,True,54,51,-1,-1
heldout,heldout_dirty_115,contaminated,0.05,2-5%,elongated_streak,1,connected_component,FLAG,pixel_flag,NOT_FALSE_CLEAN,True,54,51,-1,-1
heldout,heldout_dirty_115,contaminated,0.05,2-5%,elongated_streak,1,max_local_density,FLAG,pixel_flag,NOT_FALSE_CLEAN,True,54,51,-1,-1
heldout,heldout_dirty_115,contaminated,0.05,2-5%,elongated_streak,1,edge_aware,FLAG,pixel_flag,NOT_FALSE_CLEAN,True,54,51,-1,-1
heldout,heldout_dirty_115,contaminated,0.05,2-5%,elongated_streak,1,aggressive,FLAG,pixel_flag,NOT_FALSE_CLEAN,True,54,51,-1,-1
heldout,heldout_dirty_115,contaminated,0.05,2-5%,elongated_streak,1,balanced,FLAG,pixel_flag,NOT_FALSE_CLEAN,True,54,51,-1,-1
heldout,heldout_dirty_115,contaminated,0.05,2-5%,elongated_streak,1,conservative,FLAG,pixel_flag,NOT_FALSE_CLEAN,True,54,51,-1,-1
heldout,heldout_dirty_116,contaminated,0.05,2-5%,edge_blob,0,global_baseline,UNKNOWN,global_pass_fraction,NOT_FALSE_CLEAN,True,53,51,51,11
heldout,heldout_dirty_116,contaminated,0.05,2-5%,edge_blob,0,tile,UNKNOWN,global_pass_fraction,NOT_FALSE_CLEAN,True,53,51,51,11
heldout,heldout_dirty_116,contaminated,0.05,2-5%,edge_blob,0,multiscale,UNKNOWN,global_pass_fraction,NOT_FALSE_CLEAN,True,53,51,51,11
heldout,heldout_dirty_116,contaminated,0.05,2-5%,edge_blob,0,connected_component,UNKNOWN,global_pass_fraction,NOT_FALSE_CLEAN,True,53,51,51,11
heldout,heldout_dirty_116,contaminated,0.05,2-5%,edge_blob,0,max_local_density,UNKNOWN,global_pass_fraction,NOT_FALSE_CLEAN,True,53,51,51,11
heldout,heldout_dirty_116,contaminated,0.05,2-5%,edge_blob,0,edge_aware,UNKNOWN,global_pass_fraction,NOT_FALSE_CLEAN,True,53,51,51,11
heldout,heldout_dirty_116,contaminated,0.05,2-5%,edge_blob,0,aggressive,UNKNOWN,global_pass_fraction,NOT_FALSE_CLEAN,True,53,51,51,11
heldout,heldout_dirty_116,contaminated,0.05,2-5%,edge_blob,0,balanced,UNKNOWN,global_pass_fraction,NOT_FALSE_CLEAN,True,53,51,51,11
heldout,heldout_dirty_116,contaminated,0.05,2-5%,edge_blob,0,conservative,UNKNOWN,global_pass_fraction,NOT_FALSE_CLEAN,True,53,51,51,11
heldout,heldout_dirty_117,contaminated,0.05,2-5%,edge_blob,1,global_baseline,UNKNOWN,global_pass_fraction,NOT_FALSE_CLEAN,True,54,51,51,11
heldout,heldout_dirty_117,contaminated,0.05,2-5%,edge_blob,1,tile,UNKNOWN,global_pass_fraction,NOT_FALSE_CLEAN,True,54,51,51,11
heldout,heldout_dirty_117,contaminated,0.05,2-5%,edge_blob,1,multiscale,UNKNOWN,global_pass_fraction,NOT_FALSE_CLEAN,True,54,51,51,11
heldout,heldout_dirty_117,contaminated,0.05,2-5%,edge_blob,1,connected_component,UNKNOWN,global_pass_fraction,NOT_FALSE_CLEAN,True,54,51,51,11
heldout,heldout_dirty_117,contaminated,0.05,2-5%,edge_blob,1,max_local_density,UNKNOWN,global_pass_fraction,NOT_FALSE_CLEAN,True,54,51,51,11
heldout,heldout_dirty_117,contaminated,0.05,2-5%,edge_blob,1,edge_aware,UNKNOWN,global_pass_fraction,NOT_FALSE_CLEAN,True,54,51,51,11
heldout,heldout_dirty_117,contaminated,0.05,2-5%,edge_blob,1,aggressive,UNKNOWN,global_pass_fraction,NOT_FALSE_CLEAN,True,54,51,51,11
heldout,heldout_dirty_117,contaminated,0.05,2-5%,edge_blob,1,balanced,UNKNOWN,global_pass_fraction,NOT_FALSE_CLEAN,True,54,51,51,11
heldout,heldout_dirty_117,contaminated,0.05,2-5%,edge_blob,1,conservative,UNKNOWN,global_pass_fraction,NOT_FALSE_CLEAN,True,54,51,51,11
heldout,heldout_dirty_118,contaminated,0.05,2-5%,corner_blob,0,global_baseline,UNKNOWN,global_pass_fraction,NOT_FALSE_CLEAN,True,52,51,51,8
heldout,heldout_dirty_118,contaminated,0.05,2-5%,corner_blob,0,tile,UNKNOWN,global_pass_fraction,NOT_FALSE_CLEAN,True,52,51,51,8
heldout,heldout_dirty_118,contaminated,0.05,2-5%,corner_blob,0,multiscale,UNKNOWN,global_pass_fraction,NOT_FALSE_CLEAN,True,52,51,51,8
heldout,heldout_dirty_118,contaminated,0.05,2-5%,corner_blob,0,connected_component,UNKNOWN,global_pass_fraction,NOT_FALSE_CLEAN,True,52,51,51,8
heldout,heldout_dirty_118,contaminated,0.05,2-5%,corner_blob,0,max_local_density,UNKNOWN,global_pass_fraction,NOT_FALSE_CLEAN,True,52,51,51,8
heldout,heldout_dirty_118,contaminated,0.05,2-5%,corner_blob,0,edge_aware,UNKNOWN,global_pass_fraction,NOT_FALSE_CLEAN,True,52,51,51,8
heldout,heldout_dirty_118,contaminated,0.05,2-5%,corner_blob,0,aggressive,UNKNOWN,global_pass_fraction,NOT_FALSE_CLEAN,True,52,51,51,8
heldout,heldout_dirty_118,contaminated,0.05,2-5%,corner_blob,0,balanced,UNKNOWN,global_pass_fraction,NOT_FALSE_CLEAN,True,52,51,51,8
heldout,heldout_dirty_118,contaminated,0.05,2-5%,corner_blob,0,conservative,UNKNOWN,global_pass_fraction,NOT_FALSE_CLEAN,True,52,51,51,8
heldout,heldout_dirty_119,contaminated,0.05,2-5%,corner_blob,1,global_baseline,PASS,spatial_certificate,A_OBSERVABLE_SPATIALLY_DILUTED,True,51,51,51,8
heldout,heldout_dirty_119,contaminated,0.05,2-5%,corner_blob,1,tile,UNKNOWN,tile_density,A_OBSERVABLE_SPATIALLY_DILUTED,True,51,51,51,8
heldout,heldout_dirty_119,contaminated,0.05,2-5%,corner_blob,1,multiscale,UNKNOWN,window_4_density,A_OBSERVABLE_SPATIALLY_DILUTED,True,51,51,51,8
heldout,heldout_dirty_119,contaminated,0.05,2-5%,corner_blob,1,connected_component,UNKNOWN,component_area,A_OBSERVABLE_SPATIALLY_DILUTED,True,51,51,51,8
heldout,heldout_dirty_119,contaminated,0.05,2-5%,corner_blob,1,max_local_density,UNKNOWN,window_4_density,A_OBSERVABLE_SPATIALLY_DILUTED,True,51,51,51,8
heldout,heldout_dirty_119,contaminated,0.05,2-5%,corner_blob,1,edge_aware,UNKNOWN,edge_density,A_OBSERVABLE_SPATIALLY_DILUTED,True,51,51,51,8
heldout,heldout_dirty_119,contaminated,0.05,2-5%,corner_blob,1,aggressive,UNKNOWN,tile_density,A_OBSERVABLE_SPATIALLY_DILUTED,True,51,51,51,8
heldout,heldout_dirty_119,contaminated,0.05,2-5%,corner_blob,1,balanced,UNKNOWN,tile_density,A_OBSERVABLE_SPATIALLY_DILUTED,True,51,51,51,8
heldout,heldout_dirty_119,contaminated,0.05,2-5%,corner_blob,1,conservative,UNKNOWN,tile_density,A_OBSERVABLE_SPATIALLY_DILUTED,True,51,51,51,8
heldout,heldout_dirty_120,contaminated,0.05,2-5%,multiple_droplets,0,global_baseline,UNKNOWN,global_pass_fraction,NOT_FALSE_CLEAN,True,52,51,38,9
heldout,heldout_dirty_120,contaminated,0.05,2-5%,multiple_droplets,0,tile,UNKNOWN,global_pass_fraction,NOT_FALSE_CLEAN,True,52,51,38,9
heldout,heldout_dirty_120,contaminated,0.05,2-5%,multiple_droplets,0,multiscale,UNKNOWN,global_pass_fraction,NOT_FALSE_CLEAN,True,52,51,38,9
heldout,heldout_dirty_120,contaminated,0.05,2-5%,multiple_droplets,0,connected_component,UNKNOWN,global_pass_fraction,NOT_FALSE_CLEAN,True,52,51,38,9
heldout,heldout_dirty_120,contaminated,0.05,2-5%,multiple_droplets,0,max_local_density,UNKNOWN,global_pass_fraction,NOT_FALSE_CLEAN,True,52,51,38,9
heldout,heldout_dirty_120,contaminated,0.05,2-5%,multiple_droplets,0,edge_aware,UNKNOWN,global_pass_fraction,NOT_FALSE_CLEAN,True,52,51,38,9
heldout,heldout_dirty_120,contaminated,0.05,2-5%,multiple_droplets,0,aggressive,UNKNOWN,global_pass_fraction,NOT_FALSE_CLEAN,True,52,51,38,9
heldout,heldout_dirty_120,contaminated,0.05,2-5%,multiple_droplets,0,balanced,UNKNOWN,global_pass_fraction,NOT_FALSE_CLEAN,True,52,51,38,9
heldout,heldout_dirty_120,contaminated,0.05,2-5%,multiple_droplets,0,conservative,UNKNOWN,global_pass_fraction,NOT_FALSE_CLEAN,True,52,51,38,9
heldout,heldout_dirty_121,contaminated,0.05,2-5%,multiple_droplets,1,global_baseline,UNKNOWN,global_pass_fraction,NOT_FALSE_CLEAN,True,53,51,51,10
heldout,heldout_dirty_121,contaminated,0.05,2-5%,multiple_droplets,1,tile,UNKNOWN,global_pass_fraction,NOT_FALSE_CLEAN,True,53,51,51,10
heldout,heldout_dirty_121,contaminated,0.05,2-5%,multiple_droplets,1,multiscale,UNKNOWN,global_pass_fraction,NOT_FALSE_CLEAN,True,53,51,51,10
heldout,heldout_dirty_121,contaminated,0.05,2-5%,multiple_droplets,1,connected_component,UNKNOWN,global_pass_fraction,NOT_FALSE_CLEAN,True,53,51,51,10
heldout,heldout_dirty_121,contaminated,0.05,2-5%,multiple_droplets,1,max_local_density,UNKNOWN,global_pass_fraction,NOT_FALSE_CLEAN,True,53,51,51,10
heldout,heldout_dirty_121,contaminated,0.05,2-5%,multiple_droplets,1,edge_aware,UNKNOWN,global_pass_fraction,NOT_FALSE_CLEAN,True,53,51,51,10
heldout,heldout_dirty_121,contaminated,0.05,2-5%,multiple_droplets,1,aggressive,UNKNOWN,global_pass_fraction,NOT_FALSE_CLEAN,True,53,51,51,10
heldout,heldout_dirty_121,contaminated,0.05,2-5%,multiple_droplets,1,balanced,UNKNOWN,global_pass_fraction,NOT_FALSE_CLEAN,True,53,51,51,10
heldout,heldout_dirty_121,contaminated,0.05,2-5%,multiple_droplets,1,conservative,UNKNOWN,global_pass_fraction,NOT_FALSE_CLEAN,True,53,51,51,10
heldout,heldout_dirty_122,contaminated,0.05,2-5%,dispersed_sparse,0,global_baseline,PASS,spatial_certificate,A_OBSERVABLE_SPATIALLY_DILUTED,True,51,51,5,3
heldout,heldout_dirty_122,contaminated,0.05,2-5%,dispersed_sparse,0,tile,PASS,spatial_certificate,A_OBSERVABLE_SPATIALLY_DILUTED,True,51,51,5,3
heldout,heldout_dirty_122,contaminated,0.05,2-5%,dispersed_sparse,0,multiscale,UNKNOWN,window_4_density,A_OBSERVABLE_SPATIALLY_DILUTED,True,51,51,5,3
heldout,heldout_dirty_122,contaminated,0.05,2-5%,dispersed_sparse,0,connected_component,PASS,spatial_certificate,A_OBSERVABLE_SPATIALLY_DILUTED,True,51,51,5,3
heldout,heldout_dirty_122,contaminated,0.05,2-5%,dispersed_sparse,0,max_local_density,UNKNOWN,window_4_density,A_OBSERVABLE_SPATIALLY_DILUTED,True,51,51,5,3
heldout,heldout_dirty_122,contaminated,0.05,2-5%,dispersed_sparse,0,edge_aware,PASS,spatial_certificate,A_OBSERVABLE_SPATIALLY_DILUTED,True,51,51,5,3
heldout,heldout_dirty_122,contaminated,0.05,2-5%,dispersed_sparse,0,aggressive,UNKNOWN,tile_density,A_OBSERVABLE_SPATIALLY_DILUTED,True,51,51,5,3
heldout,heldout_dirty_122,contaminated,0.05,2-5%,dispersed_sparse,0,balanced,PASS,spatial_certificate,A_OBSERVABLE_SPATIALLY_DILUTED,True,51,51,5,3
heldout,heldout_dirty_122,contaminated,0.05,2-5%,dispersed_sparse,0,conservative,PASS,spatial_certificate,A_OBSERVABLE_SPATIALLY_DILUTED,True,51,51,5,3
heldout,heldout_dirty_123,contaminated,0.05,2-5%,dispersed_sparse,1,global_baseline,PASS,spatial_certificate,A_OBSERVABLE_SPATIALLY_DILUTED,True,51,51,3,3
heldout,heldout_dirty_123,contaminated,0.05,2-5%,dispersed_sparse,1,tile,PASS,spatial_certificate,A_OBSERVABLE_SPATIALLY_DILUTED,True,51,51,3,3
heldout,heldout_dirty_123,contaminated,0.05,2-5%,dispersed_sparse,1,multiscale,UNKNOWN,window_4_density,A_OBSERVABLE_SPATIALLY_DILUTED,True,51,51,3,3
heldout,heldout_dirty_123,contaminated,0.05,2-5%,dispersed_sparse,1,connected_component,PASS,spatial_certificate,A_OBSERVABLE_SPATIALLY_DILUTED,True,51,51,3,3
heldout,heldout_dirty_123,contaminated,0.05,2-5%,dispersed_sparse,1,max_local_density,UNKNOWN,window_4_density,A_OBSERVABLE_SPATIALLY_DILUTED,True,51,51,3,3
heldout,heldout_dirty_123,contaminated,0.05,2-5%,dispersed_sparse,1,edge_aware,PASS,spatial_certificate,A_OBSERVABLE_SPATIALLY_DILUTED,True,51,51,3,3
heldout,heldout_dirty_123,contaminated,0.05,2-5%,dispersed_sparse,1,aggressive,UNKNOWN,tile_density,A_OBSERVABLE_SPATIALLY_DILUTED,True,51,51,3,3
heldout,heldout_dirty_123,contaminated,0.05,2-5%,dispersed_sparse,1,balanced,PASS,spatial_certificate,A_OBSERVABLE_SPATIALLY_DILUTED,True,51,51,3,3
heldout,heldout_dirty_123,contaminated,0.05,2-5%,dispersed_sparse,1,conservative,PASS,spatial_certificate,A_OBSERVABLE_SPATIALLY_DILUTED,True,51,51,3,3
heldout,heldout_dirty_124,contaminated,0.05,2-5%,psf_blurred,0,global_baseline,UNKNOWN,global_pass_fraction,NOT_FALSE_CLEAN,True,117,44,115,12
heldout,heldout_dirty_124,contaminated,0.05,2-5%,psf_blurred,0,tile,UNKNOWN,global_pass_fraction,NOT_FALSE_CLEAN,True,117,44,115,12
heldout,heldout_dirty_124,contaminated,0.05,2-5%,psf_blurred,0,multiscale,UNKNOWN,global_pass_fraction,NOT_FALSE_CLEAN,True,117,44,115,12
heldout,heldout_dirty_124,contaminated,0.05,2-5%,psf_blurred,0,connected_component,UNKNOWN,global_pass_fraction,NOT_FALSE_CLEAN,True,117,44,115,12
heldout,heldout_dirty_124,contaminated,0.05,2-5%,psf_blurred,0,max_local_density,UNKNOWN,global_pass_fraction,NOT_FALSE_CLEAN,True,117,44,115,12
heldout,heldout_dirty_124,contaminated,0.05,2-5%,psf_blurred,0,edge_aware,UNKNOWN,global_pass_fraction,NOT_FALSE_CLEAN,True,117,44,115,12
heldout,heldout_dirty_124,contaminated,0.05,2-5%,psf_blurred,0,aggressive,UNKNOWN,global_pass_fraction,NOT_FALSE_CLEAN,True,117,44,115,12
heldout,heldout_dirty_124,contaminated,0.05,2-5%,psf_blurred,0,balanced,UNKNOWN,global_pass_fraction,NOT_FALSE_CLEAN,True,117,44,115,12
heldout,heldout_dirty_124,contaminated,0.05,2-5%,psf_blurred,0,conservative,UNKNOWN,global_pass_fraction,NOT_FALSE_CLEAN,True,117,44,115,12
heldout,heldout_dirty_125,contaminated,0.05,2-5%,psf_blurred,1,global_baseline,UNKNOWN,global_pass_fraction,NOT_FALSE_CLEAN,True,90,52,89,11
heldout,heldout_dirty_125,contaminated,0.05,2-5%,psf_blurred,1,tile,UNKNOWN,global_pass_fraction,NOT_FALSE_CLEAN,True,90,52,89,11
heldout,heldout_dirty_125,contaminated,0.05,2-5%,psf_blurred,1,multiscale,UNKNOWN,global_pass_fraction,NOT_FALSE_CLEAN,True,90,52,89,11
heldout,heldout_dirty_125,contaminated,0.05,2-5%,psf_blurred,1,connected_component,UNKNOWN,global_pass_fraction,NOT_FALSE_CLEAN,True,90,52,89,11
heldout,heldout_dirty_125,contaminated,0.05,2-5%,psf_blurred,1,max_local_density,UNKNOWN,global_pass_fraction,NOT_FALSE_CLEAN,True,90,52,89,11
heldout,heldout_dirty_125,contaminated,0.05,2-5%,psf_blurred,1,edge_aware,UNKNOWN,global_pass_fraction,NOT_FALSE_CLEAN,True,90,52,89,11
heldout,heldout_dirty_125,contaminated,0.05,2-5%,psf_blurred,1,aggressive,UNKNOWN,global_pass_fraction,NOT_FALSE_CLEAN,True,90,52,89,11
heldout,heldout_dirty_125,contaminated,0.05,2-5%,psf_blurred,1,balanced,UNKNOWN,global_pass_fraction,NOT_FALSE_CLEAN,True,90,52,89,11
heldout,heldout_dirty_125,contaminated,0.05,2-5%,psf_blurred,1,conservative,UNKNOWN,global_pass_fraction,NOT_FALSE_CLEAN,True,90,52,89,11
heldout,heldout_dirty_126,contaminated,0.05,2-5%,registration_shifted,0,global_baseline,FLAG,pixel_flag,NOT_FALSE_CLEAN,True,53,52,-1,-1
heldout,heldout_dirty_126,contaminated,0.05,2-5%,registration_shifted,0,tile,FLAG,pixel_flag,NOT_FALSE_CLEAN,True,53,52,-1,-1
heldout,heldout_dirty_126,contaminated,0.05,2-5%,registration_shifted,0,multiscale,FLAG,pixel_flag,NOT_FALSE_CLEAN,True,53,52,-1,-1
heldout,heldout_dirty_126,contaminated,0.05,2-5%,registration_shifted,0,connected_component,FLAG,pixel_flag,NOT_FALSE_CLEAN,True,53,52,-1,-1
heldout,heldout_dirty_126,contaminated,0.05,2-5%,registration_shifted,0,max_local_density,FLAG,pixel_flag,NOT_FALSE_CLEAN,True,53,52,-1,-1
heldout,heldout_dirty_126,contaminated,0.05,2-5%,registration_shifted,0,edge_aware,FLAG,pixel_flag,NOT_FALSE_CLEAN,True,53,52,-1,-1
heldout,heldout_dirty_126,contaminated,0.05,2-5%,registration_shifted,0,aggressive,FLAG,pixel_flag,NOT_FALSE_CLEAN,True,53,52,-1,-1
heldout,heldout_dirty_126,contaminated,0.05,2-5%,registration_shifted,0,balanced,FLAG,pixel_flag,NOT_FALSE_CLEAN,True,53,52,-1,-1
heldout,heldout_dirty_126,contaminated,0.05,2-5%,registration_shifted,0,conservative,FLAG,pixel_flag,NOT_FALSE_CLEAN,True,53,52,-1,-1
heldout,heldout_dirty_127,contaminated,0.05,2-5%,registration_shifted,1,global_baseline,PASS,spatial_certificate,A_OBSERVABLE_SPATIALLY_DILUTED,True,51,51,51,8
heldout,heldout_dirty_127,contaminated,0.05,2-5%,registration_shifted,1,tile,UNKNOWN,tile_density,A_OBSERVABLE_SPATIALLY_DILUTED,True,51,51,51,8
heldout,heldout_dirty_127,contaminated,0.05,2-5%,registration_shifted,1,multiscale,UNKNOWN,window_4_density,A_OBSERVABLE_SPATIALLY_DILUTED,True,51,51,51,8
heldout,heldout_dirty_127,contaminated,0.05,2-5%,registration_shifted,1,connected_component,UNKNOWN,component_area,A_OBSERVABLE_SPATIALLY_DILUTED,True,51,51,51,8
heldout,heldout_dirty_127,contaminated,0.05,2-5%,registration_shifted,1,max_local_density,UNKNOWN,window_4_density,A_OBSERVABLE_SPATIALLY_DILUTED,True,51,51,51,8
heldout,heldout_dirty_127,contaminated,0.05,2-5%,registration_shifted,1,edge_aware,PASS,spatial_certificate,A_OBSERVABLE_SPATIALLY_DILUTED,True,51,51,51,8
heldout,heldout_dirty_127,contaminated,0.05,2-5%,registration_shifted,1,aggressive,UNKNOWN,tile_density,A_OBSERVABLE_SPATIALLY_DILUTED,True,51,51,51,8
heldout,heldout_dirty_127,contaminated,0.05,2-5%,registration_shifted,1,balanced,UNKNOWN,tile_density,A_OBSERVABLE_SPATIALLY_DILUTED,True,51,51,51,8
heldout,heldout_dirty_127,contaminated,0.05,2-5%,registration_shifted,1,conservative,UNKNOWN,tile_density,A_OBSERVABLE_SPATIALLY_DILUTED,True,51,51,51,8
heldout,heldout_dirty_128,contaminated,0.075,>5%,compact_blob,0,global_baseline,UNKNOWN,global_pass_fraction,NOT_FALSE_CLEAN,True,79,78,78,10
heldout,heldout_dirty_128,contaminated,0.075,>5%,compact_blob,0,tile,UNKNOWN,global_pass_fraction,NOT_FALSE_CLEAN,True,79,78,78,10
heldout,heldout_dirty_128,contaminated,0.075,>5%,compact_blob,0,multiscale,UNKNOWN,global_pass_fraction,NOT_FALSE_CLEAN,True,79,78,78,10
heldout,heldout_dirty_128,contaminated,0.075,>5%,compact_blob,0,connected_component,UNKNOWN,global_pass_fraction,NOT_FALSE_CLEAN,True,79,78,78,10
heldout,heldout_dirty_128,contaminated,0.075,>5%,compact_blob,0,max_local_density,UNKNOWN,global_pass_fraction,NOT_FALSE_CLEAN,True,79,78,78,10
heldout,heldout_dirty_128,contaminated,0.075,>5%,compact_blob,0,edge_aware,UNKNOWN,global_pass_fraction,NOT_FALSE_CLEAN,True,79,78,78,10
heldout,heldout_dirty_128,contaminated,0.075,>5%,compact_blob,0,aggressive,UNKNOWN,global_pass_fraction,NOT_FALSE_CLEAN,True,79,78,78,10
heldout,heldout_dirty_128,contaminated,0.075,>5%,compact_blob,0,balanced,UNKNOWN,global_pass_fraction,NOT_FALSE_CLEAN,True,79,78,78,10
heldout,heldout_dirty_128,contaminated,0.075,>5%,compact_blob,0,conservative,UNKNOWN,global_pass_fraction,NOT_FALSE_CLEAN,True,79,78,78,10
heldout,heldout_dirty_129,contaminated,0.075,>5%,compact_blob,1,global_baseline,FLAG,pixel_flag,NOT_FALSE_CLEAN,True,79,79,-1,-1
heldout,heldout_dirty_129,contaminated,0.075,>5%,compact_blob,1,tile,FLAG,pixel_flag,NOT_FALSE_CLEAN,True,79,79,-1,-1
heldout,heldout_dirty_129,contaminated,0.075,>5%,compact_blob,1,multiscale,FLAG,pixel_flag,NOT_FALSE_CLEAN,True,79,79,-1,-1
heldout,heldout_dirty_129,contaminated,0.075,>5%,compact_blob,1,connected_component,FLAG,pixel_flag,NOT_FALSE_CLEAN,True,79,79,-1,-1
heldout,heldout_dirty_129,contaminated,0.075,>5%,compact_blob,1,max_local_density,FLAG,pixel_flag,NOT_FALSE_CLEAN,True,79,79,-1,-1
heldout,heldout_dirty_129,contaminated,0.075,>5%,compact_blob,1,edge_aware,FLAG,pixel_flag,NOT_FALSE_CLEAN,True,79,79,-1,-1
heldout,heldout_dirty_129,contaminated,0.075,>5%,compact_blob,1,aggressive,FLAG,pixel_flag,NOT_FALSE_CLEAN,True,79,79,-1,-1
heldout,heldout_dirty_129,contaminated,0.075,>5%,compact_blob,1,balanced,FLAG,pixel_flag,NOT_FALSE_CLEAN,True,79,79,-1,-1
heldout,heldout_dirty_129,contaminated,0.075,>5%,compact_blob,1,conservative,FLAG,pixel_flag,NOT_FALSE_CLEAN,True,79,79,-1,-1
heldout,heldout_dirty_130,contaminated,0.075,>5%,elongated_streak,0,global_baseline,UNKNOWN,global_pass_fraction,NOT_FALSE_CLEAN,True,77,77,77,32
heldout,heldout_dirty_130,contaminated,0.075,>5%,elongated_streak,0,tile,UNKNOWN,global_pass_fraction,NOT_FALSE_CLEAN,True,77,77,77,32
heldout,heldout_dirty_130,contaminated,0.075,>5%,elongated_streak,0,multiscale,UNKNOWN,global_pass_fraction,NOT_FALSE_CLEAN,True,77,77,77,32
heldout,heldout_dirty_130,contaminated,0.075,>5%,elongated_streak,0,connected_component,UNKNOWN,global_pass_fraction,NOT_FALSE_CLEAN,True,77,77,77,32
heldout,heldout_dirty_130,contaminated,0.075,>5%,elongated_streak,0,max_local_density,UNKNOWN,global_pass_fraction,NOT_FALSE_CLEAN,True,77,77,77,32
heldout,heldout_dirty_130,contaminated,0.075,>5%,elongated_streak,0,edge_aware,UNKNOWN,global_pass_fraction,NOT_FALSE_CLEAN,True,77,77,77,32
heldout,heldout_dirty_130,contaminated,0.075,>5%,elongated_streak,0,aggressive,UNKNOWN,global_pass_fraction,NOT_FALSE_CLEAN,True,77,77,77,32
heldout,heldout_dirty_130,contaminated,0.075,>5%,elongated_streak,0,balanced,UNKNOWN,global_pass_fraction,NOT_FALSE_CLEAN,True,77,77,77,32
heldout,heldout_dirty_130,contaminated,0.075,>5%,elongated_streak,0,conservative,UNKNOWN,global_pass_fraction,NOT_FALSE_CLEAN,True,77,77,77,32
heldout,heldout_dirty_131,contaminated,0.075,>5%,elongated_streak,1,global_baseline,FLAG,pixel_flag,NOT_FALSE_CLEAN,True,78,77,-1,-1
heldout,heldout_dirty_131,contaminated,0.075,>5%,elongated_streak,1,tile,FLAG,pixel_flag,NOT_FALSE_CLEAN,True,78,77,-1,-1
heldout,heldout_dirty_131,contaminated,0.075,>5%,elongated_streak,1,multiscale,FLAG,pixel_flag,NOT_FALSE_CLEAN,True,78,77,-1,-1
heldout,heldout_dirty_131,contaminated,0.075,>5%,elongated_streak,1,connected_component,FLAG,pixel_flag,NOT_FALSE_CLEAN,True,78,77,-1,-1
heldout,heldout_dirty_131,contaminated,0.075,>5%,elongated_streak,1,max_local_density,FLAG,pixel_flag,NOT_FALSE_CLEAN,True,78,77,-1,-1
heldout,heldout_dirty_131,contaminated,0.075,>5%,elongated_streak,1,edge_aware,FLAG,pixel_flag,NOT_FALSE_CLEAN,True,78,77,-1,-1
heldout,heldout_dirty_131,contaminated,0.075,>5%,elongated_streak,1,aggressive,FLAG,pixel_flag,NOT_FALSE_CLEAN,True,78,77,-1,-1
heldout,heldout_dirty_131,contaminated,0.075,>5%,elongated_streak,1,balanced,FLAG,pixel_flag,NOT_FALSE_CLEAN,True,78,77,-1,-1
heldout,heldout_dirty_131,contaminated,0.075,>5%,elongated_streak,1,conservative,FLAG,pixel_flag,NOT_FALSE_CLEAN,True,78,77,-1,-1
heldout,heldout_dirty_132,contaminated,0.075,>5%,edge_blob,0,global_baseline,FLAG,pixel_flag,NOT_FALSE_CLEAN,True,77,77,-1,-1
heldout,heldout_dirty_132,contaminated,0.075,>5%,edge_blob,0,tile,FLAG,pixel_flag,NOT_FALSE_CLEAN,True,77,77,-1,-1
heldout,heldout_dirty_132,contaminated,0.075,>5%,edge_blob,0,multiscale,FLAG,pixel_flag,NOT_FALSE_CLEAN,True,77,77,-1,-1
heldout,heldout_dirty_132,contaminated,0.075,>5%,edge_blob,0,connected_component,FLAG,pixel_flag,NOT_FALSE_CLEAN,True,77,77,-1,-1
heldout,heldout_dirty_132,contaminated,0.075,>5%,edge_blob,0,max_local_density,FLAG,pixel_flag,NOT_FALSE_CLEAN,True,77,77,-1,-1
heldout,heldout_dirty_132,contaminated,0.075,>5%,edge_blob,0,edge_aware,FLAG,pixel_flag,NOT_FALSE_CLEAN,True,77,77,-1,-1
heldout,heldout_dirty_132,contaminated,0.075,>5%,edge_blob,0,aggressive,FLAG,pixel_flag,NOT_FALSE_CLEAN,True,77,77,-1,-1
heldout,heldout_dirty_132,contaminated,0.075,>5%,edge_blob,0,balanced,FLAG,pixel_flag,NOT_FALSE_CLEAN,True,77,77,-1,-1
heldout,heldout_dirty_132,contaminated,0.075,>5%,edge_blob,0,conservative,FLAG,pixel_flag,NOT_FALSE_CLEAN,True,77,77,-1,-1
heldout,heldout_dirty_133,contaminated,0.075,>5%,edge_blob,1,global_baseline,UNKNOWN,global_pass_fraction,NOT_FALSE_CLEAN,True,78,77,77,14
heldout,heldout_dirty_133,contaminated,0.075,>5%,edge_blob,1,tile,UNKNOWN,global_pass_fraction,NOT_FALSE_CLEAN,True,78,77,77,14
heldout,heldout_dirty_133,contaminated,0.075,>5%,edge_blob,1,multiscale,UNKNOWN,global_pass_fraction,NOT_FALSE_CLEAN,True,78,77,77,14
heldout,heldout_dirty_133,contaminated,0.075,>5%,edge_blob,1,connected_component,UNKNOWN,global_pass_fraction,NOT_FALSE_CLEAN,True,78,77,77,14
heldout,heldout_dirty_133,contaminated,0.075,>5%,edge_blob,1,max_local_density,UNKNOWN,global_pass_fraction,NOT_FALSE_CLEAN,True,78,77,77,14
heldout,heldout_dirty_133,contaminated,0.075,>5%,edge_blob,1,edge_aware,UNKNOWN,global_pass_fraction,NOT_FALSE_CLEAN,True,78,77,77,14
heldout,heldout_dirty_133,contaminated,0.075,>5%,edge_blob,1,aggressive,UNKNOWN,global_pass_fraction,NOT_FALSE_CLEAN,True,78,77,77,14
heldout,heldout_dirty_133,contaminated,0.075,>5%,edge_blob,1,balanced,UNKNOWN,global_pass_fraction,NOT_FALSE_CLEAN,True,78,77,77,14
heldout,heldout_dirty_133,contaminated,0.075,>5%,edge_blob,1,conservative,UNKNOWN,global_pass_fraction,NOT_FALSE_CLEAN,True,78,77,77,14
heldout,heldout_dirty_134,contaminated,0.075,>5%,corner_blob,0,global_baseline,UNKNOWN,global_pass_fraction,NOT_FALSE_CLEAN,True,78,77,77,10
heldout,heldout_dirty_134,contaminated,0.075,>5%,corner_blob,0,tile,UNKNOWN,global_pass_fraction,NOT_FALSE_CLEAN,True,78,77,77,10
heldout,heldout_dirty_134,contaminated,0.075,>5%,corner_blob,0,multiscale,UNKNOWN,global_pass_fraction,NOT_FALSE_CLEAN,True,78,77,77,10
heldout,heldout_dirty_134,contaminated,0.075,>5%,corner_blob,0,connected_component,UNKNOWN,global_pass_fraction,NOT_FALSE_CLEAN,True,78,77,77,10
heldout,heldout_dirty_134,contaminated,0.075,>5%,corner_blob,0,max_local_density,UNKNOWN,global_pass_fraction,NOT_FALSE_CLEAN,True,78,77,77,10
heldout,heldout_dirty_134,contaminated,0.075,>5%,corner_blob,0,edge_aware,UNKNOWN,global_pass_fraction,NOT_FALSE_CLEAN,True,78,77,77,10
heldout,heldout_dirty_134,contaminated,0.075,>5%,corner_blob,0,aggressive,UNKNOWN,global_pass_fraction,NOT_FALSE_CLEAN,True,78,77,77,10
heldout,heldout_dirty_134,contaminated,0.075,>5%,corner_blob,0,balanced,UNKNOWN,global_pass_fraction,NOT_FALSE_CLEAN,True,78,77,77,10
heldout,heldout_dirty_134,contaminated,0.075,>5%,corner_blob,0,conservative,UNKNOWN,global_pass_fraction,NOT_FALSE_CLEAN,True,78,77,77,10
heldout,heldout_dirty_135,contaminated,0.075,>5%,corner_blob,1,global_baseline,FLAG,pixel_flag,NOT_FALSE_CLEAN,True,77,77,-1,-1
heldout,heldout_dirty_135,contaminated,0.075,>5%,corner_blob,1,tile,FLAG,pixel_flag,NOT_FALSE_CLEAN,True,77,77,-1,-1
heldout,heldout_dirty_135,contaminated,0.075,>5%,corner_blob,1,multiscale,FLAG,pixel_flag,NOT_FALSE_CLEAN,True,77,77,-1,-1
heldout,heldout_dirty_135,contaminated,0.075,>5%,corner_blob,1,connected_component,FLAG,pixel_flag,NOT_FALSE_CLEAN,True,77,77,-1,-1
heldout,heldout_dirty_135,contaminated,0.075,>5%,corner_blob,1,max_local_density,FLAG,pixel_flag,NOT_FALSE_CLEAN,True,77,77,-1,-1
heldout,heldout_dirty_135,contaminated,0.075,>5%,corner_blob,1,edge_aware,FLAG,pixel_flag,NOT_FALSE_CLEAN,True,77,77,-1,-1
heldout,heldout_dirty_135,contaminated,0.075,>5%,corner_blob,1,aggressive,FLAG,pixel_flag,NOT_FALSE_CLEAN,True,77,77,-1,-1
heldout,heldout_dirty_135,contaminated,0.075,>5%,corner_blob,1,balanced,FLAG,pixel_flag,NOT_FALSE_CLEAN,True,77,77,-1,-1
heldout,heldout_dirty_135,contaminated,0.075,>5%,corner_blob,1,conservative,FLAG,pixel_flag,NOT_FALSE_CLEAN,True,77,77,-1,-1
heldout,heldout_dirty_136,contaminated,0.075,>5%,multiple_droplets,0,global_baseline,UNKNOWN,global_pass_fraction,NOT_FALSE_CLEAN,True,79,77,37,8
heldout,heldout_dirty_136,contaminated,0.075,>5%,multiple_droplets,0,tile,UNKNOWN,global_pass_fraction,NOT_FALSE_CLEAN,True,79,77,37,8
heldout,heldout_dirty_136,contaminated,0.075,>5%,multiple_droplets,0,multiscale,UNKNOWN,global_pass_fraction,NOT_FALSE_CLEAN,True,79,77,37,8
heldout,heldout_dirty_136,contaminated,0.075,>5%,multiple_droplets,0,connected_component,UNKNOWN,global_pass_fraction,NOT_FALSE_CLEAN,True,79,77,37,8
heldout,heldout_dirty_136,contaminated,0.075,>5%,multiple_droplets,0,max_local_density,UNKNOWN,global_pass_fraction,NOT_FALSE_CLEAN,True,79,77,37,8
heldout,heldout_dirty_136,contaminated,0.075,>5%,multiple_droplets,0,edge_aware,UNKNOWN,global_pass_fraction,NOT_FALSE_CLEAN,True,79,77,37,8
heldout,heldout_dirty_136,contaminated,0.075,>5%,multiple_droplets,0,aggressive,UNKNOWN,global_pass_fraction,NOT_FALSE_CLEAN,True,79,77,37,8
heldout,heldout_dirty_136,contaminated,0.075,>5%,multiple_droplets,0,balanced,UNKNOWN,global_pass_fraction,NOT_FALSE_CLEAN,True,79,77,37,8
heldout,heldout_dirty_136,contaminated,0.075,>5%,multiple_droplets,0,conservative,UNKNOWN,global_pass_fraction,NOT_FALSE_CLEAN,True,79,77,37,8
heldout,heldout_dirty_137,contaminated,0.075,>5%,multiple_droplets,1,global_baseline,FLAG,pixel_flag,NOT_FALSE_CLEAN,True,79,77,-1,-1
heldout,heldout_dirty_137,contaminated,0.075,>5%,multiple_droplets,1,tile,FLAG,pixel_flag,NOT_FALSE_CLEAN,True,79,77,-1,-1
heldout,heldout_dirty_137,contaminated,0.075,>5%,multiple_droplets,1,multiscale,FLAG,pixel_flag,NOT_FALSE_CLEAN,True,79,77,-1,-1
heldout,heldout_dirty_137,contaminated,0.075,>5%,multiple_droplets,1,connected_component,FLAG,pixel_flag,NOT_FALSE_CLEAN,True,79,77,-1,-1
heldout,heldout_dirty_137,contaminated,0.075,>5%,multiple_droplets,1,max_local_density,FLAG,pixel_flag,NOT_FALSE_CLEAN,True,79,77,-1,-1
heldout,heldout_dirty_137,contaminated,0.075,>5%,multiple_droplets,1,edge_aware,FLAG,pixel_flag,NOT_FALSE_CLEAN,True,79,77,-1,-1
heldout,heldout_dirty_137,contaminated,0.075,>5%,multiple_droplets,1,aggressive,FLAG,pixel_flag,NOT_FALSE_CLEAN,True,79,77,-1,-1
heldout,heldout_dirty_137,contaminated,0.075,>5%,multiple_droplets,1,balanced,FLAG,pixel_flag,NOT_FALSE_CLEAN,True,79,77,-1,-1
heldout,heldout_dirty_137,contaminated,0.075,>5%,multiple_droplets,1,conservative,FLAG,pixel_flag,NOT_FALSE_CLEAN,True,79,77,-1,-1
heldout,heldout_dirty_138,contaminated,0.075,>5%,dispersed_sparse,0,global_baseline,UNKNOWN,global_pass_fraction,NOT_FALSE_CLEAN,True,77,77,3,3
heldout,heldout_dirty_138,contaminated,0.075,>5%,dispersed_sparse,0,tile,UNKNOWN,global_pass_fraction,NOT_FALSE_CLEAN,True,77,77,3,3
heldout,heldout_dirty_138,contaminated,0.075,>5%,dispersed_sparse,0,multiscale,UNKNOWN,global_pass_fraction,NOT_FALSE_CLEAN,True,77,77,3,3
heldout,heldout_dirty_138,contaminated,0.075,>5%,dispersed_sparse,0,connected_component,UNKNOWN,global_pass_fraction,NOT_FALSE_CLEAN,True,77,77,3,3
heldout,heldout_dirty_138,contaminated,0.075,>5%,dispersed_sparse,0,max_local_density,UNKNOWN,global_pass_fraction,NOT_FALSE_CLEAN,True,77,77,3,3
heldout,heldout_dirty_138,contaminated,0.075,>5%,dispersed_sparse,0,edge_aware,UNKNOWN,global_pass_fraction,NOT_FALSE_CLEAN,True,77,77,3,3
heldout,heldout_dirty_138,contaminated,0.075,>5%,dispersed_sparse,0,aggressive,UNKNOWN,global_pass_fraction,NOT_FALSE_CLEAN,True,77,77,3,3
heldout,heldout_dirty_138,contaminated,0.075,>5%,dispersed_sparse,0,balanced,UNKNOWN,global_pass_fraction,NOT_FALSE_CLEAN,True,77,77,3,3
heldout,heldout_dirty_138,contaminated,0.075,>5%,dispersed_sparse,0,conservative,UNKNOWN,global_pass_fraction,NOT_FALSE_CLEAN,True,77,77,3,3
heldout,heldout_dirty_139,contaminated,0.075,>5%,dispersed_sparse,1,global_baseline,UNKNOWN,global_pass_fraction,NOT_FALSE_CLEAN,True,77,77,5,4
heldout,heldout_dirty_139,contaminated,0.075,>5%,dispersed_sparse,1,tile,UNKNOWN,global_pass_fraction,NOT_FALSE_CLEAN,True,77,77,5,4
heldout,heldout_dirty_139,contaminated,0.075,>5%,dispersed_sparse,1,multiscale,UNKNOWN,global_pass_fraction,NOT_FALSE_CLEAN,True,77,77,5,4
heldout,heldout_dirty_139,contaminated,0.075,>5%,dispersed_sparse,1,connected_component,UNKNOWN,global_pass_fraction,NOT_FALSE_CLEAN,True,77,77,5,4
heldout,heldout_dirty_139,contaminated,0.075,>5%,dispersed_sparse,1,max_local_density,UNKNOWN,global_pass_fraction,NOT_FALSE_CLEAN,True,77,77,5,4
heldout,heldout_dirty_139,contaminated,0.075,>5%,dispersed_sparse,1,edge_aware,UNKNOWN,global_pass_fraction,NOT_FALSE_CLEAN,True,77,77,5,4
heldout,heldout_dirty_139,contaminated,0.075,>5%,dispersed_sparse,1,aggressive,UNKNOWN,global_pass_fraction,NOT_FALSE_CLEAN,True,77,77,5,4
heldout,heldout_dirty_139,contaminated,0.075,>5%,dispersed_sparse,1,balanced,UNKNOWN,global_pass_fraction,NOT_FALSE_CLEAN,True,77,77,5,4
heldout,heldout_dirty_139,contaminated,0.075,>5%,dispersed_sparse,1,conservative,UNKNOWN,global_pass_fraction,NOT_FALSE_CLEAN,True,77,77,5,4
heldout,heldout_dirty_140,contaminated,0.075,>5%,psf_blurred,0,global_baseline,UNKNOWN,global_pass_fraction,NOT_FALSE_CLEAN,True,109,78,108,12
heldout,heldout_dirty_140,contaminated,0.075,>5%,psf_blurred,0,tile,UNKNOWN,global_pass_fraction,NOT_FALSE_CLEAN,True,109,78,108,12
heldout,heldout_dirty_140,contaminated,0.075,>5%,psf_blurred,0,multiscale,UNKNOWN,global_pass_fraction,NOT_FALSE_CLEAN,True,109,78,108,12
heldout,heldout_dirty_140,contaminated,0.075,>5%,psf_blurred,0,connected_component,UNKNOWN,global_pass_fraction,NOT_FALSE_CLEAN,True,109,78,108,12
heldout,heldout_dirty_140,contaminated,0.075,>5%,psf_blurred,0,max_local_density,UNKNOWN,global_pass_fraction,NOT_FALSE_CLEAN,True,109,78,108,12
heldout,heldout_dirty_140,contaminated,0.075,>5%,psf_blurred,0,edge_aware,UNKNOWN,global_pass_fraction,NOT_FALSE_CLEAN,True,109,78,108,12
heldout,heldout_dirty_140,contaminated,0.075,>5%,psf_blurred,0,aggressive,UNKNOWN,global_pass_fraction,NOT_FALSE_CLEAN,True,109,78,108,12
heldout,heldout_dirty_140,contaminated,0.075,>5%,psf_blurred,0,balanced,UNKNOWN,global_pass_fraction,NOT_FALSE_CLEAN,True,109,78,108,12
heldout,heldout_dirty_140,contaminated,0.075,>5%,psf_blurred,0,conservative,UNKNOWN,global_pass_fraction,NOT_FALSE_CLEAN,True,109,78,108,12
heldout,heldout_dirty_141,contaminated,0.075,>5%,psf_blurred,1,global_baseline,FLAG,pixel_flag,NOT_FALSE_CLEAN,True,108,78,-1,-1
heldout,heldout_dirty_141,contaminated,0.075,>5%,psf_blurred,1,tile,FLAG,pixel_flag,NOT_FALSE_CLEAN,True,108,78,-1,-1
heldout,heldout_dirty_141,contaminated,0.075,>5%,psf_blurred,1,multiscale,FLAG,pixel_flag,NOT_FALSE_CLEAN,True,108,78,-1,-1
heldout,heldout_dirty_141,contaminated,0.075,>5%,psf_blurred,1,connected_component,FLAG,pixel_flag,NOT_FALSE_CLEAN,True,108,78,-1,-1
heldout,heldout_dirty_141,contaminated,0.075,>5%,psf_blurred,1,max_local_density,FLAG,pixel_flag,NOT_FALSE_CLEAN,True,108,78,-1,-1
heldout,heldout_dirty_141,contaminated,0.075,>5%,psf_blurred,1,edge_aware,FLAG,pixel_flag,NOT_FALSE_CLEAN,True,108,78,-1,-1
heldout,heldout_dirty_141,contaminated,0.075,>5%,psf_blurred,1,aggressive,FLAG,pixel_flag,NOT_FALSE_CLEAN,True,108,78,-1,-1
heldout,heldout_dirty_141,contaminated,0.075,>5%,psf_blurred,1,balanced,FLAG,pixel_flag,NOT_FALSE_CLEAN,True,108,78,-1,-1
heldout,heldout_dirty_141,contaminated,0.075,>5%,psf_blurred,1,conservative,FLAG,pixel_flag,NOT_FALSE_CLEAN,True,108,78,-1,-1
heldout,heldout_dirty_142,contaminated,0.075,>5%,registration_shifted,0,global_baseline,UNKNOWN,global_pass_fraction,NOT_FALSE_CLEAN,True,72,72,72,10
heldout,heldout_dirty_142,contaminated,0.075,>5%,registration_shifted,0,tile,UNKNOWN,global_pass_fraction,NOT_FALSE_CLEAN,True,72,72,72,10
heldout,heldout_dirty_142,contaminated,0.075,>5%,registration_shifted,0,multiscale,UNKNOWN,global_pass_fraction,NOT_FALSE_CLEAN,True,72,72,72,10
heldout,heldout_dirty_142,contaminated,0.075,>5%,registration_shifted,0,connected_component,UNKNOWN,global_pass_fraction,NOT_FALSE_CLEAN,True,72,72,72,10
heldout,heldout_dirty_142,contaminated,0.075,>5%,registration_shifted,0,max_local_density,UNKNOWN,global_pass_fraction,NOT_FALSE_CLEAN,True,72,72,72,10
heldout,heldout_dirty_142,contaminated,0.075,>5%,registration_shifted,0,edge_aware,UNKNOWN,global_pass_fraction,NOT_FALSE_CLEAN,True,72,72,72,10
heldout,heldout_dirty_142,contaminated,0.075,>5%,registration_shifted,0,aggressive,UNKNOWN,global_pass_fraction,NOT_FALSE_CLEAN,True,72,72,72,10
heldout,heldout_dirty_142,contaminated,0.075,>5%,registration_shifted,0,balanced,UNKNOWN,global_pass_fraction,NOT_FALSE_CLEAN,True,72,72,72,10
heldout,heldout_dirty_142,contaminated,0.075,>5%,registration_shifted,0,conservative,UNKNOWN,global_pass_fraction,NOT_FALSE_CLEAN,True,72,72,72,10
heldout,heldout_dirty_143,contaminated,0.075,>5%,registration_shifted,1,global_baseline,UNKNOWN,global_pass_fraction,NOT_FALSE_CLEAN,True,77,77,77,10
heldout,heldout_dirty_143,contaminated,0.075,>5%,registration_shifted,1,tile,UNKNOWN,global_pass_fraction,NOT_FALSE_CLEAN,True,77,77,77,10
heldout,heldout_dirty_143,contaminated,0.075,>5%,registration_shifted,1,multiscale,UNKNOWN,global_pass_fraction,NOT_FALSE_CLEAN,True,77,77,77,10
heldout,heldout_dirty_143,contaminated,0.075,>5%,registration_shifted,1,connected_component,UNKNOWN,global_pass_fraction,NOT_FALSE_CLEAN,True,77,77,77,10
heldout,heldout_dirty_143,contaminated,0.075,>5%,registration_shifted,1,max_local_density,UNKNOWN,global_pass_fraction,NOT_FALSE_CLEAN,True,77,77,77,10
heldout,heldout_dirty_143,contaminated,0.075,>5%,registration_shifted,1,edge_aware,UNKNOWN,global_pass_fraction,NOT_FALSE_CLEAN,True,77,77,77,10
heldout,heldout_dirty_143,contaminated,0.075,>5%,registration_shifted,1,aggressive,UNKNOWN,global_pass_fraction,NOT_FALSE_CLEAN,True,77,77,77,10
heldout,heldout_dirty_143,contaminated,0.075,>5%,registration_shifted,1,balanced,UNKNOWN,global_pass_fraction,NOT_FALSE_CLEAN,True,77,77,77,10
heldout,heldout_dirty_143,contaminated,0.075,>5%,registration_shifted,1,conservative,UNKNOWN,global_pass_fraction,NOT_FALSE_CLEAN,True,77,77,77,10
heldout,heldout_dirty_144,contaminated,0.1,>5%,compact_blob,0,global_baseline,UNKNOWN,global_pass_fraction,NOT_FALSE_CLEAN,True,102,102,102,12
heldout,heldout_dirty_144,contaminated,0.1,>5%,compact_blob,0,tile,UNKNOWN,global_pass_fraction,NOT_FALSE_CLEAN,True,102,102,102,12
heldout,heldout_dirty_144,contaminated,0.1,>5%,compact_blob,0,multiscale,UNKNOWN,global_pass_fraction,NOT_FALSE_CLEAN,True,102,102,102,12
heldout,heldout_dirty_144,contaminated,0.1,>5%,compact_blob,0,connected_component,UNKNOWN,global_pass_fraction,NOT_FALSE_CLEAN,True,102,102,102,12
heldout,heldout_dirty_144,contaminated,0.1,>5%,compact_blob,0,max_local_density,UNKNOWN,global_pass_fraction,NOT_FALSE_CLEAN,True,102,102,102,12
heldout,heldout_dirty_144,contaminated,0.1,>5%,compact_blob,0,edge_aware,UNKNOWN,global_pass_fraction,NOT_FALSE_CLEAN,True,102,102,102,12
heldout,heldout_dirty_144,contaminated,0.1,>5%,compact_blob,0,aggressive,UNKNOWN,global_pass_fraction,NOT_FALSE_CLEAN,True,102,102,102,12
heldout,heldout_dirty_144,contaminated,0.1,>5%,compact_blob,0,balanced,UNKNOWN,global_pass_fraction,NOT_FALSE_CLEAN,True,102,102,102,12
heldout,heldout_dirty_144,contaminated,0.1,>5%,compact_blob,0,conservative,UNKNOWN,global_pass_fraction,NOT_FALSE_CLEAN,True,102,102,102,12
heldout,heldout_dirty_145,contaminated,0.1,>5%,compact_blob,1,global_baseline,UNKNOWN,global_pass_fraction,NOT_FALSE_CLEAN,True,103,102,103,12
heldout,heldout_dirty_145,contaminated,0.1,>5%,compact_blob,1,tile,UNKNOWN,global_pass_fraction,NOT_FALSE_CLEAN,True,103,102,103,12
heldout,heldout_dirty_145,contaminated,0.1,>5%,compact_blob,1,multiscale,UNKNOWN,global_pass_fraction,NOT_FALSE_CLEAN,True,103,102,103,12
heldout,heldout_dirty_145,contaminated,0.1,>5%,compact_blob,1,connected_component,UNKNOWN,global_pass_fraction,NOT_FALSE_CLEAN,True,103,102,103,12
heldout,heldout_dirty_145,contaminated,0.1,>5%,compact_blob,1,max_local_density,UNKNOWN,global_pass_fraction,NOT_FALSE_CLEAN,True,103,102,103,12
heldout,heldout_dirty_145,contaminated,0.1,>5%,compact_blob,1,edge_aware,UNKNOWN,global_pass_fraction,NOT_FALSE_CLEAN,True,103,102,103,12
heldout,heldout_dirty_145,contaminated,0.1,>5%,compact_blob,1,aggressive,UNKNOWN,global_pass_fraction,NOT_FALSE_CLEAN,True,103,102,103,12
heldout,heldout_dirty_145,contaminated,0.1,>5%,compact_blob,1,balanced,UNKNOWN,global_pass_fraction,NOT_FALSE_CLEAN,True,103,102,103,12
heldout,heldout_dirty_145,contaminated,0.1,>5%,compact_blob,1,conservative,UNKNOWN,global_pass_fraction,NOT_FALSE_CLEAN,True,103,102,103,12
heldout,heldout_dirty_146,contaminated,0.1,>5%,elongated_streak,0,global_baseline,UNKNOWN,global_pass_fraction,NOT_FALSE_CLEAN,True,105,102,103,32
heldout,heldout_dirty_146,contaminated,0.1,>5%,elongated_streak,0,tile,UNKNOWN,global_pass_fraction,NOT_FALSE_CLEAN,True,105,102,103,32
heldout,heldout_dirty_146,contaminated,0.1,>5%,elongated_streak,0,multiscale,UNKNOWN,global_pass_fraction,NOT_FALSE_CLEAN,True,105,102,103,32
heldout,heldout_dirty_146,contaminated,0.1,>5%,elongated_streak,0,connected_component,UNKNOWN,global_pass_fraction,NOT_FALSE_CLEAN,True,105,102,103,32
heldout,heldout_dirty_146,contaminated,0.1,>5%,elongated_streak,0,max_local_density,UNKNOWN,global_pass_fraction,NOT_FALSE_CLEAN,True,105,102,103,32
heldout,heldout_dirty_146,contaminated,0.1,>5%,elongated_streak,0,edge_aware,UNKNOWN,global_pass_fraction,NOT_FALSE_CLEAN,True,105,102,103,32
heldout,heldout_dirty_146,contaminated,0.1,>5%,elongated_streak,0,aggressive,UNKNOWN,global_pass_fraction,NOT_FALSE_CLEAN,True,105,102,103,32
heldout,heldout_dirty_146,contaminated,0.1,>5%,elongated_streak,0,balanced,UNKNOWN,global_pass_fraction,NOT_FALSE_CLEAN,True,105,102,103,32
heldout,heldout_dirty_146,contaminated,0.1,>5%,elongated_streak,0,conservative,UNKNOWN,global_pass_fraction,NOT_FALSE_CLEAN,True,105,102,103,32
heldout,heldout_dirty_147,contaminated,0.1,>5%,elongated_streak,1,global_baseline,UNKNOWN,global_pass_fraction,NOT_FALSE_CLEAN,True,104,102,102,32
heldout,heldout_dirty_147,contaminated,0.1,>5%,elongated_streak,1,tile,UNKNOWN,global_pass_fraction,NOT_FALSE_CLEAN,True,104,102,102,32
heldout,heldout_dirty_147,contaminated,0.1,>5%,elongated_streak,1,multiscale,UNKNOWN,global_pass_fraction,NOT_FALSE_CLEAN,True,104,102,102,32
heldout,heldout_dirty_147,contaminated,0.1,>5%,elongated_streak,1,connected_component,UNKNOWN,global_pass_fraction,NOT_FALSE_CLEAN,True,104,102,102,32
heldout,heldout_dirty_147,contaminated,0.1,>5%,elongated_streak,1,max_local_density,UNKNOWN,global_pass_fraction,NOT_FALSE_CLEAN,True,104,102,102,32
heldout,heldout_dirty_147,contaminated,0.1,>5%,elongated_streak,1,edge_aware,UNKNOWN,global_pass_fraction,NOT_FALSE_CLEAN,True,104,102,102,32
heldout,heldout_dirty_147,contaminated,0.1,>5%,elongated_streak,1,aggressive,UNKNOWN,global_pass_fraction,NOT_FALSE_CLEAN,True,104,102,102,32
heldout,heldout_dirty_147,contaminated,0.1,>5%,elongated_streak,1,balanced,UNKNOWN,global_pass_fraction,NOT_FALSE_CLEAN,True,104,102,102,32
heldout,heldout_dirty_147,contaminated,0.1,>5%,elongated_streak,1,conservative,UNKNOWN,global_pass_fraction,NOT_FALSE_CLEAN,True,104,102,102,32
heldout,heldout_dirty_148,contaminated,0.1,>5%,edge_blob,0,global_baseline,UNKNOWN,global_pass_fraction,NOT_FALSE_CLEAN,True,104,102,102,16
heldout,heldout_dirty_148,contaminated,0.1,>5%,edge_blob,0,tile,UNKNOWN,global_pass_fraction,NOT_FALSE_CLEAN,True,104,102,102,16
heldout,heldout_dirty_148,contaminated,0.1,>5%,edge_blob,0,multiscale,UNKNOWN,global_pass_fraction,NOT_FALSE_CLEAN,True,104,102,102,16
heldout,heldout_dirty_148,contaminated,0.1,>5%,edge_blob,0,connected_component,UNKNOWN,global_pass_fraction,NOT_FALSE_CLEAN,True,104,102,102,16
heldout,heldout_dirty_148,contaminated,0.1,>5%,edge_blob,0,max_local_density,UNKNOWN,global_pass_fraction,NOT_FALSE_CLEAN,True,104,102,102,16
heldout,heldout_dirty_148,contaminated,0.1,>5%,edge_blob,0,edge_aware,UNKNOWN,global_pass_fraction,NOT_FALSE_CLEAN,True,104,102,102,16
heldout,heldout_dirty_148,contaminated,0.1,>5%,edge_blob,0,aggressive,UNKNOWN,global_pass_fraction,NOT_FALSE_CLEAN,True,104,102,102,16
heldout,heldout_dirty_148,contaminated,0.1,>5%,edge_blob,0,balanced,UNKNOWN,global_pass_fraction,NOT_FALSE_CLEAN,True,104,102,102,16
heldout,heldout_dirty_148,contaminated,0.1,>5%,edge_blob,0,conservative,UNKNOWN,global_pass_fraction,NOT_FALSE_CLEAN,True,104,102,102,16
heldout,heldout_dirty_149,contaminated,0.1,>5%,edge_blob,1,global_baseline,FLAG,pixel_flag,NOT_FALSE_CLEAN,True,103,102,-1,-1
heldout,heldout_dirty_149,contaminated,0.1,>5%,edge_blob,1,tile,FLAG,pixel_flag,NOT_FALSE_CLEAN,True,103,102,-1,-1
heldout,heldout_dirty_149,contaminated,0.1,>5%,edge_blob,1,multiscale,FLAG,pixel_flag,NOT_FALSE_CLEAN,True,103,102,-1,-1
heldout,heldout_dirty_149,contaminated,0.1,>5%,edge_blob,1,connected_component,FLAG,pixel_flag,NOT_FALSE_CLEAN,True,103,102,-1,-1
heldout,heldout_dirty_149,contaminated,0.1,>5%,edge_blob,1,max_local_density,FLAG,pixel_flag,NOT_FALSE_CLEAN,True,103,102,-1,-1
heldout,heldout_dirty_149,contaminated,0.1,>5%,edge_blob,1,edge_aware,FLAG,pixel_flag,NOT_FALSE_CLEAN,True,103,102,-1,-1
heldout,heldout_dirty_149,contaminated,0.1,>5%,edge_blob,1,aggressive,FLAG,pixel_flag,NOT_FALSE_CLEAN,True,103,102,-1,-1
heldout,heldout_dirty_149,contaminated,0.1,>5%,edge_blob,1,balanced,FLAG,pixel_flag,NOT_FALSE_CLEAN,True,103,102,-1,-1
heldout,heldout_dirty_149,contaminated,0.1,>5%,edge_blob,1,conservative,FLAG,pixel_flag,NOT_FALSE_CLEAN,True,103,102,-1,-1
heldout,heldout_dirty_150,contaminated,0.1,>5%,corner_blob,0,global_baseline,FLAG,pixel_flag,NOT_FALSE_CLEAN,True,102,102,-1,-1
heldout,heldout_dirty_150,contaminated,0.1,>5%,corner_blob,0,tile,FLAG,pixel_flag,NOT_FALSE_CLEAN,True,102,102,-1,-1
heldout,heldout_dirty_150,contaminated,0.1,>5%,corner_blob,0,multiscale,FLAG,pixel_flag,NOT_FALSE_CLEAN,True,102,102,-1,-1
heldout,heldout_dirty_150,contaminated,0.1,>5%,corner_blob,0,connected_component,FLAG,pixel_flag,NOT_FALSE_CLEAN,True,102,102,-1,-1
heldout,heldout_dirty_150,contaminated,0.1,>5%,corner_blob,0,max_local_density,FLAG,pixel_flag,NOT_FALSE_CLEAN,True,102,102,-1,-1
heldout,heldout_dirty_150,contaminated,0.1,>5%,corner_blob,0,edge_aware,FLAG,pixel_flag,NOT_FALSE_CLEAN,True,102,102,-1,-1
heldout,heldout_dirty_150,contaminated,0.1,>5%,corner_blob,0,aggressive,FLAG,pixel_flag,NOT_FALSE_CLEAN,True,102,102,-1,-1
heldout,heldout_dirty_150,contaminated,0.1,>5%,corner_blob,0,balanced,FLAG,pixel_flag,NOT_FALSE_CLEAN,True,102,102,-1,-1
heldout,heldout_dirty_150,contaminated,0.1,>5%,corner_blob,0,conservative,FLAG,pixel_flag,NOT_FALSE_CLEAN,True,102,102,-1,-1
heldout,heldout_dirty_151,contaminated,0.1,>5%,corner_blob,1,global_baseline,UNKNOWN,global_pass_fraction,NOT_FALSE_CLEAN,True,103,102,102,11
heldout,heldout_dirty_151,contaminated,0.1,>5%,corner_blob,1,tile,UNKNOWN,global_pass_fraction,NOT_FALSE_CLEAN,True,103,102,102,11
heldout,heldout_dirty_151,contaminated,0.1,>5%,corner_blob,1,multiscale,UNKNOWN,global_pass_fraction,NOT_FALSE_CLEAN,True,103,102,102,11
heldout,heldout_dirty_151,contaminated,0.1,>5%,corner_blob,1,connected_component,UNKNOWN,global_pass_fraction,NOT_FALSE_CLEAN,True,103,102,102,11
heldout,heldout_dirty_151,contaminated,0.1,>5%,corner_blob,1,max_local_density,UNKNOWN,global_pass_fraction,NOT_FALSE_CLEAN,True,103,102,102,11
heldout,heldout_dirty_151,contaminated,0.1,>5%,corner_blob,1,edge_aware,UNKNOWN,global_pass_fraction,NOT_FALSE_CLEAN,True,103,102,102,11
heldout,heldout_dirty_151,contaminated,0.1,>5%,corner_blob,1,aggressive,UNKNOWN,global_pass_fraction,NOT_FALSE_CLEAN,True,103,102,102,11
heldout,heldout_dirty_151,contaminated,0.1,>5%,corner_blob,1,balanced,UNKNOWN,global_pass_fraction,NOT_FALSE_CLEAN,True,103,102,102,11
heldout,heldout_dirty_151,contaminated,0.1,>5%,corner_blob,1,conservative,UNKNOWN,global_pass_fraction,NOT_FALSE_CLEAN,True,103,102,102,11
heldout,heldout_dirty_152,contaminated,0.1,>5%,multiple_droplets,0,global_baseline,FLAG,pixel_flag,NOT_FALSE_CLEAN,True,102,102,-1,-1
heldout,heldout_dirty_152,contaminated,0.1,>5%,multiple_droplets,0,tile,FLAG,pixel_flag,NOT_FALSE_CLEAN,True,102,102,-1,-1
heldout,heldout_dirty_152,contaminated,0.1,>5%,multiple_droplets,0,multiscale,FLAG,pixel_flag,NOT_FALSE_CLEAN,True,102,102,-1,-1
heldout,heldout_dirty_152,contaminated,0.1,>5%,multiple_droplets,0,connected_component,FLAG,pixel_flag,NOT_FALSE_CLEAN,True,102,102,-1,-1
heldout,heldout_dirty_152,contaminated,0.1,>5%,multiple_droplets,0,max_local_density,FLAG,pixel_flag,NOT_FALSE_CLEAN,True,102,102,-1,-1
heldout,heldout_dirty_152,contaminated,0.1,>5%,multiple_droplets,0,edge_aware,FLAG,pixel_flag,NOT_FALSE_CLEAN,True,102,102,-1,-1
heldout,heldout_dirty_152,contaminated,0.1,>5%,multiple_droplets,0,aggressive,FLAG,pixel_flag,NOT_FALSE_CLEAN,True,102,102,-1,-1
heldout,heldout_dirty_152,contaminated,0.1,>5%,multiple_droplets,0,balanced,FLAG,pixel_flag,NOT_FALSE_CLEAN,True,102,102,-1,-1
heldout,heldout_dirty_152,contaminated,0.1,>5%,multiple_droplets,0,conservative,FLAG,pixel_flag,NOT_FALSE_CLEAN,True,102,102,-1,-1
heldout,heldout_dirty_153,contaminated,0.1,>5%,multiple_droplets,1,global_baseline,UNKNOWN,global_pass_fraction,NOT_FALSE_CLEAN,True,103,102,76,18
heldout,heldout_dirty_153,contaminated,0.1,>5%,multiple_droplets,1,tile,UNKNOWN,global_pass_fraction,NOT_FALSE_CLEAN,True,103,102,76,18
heldout,heldout_dirty_153,contaminated,0.1,>5%,multiple_droplets,1,multiscale,UNKNOWN,global_pass_fraction,NOT_FALSE_CLEAN,True,103,102,76,18
heldout,heldout_dirty_153,contaminated,0.1,>5%,multiple_droplets,1,connected_component,UNKNOWN,global_pass_fraction,NOT_FALSE_CLEAN,True,103,102,76,18
heldout,heldout_dirty_153,contaminated,0.1,>5%,multiple_droplets,1,max_local_density,UNKNOWN,global_pass_fraction,NOT_FALSE_CLEAN,True,103,102,76,18
heldout,heldout_dirty_153,contaminated,0.1,>5%,multiple_droplets,1,edge_aware,UNKNOWN,global_pass_fraction,NOT_FALSE_CLEAN,True,103,102,76,18
heldout,heldout_dirty_153,contaminated,0.1,>5%,multiple_droplets,1,aggressive,UNKNOWN,global_pass_fraction,NOT_FALSE_CLEAN,True,103,102,76,18
heldout,heldout_dirty_153,contaminated,0.1,>5%,multiple_droplets,1,balanced,UNKNOWN,global_pass_fraction,NOT_FALSE_CLEAN,True,103,102,76,18
heldout,heldout_dirty_153,contaminated,0.1,>5%,multiple_droplets,1,conservative,UNKNOWN,global_pass_fraction,NOT_FALSE_CLEAN,True,103,102,76,18
heldout,heldout_dirty_154,contaminated,0.1,>5%,dispersed_sparse,0,global_baseline,FLAG,pixel_flag,NOT_FALSE_CLEAN,True,102,102,-1,-1
heldout,heldout_dirty_154,contaminated,0.1,>5%,dispersed_sparse,0,tile,FLAG,pixel_flag,NOT_FALSE_CLEAN,True,102,102,-1,-1
heldout,heldout_dirty_154,contaminated,0.1,>5%,dispersed_sparse,0,multiscale,FLAG,pixel_flag,NOT_FALSE_CLEAN,True,102,102,-1,-1
heldout,heldout_dirty_154,contaminated,0.1,>5%,dispersed_sparse,0,connected_component,FLAG,pixel_flag,NOT_FALSE_CLEAN,True,102,102,-1,-1
heldout,heldout_dirty_154,contaminated,0.1,>5%,dispersed_sparse,0,max_local_density,FLAG,pixel_flag,NOT_FALSE_CLEAN,True,102,102,-1,-1
heldout,heldout_dirty_154,contaminated,0.1,>5%,dispersed_sparse,0,edge_aware,FLAG,pixel_flag,NOT_FALSE_CLEAN,True,102,102,-1,-1
heldout,heldout_dirty_154,contaminated,0.1,>5%,dispersed_sparse,0,aggressive,FLAG,pixel_flag,NOT_FALSE_CLEAN,True,102,102,-1,-1
heldout,heldout_dirty_154,contaminated,0.1,>5%,dispersed_sparse,0,balanced,FLAG,pixel_flag,NOT_FALSE_CLEAN,True,102,102,-1,-1
heldout,heldout_dirty_154,contaminated,0.1,>5%,dispersed_sparse,0,conservative,FLAG,pixel_flag,NOT_FALSE_CLEAN,True,102,102,-1,-1
heldout,heldout_dirty_155,contaminated,0.1,>5%,dispersed_sparse,1,global_baseline,UNKNOWN,global_pass_fraction,NOT_FALSE_CLEAN,True,104,102,5,5
heldout,heldout_dirty_155,contaminated,0.1,>5%,dispersed_sparse,1,tile,UNKNOWN,global_pass_fraction,NOT_FALSE_CLEAN,True,104,102,5,5
heldout,heldout_dirty_155,contaminated,0.1,>5%,dispersed_sparse,1,multiscale,UNKNOWN,global_pass_fraction,NOT_FALSE_CLEAN,True,104,102,5,5
heldout,heldout_dirty_155,contaminated,0.1,>5%,dispersed_sparse,1,connected_component,UNKNOWN,global_pass_fraction,NOT_FALSE_CLEAN,True,104,102,5,5
heldout,heldout_dirty_155,contaminated,0.1,>5%,dispersed_sparse,1,max_local_density,UNKNOWN,global_pass_fraction,NOT_FALSE_CLEAN,True,104,102,5,5
heldout,heldout_dirty_155,contaminated,0.1,>5%,dispersed_sparse,1,edge_aware,UNKNOWN,global_pass_fraction,NOT_FALSE_CLEAN,True,104,102,5,5
heldout,heldout_dirty_155,contaminated,0.1,>5%,dispersed_sparse,1,aggressive,UNKNOWN,global_pass_fraction,NOT_FALSE_CLEAN,True,104,102,5,5
heldout,heldout_dirty_155,contaminated,0.1,>5%,dispersed_sparse,1,balanced,UNKNOWN,global_pass_fraction,NOT_FALSE_CLEAN,True,104,102,5,5
heldout,heldout_dirty_155,contaminated,0.1,>5%,dispersed_sparse,1,conservative,UNKNOWN,global_pass_fraction,NOT_FALSE_CLEAN,True,104,102,5,5
heldout,heldout_dirty_156,contaminated,0.1,>5%,psf_blurred,0,global_baseline,UNKNOWN,global_pass_fraction,NOT_FALSE_CLEAN,True,196,96,196,16
heldout,heldout_dirty_156,contaminated,0.1,>5%,psf_blurred,0,tile,UNKNOWN,global_pass_fraction,NOT_FALSE_CLEAN,True,196,96,196,16
heldout,heldout_dirty_156,contaminated,0.1,>5%,psf_blurred,0,multiscale,UNKNOWN,global_pass_fraction,NOT_FALSE_CLEAN,True,196,96,196,16
heldout,heldout_dirty_156,contaminated,0.1,>5%,psf_blurred,0,connected_component,UNKNOWN,global_pass_fraction,NOT_FALSE_CLEAN,True,196,96,196,16
heldout,heldout_dirty_156,contaminated,0.1,>5%,psf_blurred,0,max_local_density,UNKNOWN,global_pass_fraction,NOT_FALSE_CLEAN,True,196,96,196,16
heldout,heldout_dirty_156,contaminated,0.1,>5%,psf_blurred,0,edge_aware,UNKNOWN,global_pass_fraction,NOT_FALSE_CLEAN,True,196,96,196,16
heldout,heldout_dirty_156,contaminated,0.1,>5%,psf_blurred,0,aggressive,UNKNOWN,global_pass_fraction,NOT_FALSE_CLEAN,True,196,96,196,16
heldout,heldout_dirty_156,contaminated,0.1,>5%,psf_blurred,0,balanced,UNKNOWN,global_pass_fraction,NOT_FALSE_CLEAN,True,196,96,196,16
heldout,heldout_dirty_156,contaminated,0.1,>5%,psf_blurred,0,conservative,UNKNOWN,global_pass_fraction,NOT_FALSE_CLEAN,True,196,96,196,16
heldout,heldout_dirty_157,contaminated,0.1,>5%,psf_blurred,1,global_baseline,UNKNOWN,global_pass_fraction,NOT_FALSE_CLEAN,True,131,95,131,13
heldout,heldout_dirty_157,contaminated,0.1,>5%,psf_blurred,1,tile,UNKNOWN,global_pass_fraction,NOT_FALSE_CLEAN,True,131,95,131,13
heldout,heldout_dirty_157,contaminated,0.1,>5%,psf_blurred,1,multiscale,UNKNOWN,global_pass_fraction,NOT_FALSE_CLEAN,True,131,95,131,13
heldout,heldout_dirty_157,contaminated,0.1,>5%,psf_blurred,1,connected_component,UNKNOWN,global_pass_fraction,NOT_FALSE_CLEAN,True,131,95,131,13
heldout,heldout_dirty_157,contaminated,0.1,>5%,psf_blurred,1,max_local_density,UNKNOWN,global_pass_fraction,NOT_FALSE_CLEAN,True,131,95,131,13
heldout,heldout_dirty_157,contaminated,0.1,>5%,psf_blurred,1,edge_aware,UNKNOWN,global_pass_fraction,NOT_FALSE_CLEAN,True,131,95,131,13
heldout,heldout_dirty_157,contaminated,0.1,>5%,psf_blurred,1,aggressive,UNKNOWN,global_pass_fraction,NOT_FALSE_CLEAN,True,131,95,131,13
heldout,heldout_dirty_157,contaminated,0.1,>5%,psf_blurred,1,balanced,UNKNOWN,global_pass_fraction,NOT_FALSE_CLEAN,True,131,95,131,13
heldout,heldout_dirty_157,contaminated,0.1,>5%,psf_blurred,1,conservative,UNKNOWN,global_pass_fraction,NOT_FALSE_CLEAN,True,131,95,131,13
heldout,heldout_dirty_158,contaminated,0.1,>5%,registration_shifted,0,global_baseline,UNKNOWN,global_pass_fraction,NOT_FALSE_CLEAN,True,102,101,101,11
heldout,heldout_dirty_158,contaminated,0.1,>5%,registration_shifted,0,tile,UNKNOWN,global_pass_fraction,NOT_FALSE_CLEAN,True,102,101,101,11
heldout,heldout_dirty_158,contaminated,0.1,>5%,registration_shifted,0,multiscale,UNKNOWN,global_pass_fraction,NOT_FALSE_CLEAN,True,102,101,101,11
heldout,heldout_dirty_158,contaminated,0.1,>5%,registration_shifted,0,connected_component,UNKNOWN,global_pass_fraction,NOT_FALSE_CLEAN,True,102,101,101,11
heldout,heldout_dirty_158,contaminated,0.1,>5%,registration_shifted,0,max_local_density,UNKNOWN,global_pass_fraction,NOT_FALSE_CLEAN,True,102,101,101,11
heldout,heldout_dirty_158,contaminated,0.1,>5%,registration_shifted,0,edge_aware,UNKNOWN,global_pass_fraction,NOT_FALSE_CLEAN,True,102,101,101,11
heldout,heldout_dirty_158,contaminated,0.1,>5%,registration_shifted,0,aggressive,UNKNOWN,global_pass_fraction,NOT_FALSE_CLEAN,True,102,101,101,11
heldout,heldout_dirty_158,contaminated,0.1,>5%,registration_shifted,0,balanced,UNKNOWN,global_pass_fraction,NOT_FALSE_CLEAN,True,102,101,101,11
heldout,heldout_dirty_158,contaminated,0.1,>5%,registration_shifted,0,conservative,UNKNOWN,global_pass_fraction,NOT_FALSE_CLEAN,True,102,101,101,11
heldout,heldout_dirty_159,contaminated,0.1,>5%,registration_shifted,1,global_baseline,FLAG,pixel_flag,NOT_FALSE_CLEAN,True,103,102,-1,-1
heldout,heldout_dirty_159,contaminated,0.1,>5%,registration_shifted,1,tile,FLAG,pixel_flag,NOT_FALSE_CLEAN,True,103,102,-1,-1
heldout,heldout_dirty_159,contaminated,0.1,>5%,registration_shifted,1,multiscale,FLAG,pixel_flag,NOT_FALSE_CLEAN,True,103,102,-1,-1
heldout,heldout_dirty_159,contaminated,0.1,>5%,registration_shifted,1,connected_component,FLAG,pixel_flag,NOT_FALSE_CLEAN,True,103,102,-1,-1
heldout,heldout_dirty_159,contaminated,0.1,>5%,registration_shifted,1,max_local_density,FLAG,pixel_flag,NOT_FALSE_CLEAN,True,103,102,-1,-1
heldout,heldout_dirty_159,contaminated,0.1,>5%,registration_shifted,1,edge_aware,FLAG,pixel_flag,NOT_FALSE_CLEAN,True,103,102,-1,-1
heldout,heldout_dirty_159,contaminated,0.1,>5%,registration_shifted,1,aggressive,FLAG,pixel_flag,NOT_FALSE_CLEAN,True,103,102,-1,-1
heldout,heldout_dirty_159,contaminated,0.1,>5%,registration_shifted,1,balanced,FLAG,pixel_flag,NOT_FALSE_CLEAN,True,103,102,-1,-1
heldout,heldout_dirty_159,contaminated,0.1,>5%,registration_shifted,1,conservative,FLAG,pixel_flag,NOT_FALSE_CLEAN,True,103,102,-1,-1
heldout,heldout_clean_160,clean,0.0,clean,nominal,0,global_baseline,PASS,spatial_certificate,CLEAN_NUISANCE,False,1,1024,1,1
heldout,heldout_clean_160,clean,0.0,clean,nominal,0,tile,PASS,spatial_certificate,CLEAN_NUISANCE,False,1,1024,1,1
heldout,heldout_clean_160,clean,0.0,clean,nominal,0,multiscale,PASS,spatial_certificate,CLEAN_NUISANCE,False,1,1024,1,1
heldout,heldout_clean_160,clean,0.0,clean,nominal,0,connected_component,PASS,spatial_certificate,CLEAN_NUISANCE,False,1,1024,1,1
heldout,heldout_clean_160,clean,0.0,clean,nominal,0,max_local_density,PASS,spatial_certificate,CLEAN_NUISANCE,False,1,1024,1,1
heldout,heldout_clean_160,clean,0.0,clean,nominal,0,edge_aware,PASS,spatial_certificate,CLEAN_NUISANCE,False,1,1024,1,1
heldout,heldout_clean_160,clean,0.0,clean,nominal,0,aggressive,PASS,spatial_certificate,CLEAN_NUISANCE,False,1,1024,1,1
heldout,heldout_clean_160,clean,0.0,clean,nominal,0,balanced,PASS,spatial_certificate,CLEAN_NUISANCE,False,1,1024,1,1
heldout,heldout_clean_160,clean,0.0,clean,nominal,0,conservative,PASS,spatial_certificate,CLEAN_NUISANCE,False,1,1024,1,1
heldout,heldout_clean_161,clean,0.0,clean,nominal,1,global_baseline,PASS,spatial_certificate,CLEAN_NUISANCE,False,0,1024,0,0
heldout,heldout_clean_161,clean,0.0,clean,nominal,1,tile,PASS,spatial_certificate,CLEAN_NUISANCE,False,0,1024,0,0
heldout,heldout_clean_161,clean,0.0,clean,nominal,1,multiscale,PASS,spatial_certificate,CLEAN_NUISANCE,False,0,1024,0,0
heldout,heldout_clean_161,clean,0.0,clean,nominal,1,connected_component,PASS,spatial_certificate,CLEAN_NUISANCE,False,0,1024,0,0
heldout,heldout_clean_161,clean,0.0,clean,nominal,1,max_local_density,PASS,spatial_certificate,CLEAN_NUISANCE,False,0,1024,0,0
heldout,heldout_clean_161,clean,0.0,clean,nominal,1,edge_aware,PASS,spatial_certificate,CLEAN_NUISANCE,False,0,1024,0,0
heldout,heldout_clean_161,clean,0.0,clean,nominal,1,aggressive,PASS,spatial_certificate,CLEAN_NUISANCE,False,0,1024,0,0
heldout,heldout_clean_161,clean,0.0,clean,nominal,1,balanced,PASS,spatial_certificate,CLEAN_NUISANCE,False,0,1024,0,0
heldout,heldout_clean_161,clean,0.0,clean,nominal,1,conservative,PASS,spatial_certificate,CLEAN_NUISANCE,False,0,1024,0,0
heldout,heldout_clean_162,clean,0.0,clean,nominal,2,global_baseline,PASS,spatial_certificate,CLEAN_NUISANCE,False,1,1024,1,1
heldout,heldout_clean_162,clean,0.0,clean,nominal,2,tile,PASS,spatial_certificate,CLEAN_NUISANCE,False,1,1024,1,1
heldout,heldout_clean_162,clean,0.0,clean,nominal,2,multiscale,PASS,spatial_certificate,CLEAN_NUISANCE,False,1,1024,1,1
heldout,heldout_clean_162,clean,0.0,clean,nominal,2,connected_component,PASS,spatial_certificate,CLEAN_NUISANCE,False,1,1024,1,1
heldout,heldout_clean_162,clean,0.0,clean,nominal,2,max_local_density,PASS,spatial_certificate,CLEAN_NUISANCE,False,1,1024,1,1
heldout,heldout_clean_162,clean,0.0,clean,nominal,2,edge_aware,PASS,spatial_certificate,CLEAN_NUISANCE,False,1,1024,1,1
heldout,heldout_clean_162,clean,0.0,clean,nominal,2,aggressive,PASS,spatial_certificate,CLEAN_NUISANCE,False,1,1024,1,1
heldout,heldout_clean_162,clean,0.0,clean,nominal,2,balanced,PASS,spatial_certificate,CLEAN_NUISANCE,False,1,1024,1,1
heldout,heldout_clean_162,clean,0.0,clean,nominal,2,conservative,PASS,spatial_certificate,CLEAN_NUISANCE,False,1,1024,1,1
heldout,heldout_clean_163,clean,0.0,clean,nominal,3,global_baseline,PASS,spatial_certificate,CLEAN_NUISANCE,False,1,1024,1,1
heldout,heldout_clean_163,clean,0.0,clean,nominal,3,tile,PASS,spatial_certificate,CLEAN_NUISANCE,False,1,1024,1,1
heldout,heldout_clean_163,clean,0.0,clean,nominal,3,multiscale,PASS,spatial_certificate,CLEAN_NUISANCE,False,1,1024,1,1
heldout,heldout_clean_163,clean,0.0,clean,nominal,3,connected_component,PASS,spatial_certificate,CLEAN_NUISANCE,False,1,1024,1,1
heldout,heldout_clean_163,clean,0.0,clean,nominal,3,max_local_density,PASS,spatial_certificate,CLEAN_NUISANCE,False,1,1024,1,1
heldout,heldout_clean_163,clean,0.0,clean,nominal,3,edge_aware,PASS,spatial_certificate,CLEAN_NUISANCE,False,1,1024,1,1
heldout,heldout_clean_163,clean,0.0,clean,nominal,3,aggressive,PASS,spatial_certificate,CLEAN_NUISANCE,False,1,1024,1,1
heldout,heldout_clean_163,clean,0.0,clean,nominal,3,balanced,PASS,spatial_certificate,CLEAN_NUISANCE,False,1,1024,1,1
heldout,heldout_clean_163,clean,0.0,clean,nominal,3,conservative,PASS,spatial_certificate,CLEAN_NUISANCE,False,1,1024,1,1
heldout,heldout_clean_164,clean,0.0,clean,nominal,4,global_baseline,PASS,spatial_certificate,CLEAN_NUISANCE,False,1,1024,1,1
heldout,heldout_clean_164,clean,0.0,clean,nominal,4,tile,PASS,spatial_certificate,CLEAN_NUISANCE,False,1,1024,1,1
heldout,heldout_clean_164,clean,0.0,clean,nominal,4,multiscale,PASS,spatial_certificate,CLEAN_NUISANCE,False,1,1024,1,1
heldout,heldout_clean_164,clean,0.0,clean,nominal,4,connected_component,PASS,spatial_certificate,CLEAN_NUISANCE,False,1,1024,1,1
heldout,heldout_clean_164,clean,0.0,clean,nominal,4,max_local_density,PASS,spatial_certificate,CLEAN_NUISANCE,False,1,1024,1,1
heldout,heldout_clean_164,clean,0.0,clean,nominal,4,edge_aware,PASS,spatial_certificate,CLEAN_NUISANCE,False,1,1024,1,1
heldout,heldout_clean_164,clean,0.0,clean,nominal,4,aggressive,PASS,spatial_certificate,CLEAN_NUISANCE,False,1,1024,1,1
heldout,heldout_clean_164,clean,0.0,clean,nominal,4,balanced,PASS,spatial_certificate,CLEAN_NUISANCE,False,1,1024,1,1
heldout,heldout_clean_164,clean,0.0,clean,nominal,4,conservative,PASS,spatial_certificate,CLEAN_NUISANCE,False,1,1024,1,1
heldout,heldout_clean_165,clean,0.0,clean,nominal,5,global_baseline,PASS,spatial_certificate,CLEAN_NUISANCE,False,1,1024,1,1
heldout,heldout_clean_165,clean,0.0,clean,nominal,5,tile,PASS,spatial_certificate,CLEAN_NUISANCE,False,1,1024,1,1
heldout,heldout_clean_165,clean,0.0,clean,nominal,5,multiscale,PASS,spatial_certificate,CLEAN_NUISANCE,False,1,1024,1,1
heldout,heldout_clean_165,clean,0.0,clean,nominal,5,connected_component,PASS,spatial_certificate,CLEAN_NUISANCE,False,1,1024,1,1
heldout,heldout_clean_165,clean,0.0,clean,nominal,5,max_local_density,PASS,spatial_certificate,CLEAN_NUISANCE,False,1,1024,1,1
heldout,heldout_clean_165,clean,0.0,clean,nominal,5,edge_aware,PASS,spatial_certificate,CLEAN_NUISANCE,False,1,1024,1,1
heldout,heldout_clean_165,clean,0.0,clean,nominal,5,aggressive,PASS,spatial_certificate,CLEAN_NUISANCE,False,1,1024,1,1
heldout,heldout_clean_165,clean,0.0,clean,nominal,5,balanced,PASS,spatial_certificate,CLEAN_NUISANCE,False,1,1024,1,1
heldout,heldout_clean_165,clean,0.0,clean,nominal,5,conservative,PASS,spatial_certificate,CLEAN_NUISANCE,False,1,1024,1,1
heldout,heldout_clean_166,clean,0.0,clean,nominal,6,global_baseline,PASS,spatial_certificate,CLEAN_NUISANCE,False,1,1024,1,1
heldout,heldout_clean_166,clean,0.0,clean,nominal,6,tile,PASS,spatial_certificate,CLEAN_NUISANCE,False,1,1024,1,1
heldout,heldout_clean_166,clean,0.0,clean,nominal,6,multiscale,PASS,spatial_certificate,CLEAN_NUISANCE,False,1,1024,1,1
heldout,heldout_clean_166,clean,0.0,clean,nominal,6,connected_component,PASS,spatial_certificate,CLEAN_NUISANCE,False,1,1024,1,1
heldout,heldout_clean_166,clean,0.0,clean,nominal,6,max_local_density,PASS,spatial_certificate,CLEAN_NUISANCE,False,1,1024,1,1
heldout,heldout_clean_166,clean,0.0,clean,nominal,6,edge_aware,PASS,spatial_certificate,CLEAN_NUISANCE,False,1,1024,1,1
heldout,heldout_clean_166,clean,0.0,clean,nominal,6,aggressive,PASS,spatial_certificate,CLEAN_NUISANCE,False,1,1024,1,1
heldout,heldout_clean_166,clean,0.0,clean,nominal,6,balanced,PASS,spatial_certificate,CLEAN_NUISANCE,False,1,1024,1,1
heldout,heldout_clean_166,clean,0.0,clean,nominal,6,conservative,PASS,spatial_certificate,CLEAN_NUISANCE,False,1,1024,1,1
heldout,heldout_clean_167,clean,0.0,clean,nominal,7,global_baseline,PASS,spatial_certificate,CLEAN_NUISANCE,False,1,1024,1,1
heldout,heldout_clean_167,clean,0.0,clean,nominal,7,tile,PASS,spatial_certificate,CLEAN_NUISANCE,False,1,1024,1,1
heldout,heldout_clean_167,clean,0.0,clean,nominal,7,multiscale,PASS,spatial_certificate,CLEAN_NUISANCE,False,1,1024,1,1
heldout,heldout_clean_167,clean,0.0,clean,nominal,7,connected_component,PASS,spatial_certificate,CLEAN_NUISANCE,False,1,1024,1,1
heldout,heldout_clean_167,clean,0.0,clean,nominal,7,max_local_density,PASS,spatial_certificate,CLEAN_NUISANCE,False,1,1024,1,1
heldout,heldout_clean_167,clean,0.0,clean,nominal,7,edge_aware,PASS,spatial_certificate,CLEAN_NUISANCE,False,1,1024,1,1
heldout,heldout_clean_167,clean,0.0,clean,nominal,7,aggressive,PASS,spatial_certificate,CLEAN_NUISANCE,False,1,1024,1,1
heldout,heldout_clean_167,clean,0.0,clean,nominal,7,balanced,PASS,spatial_certificate,CLEAN_NUISANCE,False,1,1024,1,1
heldout,heldout_clean_167,clean,0.0,clean,nominal,7,conservative,PASS,spatial_certificate,CLEAN_NUISANCE,False,1,1024,1,1
heldout,heldout_clean_168,clean,0.0,clean,nominal,8,global_baseline,PASS,spatial_certificate,CLEAN_NUISANCE,False,1,1024,1,1
heldout,heldout_clean_168,clean,0.0,clean,nominal,8,tile,PASS,spatial_certificate,CLEAN_NUISANCE,False,1,1024,1,1
heldout,heldout_clean_168,clean,0.0,clean,nominal,8,multiscale,PASS,spatial_certificate,CLEAN_NUISANCE,False,1,1024,1,1
heldout,heldout_clean_168,clean,0.0,clean,nominal,8,connected_component,PASS,spatial_certificate,CLEAN_NUISANCE,False,1,1024,1,1
heldout,heldout_clean_168,clean,0.0,clean,nominal,8,max_local_density,PASS,spatial_certificate,CLEAN_NUISANCE,False,1,1024,1,1
heldout,heldout_clean_168,clean,0.0,clean,nominal,8,edge_aware,PASS,spatial_certificate,CLEAN_NUISANCE,False,1,1024,1,1
heldout,heldout_clean_168,clean,0.0,clean,nominal,8,aggressive,PASS,spatial_certificate,CLEAN_NUISANCE,False,1,1024,1,1
heldout,heldout_clean_168,clean,0.0,clean,nominal,8,balanced,PASS,spatial_certificate,CLEAN_NUISANCE,False,1,1024,1,1
heldout,heldout_clean_168,clean,0.0,clean,nominal,8,conservative,PASS,spatial_certificate,CLEAN_NUISANCE,False,1,1024,1,1
heldout,heldout_clean_169,clean,0.0,clean,nominal,9,global_baseline,PASS,spatial_certificate,CLEAN_NUISANCE,False,2,1024,1,1
heldout,heldout_clean_169,clean,0.0,clean,nominal,9,tile,PASS,spatial_certificate,CLEAN_NUISANCE,False,2,1024,1,1
heldout,heldout_clean_169,clean,0.0,clean,nominal,9,multiscale,PASS,spatial_certificate,CLEAN_NUISANCE,False,2,1024,1,1
heldout,heldout_clean_169,clean,0.0,clean,nominal,9,connected_component,PASS,spatial_certificate,CLEAN_NUISANCE,False,2,1024,1,1
heldout,heldout_clean_169,clean,0.0,clean,nominal,9,max_local_density,PASS,spatial_certificate,CLEAN_NUISANCE,False,2,1024,1,1
heldout,heldout_clean_169,clean,0.0,clean,nominal,9,edge_aware,PASS,spatial_certificate,CLEAN_NUISANCE,False,2,1024,1,1
heldout,heldout_clean_169,clean,0.0,clean,nominal,9,aggressive,PASS,spatial_certificate,CLEAN_NUISANCE,False,2,1024,1,1
heldout,heldout_clean_169,clean,0.0,clean,nominal,9,balanced,PASS,spatial_certificate,CLEAN_NUISANCE,False,2,1024,1,1
heldout,heldout_clean_169,clean,0.0,clean,nominal,9,conservative,PASS,spatial_certificate,CLEAN_NUISANCE,False,2,1024,1,1
heldout,heldout_clean_170,clean,0.0,clean,nominal,10,global_baseline,PASS,spatial_certificate,CLEAN_NUISANCE,False,0,1024,0,0
heldout,heldout_clean_170,clean,0.0,clean,nominal,10,tile,PASS,spatial_certificate,CLEAN_NUISANCE,False,0,1024,0,0
heldout,heldout_clean_170,clean,0.0,clean,nominal,10,multiscale,PASS,spatial_certificate,CLEAN_NUISANCE,False,0,1024,0,0
heldout,heldout_clean_170,clean,0.0,clean,nominal,10,connected_component,PASS,spatial_certificate,CLEAN_NUISANCE,False,0,1024,0,0
heldout,heldout_clean_170,clean,0.0,clean,nominal,10,max_local_density,PASS,spatial_certificate,CLEAN_NUISANCE,False,0,1024,0,0
heldout,heldout_clean_170,clean,0.0,clean,nominal,10,edge_aware,PASS,spatial_certificate,CLEAN_NUISANCE,False,0,1024,0,0
heldout,heldout_clean_170,clean,0.0,clean,nominal,10,aggressive,PASS,spatial_certificate,CLEAN_NUISANCE,False,0,1024,0,0
heldout,heldout_clean_170,clean,0.0,clean,nominal,10,balanced,PASS,spatial_certificate,CLEAN_NUISANCE,False,0,1024,0,0
heldout,heldout_clean_170,clean,0.0,clean,nominal,10,conservative,PASS,spatial_certificate,CLEAN_NUISANCE,False,0,1024,0,0
heldout,heldout_clean_171,clean,0.0,clean,nominal,11,global_baseline,PASS,spatial_certificate,CLEAN_NUISANCE,False,1,1024,1,1
heldout,heldout_clean_171,clean,0.0,clean,nominal,11,tile,PASS,spatial_certificate,CLEAN_NUISANCE,False,1,1024,1,1
heldout,heldout_clean_171,clean,0.0,clean,nominal,11,multiscale,PASS,spatial_certificate,CLEAN_NUISANCE,False,1,1024,1,1
heldout,heldout_clean_171,clean,0.0,clean,nominal,11,connected_component,PASS,spatial_certificate,CLEAN_NUISANCE,False,1,1024,1,1
heldout,heldout_clean_171,clean,0.0,clean,nominal,11,max_local_density,PASS,spatial_certificate,CLEAN_NUISANCE,False,1,1024,1,1
heldout,heldout_clean_171,clean,0.0,clean,nominal,11,edge_aware,PASS,spatial_certificate,CLEAN_NUISANCE,False,1,1024,1,1
heldout,heldout_clean_171,clean,0.0,clean,nominal,11,aggressive,PASS,spatial_certificate,CLEAN_NUISANCE,False,1,1024,1,1
heldout,heldout_clean_171,clean,0.0,clean,nominal,11,balanced,PASS,spatial_certificate,CLEAN_NUISANCE,False,1,1024,1,1
heldout,heldout_clean_171,clean,0.0,clean,nominal,11,conservative,PASS,spatial_certificate,CLEAN_NUISANCE,False,1,1024,1,1
heldout,heldout_clean_172,clean,0.0,clean,nominal,12,global_baseline,PASS,spatial_certificate,CLEAN_NUISANCE,False,0,1024,0,0
heldout,heldout_clean_172,clean,0.0,clean,nominal,12,tile,PASS,spatial_certificate,CLEAN_NUISANCE,False,0,1024,0,0
heldout,heldout_clean_172,clean,0.0,clean,nominal,12,multiscale,PASS,spatial_certificate,CLEAN_NUISANCE,False,0,1024,0,0
heldout,heldout_clean_172,clean,0.0,clean,nominal,12,connected_component,PASS,spatial_certificate,CLEAN_NUISANCE,False,0,1024,0,0
heldout,heldout_clean_172,clean,0.0,clean,nominal,12,max_local_density,PASS,spatial_certificate,CLEAN_NUISANCE,False,0,1024,0,0
heldout,heldout_clean_172,clean,0.0,clean,nominal,12,edge_aware,PASS,spatial_certificate,CLEAN_NUISANCE,False,0,1024,0,0
heldout,heldout_clean_172,clean,0.0,clean,nominal,12,aggressive,PASS,spatial_certificate,CLEAN_NUISANCE,False,0,1024,0,0
heldout,heldout_clean_172,clean,0.0,clean,nominal,12,balanced,PASS,spatial_certificate,CLEAN_NUISANCE,False,0,1024,0,0
heldout,heldout_clean_172,clean,0.0,clean,nominal,12,conservative,PASS,spatial_certificate,CLEAN_NUISANCE,False,0,1024,0,0
heldout,heldout_clean_173,clean,0.0,clean,nominal,13,global_baseline,PASS,spatial_certificate,CLEAN_NUISANCE,False,1,1024,1,1
heldout,heldout_clean_173,clean,0.0,clean,nominal,13,tile,PASS,spatial_certificate,CLEAN_NUISANCE,False,1,1024,1,1
heldout,heldout_clean_173,clean,0.0,clean,nominal,13,multiscale,PASS,spatial_certificate,CLEAN_NUISANCE,False,1,1024,1,1
heldout,heldout_clean_173,clean,0.0,clean,nominal,13,connected_component,PASS,spatial_certificate,CLEAN_NUISANCE,False,1,1024,1,1
heldout,heldout_clean_173,clean,0.0,clean,nominal,13,max_local_density,PASS,spatial_certificate,CLEAN_NUISANCE,False,1,1024,1,1
heldout,heldout_clean_173,clean,0.0,clean,nominal,13,edge_aware,PASS,spatial_certificate,CLEAN_NUISANCE,False,1,1024,1,1
heldout,heldout_clean_173,clean,0.0,clean,nominal,13,aggressive,PASS,spatial_certificate,CLEAN_NUISANCE,False,1,1024,1,1
heldout,heldout_clean_173,clean,0.0,clean,nominal,13,balanced,PASS,spatial_certificate,CLEAN_NUISANCE,False,1,1024,1,1
heldout,heldout_clean_173,clean,0.0,clean,nominal,13,conservative,PASS,spatial_certificate,CLEAN_NUISANCE,False,1,1024,1,1
heldout,heldout_clean_174,clean,0.0,clean,nominal,14,global_baseline,PASS,spatial_certificate,CLEAN_NUISANCE,False,0,1024,0,0
heldout,heldout_clean_174,clean,0.0,clean,nominal,14,tile,PASS,spatial_certificate,CLEAN_NUISANCE,False,0,1024,0,0
heldout,heldout_clean_174,clean,0.0,clean,nominal,14,multiscale,PASS,spatial_certificate,CLEAN_NUISANCE,False,0,1024,0,0
heldout,heldout_clean_174,clean,0.0,clean,nominal,14,connected_component,PASS,spatial_certificate,CLEAN_NUISANCE,False,0,1024,0,0
heldout,heldout_clean_174,clean,0.0,clean,nominal,14,max_local_density,PASS,spatial_certificate,CLEAN_NUISANCE,False,0,1024,0,0
heldout,heldout_clean_174,clean,0.0,clean,nominal,14,edge_aware,PASS,spatial_certificate,CLEAN_NUISANCE,False,0,1024,0,0
heldout,heldout_clean_174,clean,0.0,clean,nominal,14,aggressive,PASS,spatial_certificate,CLEAN_NUISANCE,False,0,1024,0,0
heldout,heldout_clean_174,clean,0.0,clean,nominal,14,balanced,PASS,spatial_certificate,CLEAN_NUISANCE,False,0,1024,0,0
heldout,heldout_clean_174,clean,0.0,clean,nominal,14,conservative,PASS,spatial_certificate,CLEAN_NUISANCE,False,0,1024,0,0
heldout,heldout_clean_175,clean,0.0,clean,nominal,15,global_baseline,PASS,spatial_certificate,CLEAN_NUISANCE,False,1,1024,1,1
heldout,heldout_clean_175,clean,0.0,clean,nominal,15,tile,PASS,spatial_certificate,CLEAN_NUISANCE,False,1,1024,1,1
heldout,heldout_clean_175,clean,0.0,clean,nominal,15,multiscale,PASS,spatial_certificate,CLEAN_NUISANCE,False,1,1024,1,1
heldout,heldout_clean_175,clean,0.0,clean,nominal,15,connected_component,PASS,spatial_certificate,CLEAN_NUISANCE,False,1,1024,1,1
heldout,heldout_clean_175,clean,0.0,clean,nominal,15,max_local_density,PASS,spatial_certificate,CLEAN_NUISANCE,False,1,1024,1,1
heldout,heldout_clean_175,clean,0.0,clean,nominal,15,edge_aware,PASS,spatial_certificate,CLEAN_NUISANCE,False,1,1024,1,1
heldout,heldout_clean_175,clean,0.0,clean,nominal,15,aggressive,PASS,spatial_certificate,CLEAN_NUISANCE,False,1,1024,1,1
heldout,heldout_clean_175,clean,0.0,clean,nominal,15,balanced,PASS,spatial_certificate,CLEAN_NUISANCE,False,1,1024,1,1
heldout,heldout_clean_175,clean,0.0,clean,nominal,15,conservative,PASS,spatial_certificate,CLEAN_NUISANCE,False,1,1024,1,1
heldout,heldout_clean_176,clean,0.0,clean,texture,0,global_baseline,UNKNOWN,global_pass_fraction,CLEAN_NUISANCE,False,82,82,28,10
heldout,heldout_clean_176,clean,0.0,clean,texture,0,tile,UNKNOWN,global_pass_fraction,CLEAN_NUISANCE,False,82,82,28,10
heldout,heldout_clean_176,clean,0.0,clean,texture,0,multiscale,UNKNOWN,global_pass_fraction,CLEAN_NUISANCE,False,82,82,28,10
heldout,heldout_clean_176,clean,0.0,clean,texture,0,connected_component,UNKNOWN,global_pass_fraction,CLEAN_NUISANCE,False,82,82,28,10
heldout,heldout_clean_176,clean,0.0,clean,texture,0,max_local_density,UNKNOWN,global_pass_fraction,CLEAN_NUISANCE,False,82,82,28,10
heldout,heldout_clean_176,clean,0.0,clean,texture,0,edge_aware,UNKNOWN,global_pass_fraction,CLEAN_NUISANCE,False,82,82,28,10
heldout,heldout_clean_176,clean,0.0,clean,texture,0,aggressive,UNKNOWN,global_pass_fraction,CLEAN_NUISANCE,False,82,82,28,10
heldout,heldout_clean_176,clean,0.0,clean,texture,0,balanced,UNKNOWN,global_pass_fraction,CLEAN_NUISANCE,False,82,82,28,10
heldout,heldout_clean_176,clean,0.0,clean,texture,0,conservative,UNKNOWN,global_pass_fraction,CLEAN_NUISANCE,False,82,82,28,10
heldout,heldout_clean_177,clean,0.0,clean,texture,1,global_baseline,UNKNOWN,global_pass_fraction,CLEAN_NUISANCE,False,82,82,14,6
heldout,heldout_clean_177,clean,0.0,clean,texture,1,tile,UNKNOWN,global_pass_fraction,CLEAN_NUISANCE,False,82,82,14,6
heldout,heldout_clean_177,clean,0.0,clean,texture,1,multiscale,UNKNOWN,global_pass_fraction,CLEAN_NUISANCE,False,82,82,14,6
heldout,heldout_clean_177,clean,0.0,clean,texture,1,connected_component,UNKNOWN,global_pass_fraction,CLEAN_NUISANCE,False,82,82,14,6
heldout,heldout_clean_177,clean,0.0,clean,texture,1,max_local_density,UNKNOWN,global_pass_fraction,CLEAN_NUISANCE,False,82,82,14,6
heldout,heldout_clean_177,clean,0.0,clean,texture,1,edge_aware,UNKNOWN,global_pass_fraction,CLEAN_NUISANCE,False,82,82,14,6
heldout,heldout_clean_177,clean,0.0,clean,texture,1,aggressive,UNKNOWN,global_pass_fraction,CLEAN_NUISANCE,False,82,82,14,6
heldout,heldout_clean_177,clean,0.0,clean,texture,1,balanced,UNKNOWN,global_pass_fraction,CLEAN_NUISANCE,False,82,82,14,6
heldout,heldout_clean_177,clean,0.0,clean,texture,1,conservative,UNKNOWN,global_pass_fraction,CLEAN_NUISANCE,False,82,82,14,6
heldout,heldout_clean_178,clean,0.0,clean,texture,2,global_baseline,UNKNOWN,global_pass_fraction,CLEAN_NUISANCE,False,82,82,12,6
heldout,heldout_clean_178,clean,0.0,clean,texture,2,tile,UNKNOWN,global_pass_fraction,CLEAN_NUISANCE,False,82,82,12,6
heldout,heldout_clean_178,clean,0.0,clean,texture,2,multiscale,UNKNOWN,global_pass_fraction,CLEAN_NUISANCE,False,82,82,12,6
heldout,heldout_clean_178,clean,0.0,clean,texture,2,connected_component,UNKNOWN,global_pass_fraction,CLEAN_NUISANCE,False,82,82,12,6
heldout,heldout_clean_178,clean,0.0,clean,texture,2,max_local_density,UNKNOWN,global_pass_fraction,CLEAN_NUISANCE,False,82,82,12,6
heldout,heldout_clean_178,clean,0.0,clean,texture,2,edge_aware,UNKNOWN,global_pass_fraction,CLEAN_NUISANCE,False,82,82,12,6
heldout,heldout_clean_178,clean,0.0,clean,texture,2,aggressive,UNKNOWN,global_pass_fraction,CLEAN_NUISANCE,False,82,82,12,6
heldout,heldout_clean_178,clean,0.0,clean,texture,2,balanced,UNKNOWN,global_pass_fraction,CLEAN_NUISANCE,False,82,82,12,6
heldout,heldout_clean_178,clean,0.0,clean,texture,2,conservative,UNKNOWN,global_pass_fraction,CLEAN_NUISANCE,False,82,82,12,6
heldout,heldout_clean_179,clean,0.0,clean,texture,3,global_baseline,UNKNOWN,global_pass_fraction,CLEAN_NUISANCE,False,85,82,14,5
heldout,heldout_clean_179,clean,0.0,clean,texture,3,tile,UNKNOWN,global_pass_fraction,CLEAN_NUISANCE,False,85,82,14,5
heldout,heldout_clean_179,clean,0.0,clean,texture,3,multiscale,UNKNOWN,global_pass_fraction,CLEAN_NUISANCE,False,85,82,14,5
heldout,heldout_clean_179,clean,0.0,clean,texture,3,connected_component,UNKNOWN,global_pass_fraction,CLEAN_NUISANCE,False,85,82,14,5
heldout,heldout_clean_179,clean,0.0,clean,texture,3,max_local_density,UNKNOWN,global_pass_fraction,CLEAN_NUISANCE,False,85,82,14,5
heldout,heldout_clean_179,clean,0.0,clean,texture,3,edge_aware,UNKNOWN,global_pass_fraction,CLEAN_NUISANCE,False,85,82,14,5
heldout,heldout_clean_179,clean,0.0,clean,texture,3,aggressive,UNKNOWN,global_pass_fraction,CLEAN_NUISANCE,False,85,82,14,5
heldout,heldout_clean_179,clean,0.0,clean,texture,3,balanced,UNKNOWN,global_pass_fraction,CLEAN_NUISANCE,False,85,82,14,5
heldout,heldout_clean_179,clean,0.0,clean,texture,3,conservative,UNKNOWN,global_pass_fraction,CLEAN_NUISANCE,False,85,82,14,5
heldout,heldout_clean_180,clean,0.0,clean,texture,4,global_baseline,UNKNOWN,global_pass_fraction,CLEAN_NUISANCE,False,84,82,16,7
heldout,heldout_clean_180,clean,0.0,clean,texture,4,tile,UNKNOWN,global_pass_fraction,CLEAN_NUISANCE,False,84,82,16,7
heldout,heldout_clean_180,clean,0.0,clean,texture,4,multiscale,UNKNOWN,global_pass_fraction,CLEAN_NUISANCE,False,84,82,16,7
heldout,heldout_clean_180,clean,0.0,clean,texture,4,connected_component,UNKNOWN,global_pass_fraction,CLEAN_NUISANCE,False,84,82,16,7
heldout,heldout_clean_180,clean,0.0,clean,texture,4,max_local_density,UNKNOWN,global_pass_fraction,CLEAN_NUISANCE,False,84,82,16,7
heldout,heldout_clean_180,clean,0.0,clean,texture,4,edge_aware,UNKNOWN,global_pass_fraction,CLEAN_NUISANCE,False,84,82,16,7
heldout,heldout_clean_180,clean,0.0,clean,texture,4,aggressive,UNKNOWN,global_pass_fraction,CLEAN_NUISANCE,False,84,82,16,7
heldout,heldout_clean_180,clean,0.0,clean,texture,4,balanced,UNKNOWN,global_pass_fraction,CLEAN_NUISANCE,False,84,82,16,7
heldout,heldout_clean_180,clean,0.0,clean,texture,4,conservative,UNKNOWN,global_pass_fraction,CLEAN_NUISANCE,False,84,82,16,7
heldout,heldout_clean_181,clean,0.0,clean,texture,5,global_baseline,UNKNOWN,global_pass_fraction,CLEAN_NUISANCE,False,84,82,20,9
heldout,heldout_clean_181,clean,0.0,clean,texture,5,tile,UNKNOWN,global_pass_fraction,CLEAN_NUISANCE,False,84,82,20,9
heldout,heldout_clean_181,clean,0.0,clean,texture,5,multiscale,UNKNOWN,global_pass_fraction,CLEAN_NUISANCE,False,84,82,20,9
heldout,heldout_clean_181,clean,0.0,clean,texture,5,connected_component,UNKNOWN,global_pass_fraction,CLEAN_NUISANCE,False,84,82,20,9
heldout,heldout_clean_181,clean,0.0,clean,texture,5,max_local_density,UNKNOWN,global_pass_fraction,CLEAN_NUISANCE,False,84,82,20,9
heldout,heldout_clean_181,clean,0.0,clean,texture,5,edge_aware,UNKNOWN,global_pass_fraction,CLEAN_NUISANCE,False,84,82,20,9
heldout,heldout_clean_181,clean,0.0,clean,texture,5,aggressive,UNKNOWN,global_pass_fraction,CLEAN_NUISANCE,False,84,82,20,9
heldout,heldout_clean_181,clean,0.0,clean,texture,5,balanced,UNKNOWN,global_pass_fraction,CLEAN_NUISANCE,False,84,82,20,9
heldout,heldout_clean_181,clean,0.0,clean,texture,5,conservative,UNKNOWN,global_pass_fraction,CLEAN_NUISANCE,False,84,82,20,9
heldout,heldout_clean_182,clean,0.0,clean,texture,6,global_baseline,UNKNOWN,global_pass_fraction,CLEAN_NUISANCE,False,83,82,23,8
heldout,heldout_clean_182,clean,0.0,clean,texture,6,tile,UNKNOWN,global_pass_fraction,CLEAN_NUISANCE,False,83,82,23,8
heldout,heldout_clean_182,clean,0.0,clean,texture,6,multiscale,UNKNOWN,global_pass_fraction,CLEAN_NUISANCE,False,83,82,23,8
heldout,heldout_clean_182,clean,0.0,clean,texture,6,connected_component,UNKNOWN,global_pass_fraction,CLEAN_NUISANCE,False,83,82,23,8
heldout,heldout_clean_182,clean,0.0,clean,texture,6,max_local_density,UNKNOWN,global_pass_fraction,CLEAN_NUISANCE,False,83,82,23,8
heldout,heldout_clean_182,clean,0.0,clean,texture,6,edge_aware,UNKNOWN,global_pass_fraction,CLEAN_NUISANCE,False,83,82,23,8
heldout,heldout_clean_182,clean,0.0,clean,texture,6,aggressive,UNKNOWN,global_pass_fraction,CLEAN_NUISANCE,False,83,82,23,8
heldout,heldout_clean_182,clean,0.0,clean,texture,6,balanced,UNKNOWN,global_pass_fraction,CLEAN_NUISANCE,False,83,82,23,8
heldout,heldout_clean_182,clean,0.0,clean,texture,6,conservative,UNKNOWN,global_pass_fraction,CLEAN_NUISANCE,False,83,82,23,8
heldout,heldout_clean_183,clean,0.0,clean,texture,7,global_baseline,UNKNOWN,global_pass_fraction,CLEAN_NUISANCE,False,84,82,18,8
heldout,heldout_clean_183,clean,0.0,clean,texture,7,tile,UNKNOWN,global_pass_fraction,CLEAN_NUISANCE,False,84,82,18,8
heldout,heldout_clean_183,clean,0.0,clean,texture,7,multiscale,UNKNOWN,global_pass_fraction,CLEAN_NUISANCE,False,84,82,18,8
heldout,heldout_clean_183,clean,0.0,clean,texture,7,connected_component,UNKNOWN,global_pass_fraction,CLEAN_NUISANCE,False,84,82,18,8
heldout,heldout_clean_183,clean,0.0,clean,texture,7,max_local_density,UNKNOWN,global_pass_fraction,CLEAN_NUISANCE,False,84,82,18,8
heldout,heldout_clean_183,clean,0.0,clean,texture,7,edge_aware,UNKNOWN,global_pass_fraction,CLEAN_NUISANCE,False,84,82,18,8
heldout,heldout_clean_183,clean,0.0,clean,texture,7,aggressive,UNKNOWN,global_pass_fraction,CLEAN_NUISANCE,False,84,82,18,8
heldout,heldout_clean_183,clean,0.0,clean,texture,7,balanced,UNKNOWN,global_pass_fraction,CLEAN_NUISANCE,False,84,82,18,8
heldout,heldout_clean_183,clean,0.0,clean,texture,7,conservative,UNKNOWN,global_pass_fraction,CLEAN_NUISANCE,False,84,82,18,8
heldout,heldout_clean_184,clean,0.0,clean,texture,8,global_baseline,UNKNOWN,global_pass_fraction,CLEAN_NUISANCE,False,82,82,14,6
heldout,heldout_clean_184,clean,0.0,clean,texture,8,tile,UNKNOWN,global_pass_fraction,CLEAN_NUISANCE,False,82,82,14,6
heldout,heldout_clean_184,clean,0.0,clean,texture,8,multiscale,UNKNOWN,global_pass_fraction,CLEAN_NUISANCE,False,82,82,14,6
heldout,heldout_clean_184,clean,0.0,clean,texture,8,connected_component,UNKNOWN,global_pass_fraction,CLEAN_NUISANCE,False,82,82,14,6
heldout,heldout_clean_184,clean,0.0,clean,texture,8,max_local_density,UNKNOWN,global_pass_fraction,CLEAN_NUISANCE,False,82,82,14,6
heldout,heldout_clean_184,clean,0.0,clean,texture,8,edge_aware,UNKNOWN,global_pass_fraction,CLEAN_NUISANCE,False,82,82,14,6
heldout,heldout_clean_184,clean,0.0,clean,texture,8,aggressive,UNKNOWN,global_pass_fraction,CLEAN_NUISANCE,False,82,82,14,6
heldout,heldout_clean_184,clean,0.0,clean,texture,8,balanced,UNKNOWN,global_pass_fraction,CLEAN_NUISANCE,False,82,82,14,6
heldout,heldout_clean_184,clean,0.0,clean,texture,8,conservative,UNKNOWN,global_pass_fraction,CLEAN_NUISANCE,False,82,82,14,6
heldout,heldout_clean_185,clean,0.0,clean,texture,9,global_baseline,UNKNOWN,global_pass_fraction,CLEAN_NUISANCE,False,84,82,20,6
heldout,heldout_clean_185,clean,0.0,clean,texture,9,tile,UNKNOWN,global_pass_fraction,CLEAN_NUISANCE,False,84,82,20,6
heldout,heldout_clean_185,clean,0.0,clean,texture,9,multiscale,UNKNOWN,global_pass_fraction,CLEAN_NUISANCE,False,84,82,20,6
heldout,heldout_clean_185,clean,0.0,clean,texture,9,connected_component,UNKNOWN,global_pass_fraction,CLEAN_NUISANCE,False,84,82,20,6
heldout,heldout_clean_185,clean,0.0,clean,texture,9,max_local_density,UNKNOWN,global_pass_fraction,CLEAN_NUISANCE,False,84,82,20,6
heldout,heldout_clean_185,clean,0.0,clean,texture,9,edge_aware,UNKNOWN,global_pass_fraction,CLEAN_NUISANCE,False,84,82,20,6
heldout,heldout_clean_185,clean,0.0,clean,texture,9,aggressive,UNKNOWN,global_pass_fraction,CLEAN_NUISANCE,False,84,82,20,6
heldout,heldout_clean_185,clean,0.0,clean,texture,9,balanced,UNKNOWN,global_pass_fraction,CLEAN_NUISANCE,False,84,82,20,6
heldout,heldout_clean_185,clean,0.0,clean,texture,9,conservative,UNKNOWN,global_pass_fraction,CLEAN_NUISANCE,False,84,82,20,6
heldout,heldout_clean_186,clean,0.0,clean,texture,10,global_baseline,UNKNOWN,global_pass_fraction,CLEAN_NUISANCE,False,84,82,22,8
heldout,heldout_clean_186,clean,0.0,clean,texture,10,tile,UNKNOWN,global_pass_fraction,CLEAN_NUISANCE,False,84,82,22,8
heldout,heldout_clean_186,clean,0.0,clean,texture,10,multiscale,UNKNOWN,global_pass_fraction,CLEAN_NUISANCE,False,84,82,22,8
heldout,heldout_clean_186,clean,0.0,clean,texture,10,connected_component,UNKNOWN,global_pass_fraction,CLEAN_NUISANCE,False,84,82,22,8
heldout,heldout_clean_186,clean,0.0,clean,texture,10,max_local_density,UNKNOWN,global_pass_fraction,CLEAN_NUISANCE,False,84,82,22,8
heldout,heldout_clean_186,clean,0.0,clean,texture,10,edge_aware,UNKNOWN,global_pass_fraction,CLEAN_NUISANCE,False,84,82,22,8
heldout,heldout_clean_186,clean,0.0,clean,texture,10,aggressive,UNKNOWN,global_pass_fraction,CLEAN_NUISANCE,False,84,82,22,8
heldout,heldout_clean_186,clean,0.0,clean,texture,10,balanced,UNKNOWN,global_pass_fraction,CLEAN_NUISANCE,False,84,82,22,8
heldout,heldout_clean_186,clean,0.0,clean,texture,10,conservative,UNKNOWN,global_pass_fraction,CLEAN_NUISANCE,False,84,82,22,8
heldout,heldout_clean_187,clean,0.0,clean,texture,11,global_baseline,UNKNOWN,global_pass_fraction,CLEAN_NUISANCE,False,83,82,25,7
heldout,heldout_clean_187,clean,0.0,clean,texture,11,tile,UNKNOWN,global_pass_fraction,CLEAN_NUISANCE,False,83,82,25,7
heldout,heldout_clean_187,clean,0.0,clean,texture,11,multiscale,UNKNOWN,global_pass_fraction,CLEAN_NUISANCE,False,83,82,25,7
heldout,heldout_clean_187,clean,0.0,clean,texture,11,connected_component,UNKNOWN,global_pass_fraction,CLEAN_NUISANCE,False,83,82,25,7
heldout,heldout_clean_187,clean,0.0,clean,texture,11,max_local_density,UNKNOWN,global_pass_fraction,CLEAN_NUISANCE,False,83,82,25,7
heldout,heldout_clean_187,clean,0.0,clean,texture,11,edge_aware,UNKNOWN,global_pass_fraction,CLEAN_NUISANCE,False,83,82,25,7
heldout,heldout_clean_187,clean,0.0,clean,texture,11,aggressive,UNKNOWN,global_pass_fraction,CLEAN_NUISANCE,False,83,82,25,7
heldout,heldout_clean_187,clean,0.0,clean,texture,11,balanced,UNKNOWN,global_pass_fraction,CLEAN_NUISANCE,False,83,82,25,7
heldout,heldout_clean_187,clean,0.0,clean,texture,11,conservative,UNKNOWN,global_pass_fraction,CLEAN_NUISANCE,False,83,82,25,7
heldout,heldout_clean_188,clean,0.0,clean,texture,12,global_baseline,UNKNOWN,global_pass_fraction,CLEAN_NUISANCE,False,83,82,15,7
heldout,heldout_clean_188,clean,0.0,clean,texture,12,tile,UNKNOWN,global_pass_fraction,CLEAN_NUISANCE,False,83,82,15,7
heldout,heldout_clean_188,clean,0.0,clean,texture,12,multiscale,UNKNOWN,global_pass_fraction,CLEAN_NUISANCE,False,83,82,15,7
heldout,heldout_clean_188,clean,0.0,clean,texture,12,connected_component,UNKNOWN,global_pass_fraction,CLEAN_NUISANCE,False,83,82,15,7
heldout,heldout_clean_188,clean,0.0,clean,texture,12,max_local_density,UNKNOWN,global_pass_fraction,CLEAN_NUISANCE,False,83,82,15,7
heldout,heldout_clean_188,clean,0.0,clean,texture,12,edge_aware,UNKNOWN,global_pass_fraction,CLEAN_NUISANCE,False,83,82,15,7
heldout,heldout_clean_188,clean,0.0,clean,texture,12,aggressive,UNKNOWN,global_pass_fraction,CLEAN_NUISANCE,False,83,82,15,7
heldout,heldout_clean_188,clean,0.0,clean,texture,12,balanced,UNKNOWN,global_pass_fraction,CLEAN_NUISANCE,False,83,82,15,7
heldout,heldout_clean_188,clean,0.0,clean,texture,12,conservative,UNKNOWN,global_pass_fraction,CLEAN_NUISANCE,False,83,82,15,7
heldout,heldout_clean_189,clean,0.0,clean,texture,13,global_baseline,UNKNOWN,global_pass_fraction,CLEAN_NUISANCE,False,84,82,19,8
heldout,heldout_clean_189,clean,0.0,clean,texture,13,tile,UNKNOWN,global_pass_fraction,CLEAN_NUISANCE,False,84,82,19,8
heldout,heldout_clean_189,clean,0.0,clean,texture,13,multiscale,UNKNOWN,global_pass_fraction,CLEAN_NUISANCE,False,84,82,19,8
heldout,heldout_clean_189,clean,0.0,clean,texture,13,connected_component,UNKNOWN,global_pass_fraction,CLEAN_NUISANCE,False,84,82,19,8
heldout,heldout_clean_189,clean,0.0,clean,texture,13,max_local_density,UNKNOWN,global_pass_fraction,CLEAN_NUISANCE,False,84,82,19,8
heldout,heldout_clean_189,clean,0.0,clean,texture,13,edge_aware,UNKNOWN,global_pass_fraction,CLEAN_NUISANCE,False,84,82,19,8
heldout,heldout_clean_189,clean,0.0,clean,texture,13,aggressive,UNKNOWN,global_pass_fraction,CLEAN_NUISANCE,False,84,82,19,8
heldout,heldout_clean_189,clean,0.0,clean,texture,13,balanced,UNKNOWN,global_pass_fraction,CLEAN_NUISANCE,False,84,82,19,8
heldout,heldout_clean_189,clean,0.0,clean,texture,13,conservative,UNKNOWN,global_pass_fraction,CLEAN_NUISANCE,False,84,82,19,8
heldout,heldout_clean_190,clean,0.0,clean,texture,14,global_baseline,UNKNOWN,global_pass_fraction,CLEAN_NUISANCE,False,83,82,22,7
heldout,heldout_clean_190,clean,0.0,clean,texture,14,tile,UNKNOWN,global_pass_fraction,CLEAN_NUISANCE,False,83,82,22,7
heldout,heldout_clean_190,clean,0.0,clean,texture,14,multiscale,UNKNOWN,global_pass_fraction,CLEAN_NUISANCE,False,83,82,22,7
heldout,heldout_clean_190,clean,0.0,clean,texture,14,connected_component,UNKNOWN,global_pass_fraction,CLEAN_NUISANCE,False,83,82,22,7
heldout,heldout_clean_190,clean,0.0,clean,texture,14,max_local_density,UNKNOWN,global_pass_fraction,CLEAN_NUISANCE,False,83,82,22,7
heldout,heldout_clean_190,clean,0.0,clean,texture,14,edge_aware,UNKNOWN,global_pass_fraction,CLEAN_NUISANCE,False,83,82,22,7
heldout,heldout_clean_190,clean,0.0,clean,texture,14,aggressive,UNKNOWN,global_pass_fraction,CLEAN_NUISANCE,False,83,82,22,7
heldout,heldout_clean_190,clean,0.0,clean,texture,14,balanced,UNKNOWN,global_pass_fraction,CLEAN_NUISANCE,False,83,82,22,7
heldout,heldout_clean_190,clean,0.0,clean,texture,14,conservative,UNKNOWN,global_pass_fraction,CLEAN_NUISANCE,False,83,82,22,7
heldout,heldout_clean_191,clean,0.0,clean,texture,15,global_baseline,UNKNOWN,global_pass_fraction,CLEAN_NUISANCE,False,83,82,18,6
heldout,heldout_clean_191,clean,0.0,clean,texture,15,tile,UNKNOWN,global_pass_fraction,CLEAN_NUISANCE,False,83,82,18,6
heldout,heldout_clean_191,clean,0.0,clean,texture,15,multiscale,UNKNOWN,global_pass_fraction,CLEAN_NUISANCE,False,83,82,18,6
heldout,heldout_clean_191,clean,0.0,clean,texture,15,connected_component,UNKNOWN,global_pass_fraction,CLEAN_NUISANCE,False,83,82,18,6
heldout,heldout_clean_191,clean,0.0,clean,texture,15,max_local_density,UNKNOWN,global_pass_fraction,CLEAN_NUISANCE,False,83,82,18,6
heldout,heldout_clean_191,clean,0.0,clean,texture,15,edge_aware,UNKNOWN,global_pass_fraction,CLEAN_NUISANCE,False,83,82,18,6
heldout,heldout_clean_191,clean,0.0,clean,texture,15,aggressive,UNKNOWN,global_pass_fraction,CLEAN_NUISANCE,False,83,82,18,6
heldout,heldout_clean_191,clean,0.0,clean,texture,15,balanced,UNKNOWN,global_pass_fraction,CLEAN_NUISANCE,False,83,82,18,6
heldout,heldout_clean_191,clean,0.0,clean,texture,15,conservative,UNKNOWN,global_pass_fraction,CLEAN_NUISANCE,False,83,82,18,6
heldout,heldout_clean_192,clean,0.0,clean,roughness,0,global_baseline,UNKNOWN,global_pass_fraction,CLEAN_NUISANCE,False,57,51,4,3
heldout,heldout_clean_192,clean,0.0,clean,roughness,0,tile,UNKNOWN,global_pass_fraction,CLEAN_NUISANCE,False,57,51,4,3
heldout,heldout_clean_192,clean,0.0,clean,roughness,0,multiscale,UNKNOWN,global_pass_fraction,CLEAN_NUISANCE,False,57,51,4,3
heldout,heldout_clean_192,clean,0.0,clean,roughness,0,connected_component,UNKNOWN,global_pass_fraction,CLEAN_NUISANCE,False,57,51,4,3
heldout,heldout_clean_192,clean,0.0,clean,roughness,0,max_local_density,UNKNOWN,global_pass_fraction,CLEAN_NUISANCE,False,57,51,4,3
heldout,heldout_clean_192,clean,0.0,clean,roughness,0,edge_aware,UNKNOWN,global_pass_fraction,CLEAN_NUISANCE,False,57,51,4,3
heldout,heldout_clean_192,clean,0.0,clean,roughness,0,aggressive,UNKNOWN,global_pass_fraction,CLEAN_NUISANCE,False,57,51,4,3
heldout,heldout_clean_192,clean,0.0,clean,roughness,0,balanced,UNKNOWN,global_pass_fraction,CLEAN_NUISANCE,False,57,51,4,3
heldout,heldout_clean_192,clean,0.0,clean,roughness,0,conservative,UNKNOWN,global_pass_fraction,CLEAN_NUISANCE,False,57,51,4,3
heldout,heldout_clean_193,clean,0.0,clean,roughness,1,global_baseline,UNKNOWN,global_pass_fraction,CLEAN_NUISANCE,False,53,51,6,5
heldout,heldout_clean_193,clean,0.0,clean,roughness,1,tile,UNKNOWN,global_pass_fraction,CLEAN_NUISANCE,False,53,51,6,5
heldout,heldout_clean_193,clean,0.0,clean,roughness,1,multiscale,UNKNOWN,global_pass_fraction,CLEAN_NUISANCE,False,53,51,6,5
heldout,heldout_clean_193,clean,0.0,clean,roughness,1,connected_component,UNKNOWN,global_pass_fraction,CLEAN_NUISANCE,False,53,51,6,5
heldout,heldout_clean_193,clean,0.0,clean,roughness,1,max_local_density,UNKNOWN,global_pass_fraction,CLEAN_NUISANCE,False,53,51,6,5
heldout,heldout_clean_193,clean,0.0,clean,roughness,1,edge_aware,UNKNOWN,global_pass_fraction,CLEAN_NUISANCE,False,53,51,6,5
heldout,heldout_clean_193,clean,0.0,clean,roughness,1,aggressive,UNKNOWN,global_pass_fraction,CLEAN_NUISANCE,False,53,51,6,5
heldout,heldout_clean_193,clean,0.0,clean,roughness,1,balanced,UNKNOWN,global_pass_fraction,CLEAN_NUISANCE,False,53,51,6,5
heldout,heldout_clean_193,clean,0.0,clean,roughness,1,conservative,UNKNOWN,global_pass_fraction,CLEAN_NUISANCE,False,53,51,6,5
heldout,heldout_clean_194,clean,0.0,clean,roughness,2,global_baseline,UNKNOWN,global_pass_fraction,CLEAN_NUISANCE,False,52,51,4,4
heldout,heldout_clean_194,clean,0.0,clean,roughness,2,tile,UNKNOWN,global_pass_fraction,CLEAN_NUISANCE,False,52,51,4,4
heldout,heldout_clean_194,clean,0.0,clean,roughness,2,multiscale,UNKNOWN,global_pass_fraction,CLEAN_NUISANCE,False,52,51,4,4
heldout,heldout_clean_194,clean,0.0,clean,roughness,2,connected_component,UNKNOWN,global_pass_fraction,CLEAN_NUISANCE,False,52,51,4,4
heldout,heldout_clean_194,clean,0.0,clean,roughness,2,max_local_density,UNKNOWN,global_pass_fraction,CLEAN_NUISANCE,False,52,51,4,4
heldout,heldout_clean_194,clean,0.0,clean,roughness,2,edge_aware,UNKNOWN,global_pass_fraction,CLEAN_NUISANCE,False,52,51,4,4
heldout,heldout_clean_194,clean,0.0,clean,roughness,2,aggressive,UNKNOWN,global_pass_fraction,CLEAN_NUISANCE,False,52,51,4,4
heldout,heldout_clean_194,clean,0.0,clean,roughness,2,balanced,UNKNOWN,global_pass_fraction,CLEAN_NUISANCE,False,52,51,4,4
heldout,heldout_clean_194,clean,0.0,clean,roughness,2,conservative,UNKNOWN,global_pass_fraction,CLEAN_NUISANCE,False,52,51,4,4
heldout,heldout_clean_195,clean,0.0,clean,roughness,3,global_baseline,PASS,spatial_certificate,CLEAN_NUISANCE,False,51,51,3,3
heldout,heldout_clean_195,clean,0.0,clean,roughness,3,tile,PASS,spatial_certificate,CLEAN_NUISANCE,False,51,51,3,3
heldout,heldout_clean_195,clean,0.0,clean,roughness,3,multiscale,UNKNOWN,window_8_density,CLEAN_NUISANCE,False,51,51,3,3
heldout,heldout_clean_195,clean,0.0,clean,roughness,3,connected_component,PASS,spatial_certificate,CLEAN_NUISANCE,False,51,51,3,3
heldout,heldout_clean_195,clean,0.0,clean,roughness,3,max_local_density,UNKNOWN,window_4_density,CLEAN_NUISANCE,False,51,51,3,3
heldout,heldout_clean_195,clean,0.0,clean,roughness,3,edge_aware,PASS,spatial_certificate,CLEAN_NUISANCE,False,51,51,3,3
heldout,heldout_clean_195,clean,0.0,clean,roughness,3,aggressive,UNKNOWN,tile_density,CLEAN_NUISANCE,False,51,51,3,3
heldout,heldout_clean_195,clean,0.0,clean,roughness,3,balanced,PASS,spatial_certificate,CLEAN_NUISANCE,False,51,51,3,3
heldout,heldout_clean_195,clean,0.0,clean,roughness,3,conservative,PASS,spatial_certificate,CLEAN_NUISANCE,False,51,51,3,3
heldout,heldout_clean_196,clean,0.0,clean,roughness,4,global_baseline,UNKNOWN,global_pass_fraction,CLEAN_NUISANCE,False,52,51,3,2
heldout,heldout_clean_196,clean,0.0,clean,roughness,4,tile,UNKNOWN,global_pass_fraction,CLEAN_NUISANCE,False,52,51,3,2
heldout,heldout_clean_196,clean,0.0,clean,roughness,4,multiscale,UNKNOWN,global_pass_fraction,CLEAN_NUISANCE,False,52,51,3,2
heldout,heldout_clean_196,clean,0.0,clean,roughness,4,connected_component,UNKNOWN,global_pass_fraction,CLEAN_NUISANCE,False,52,51,3,2
heldout,heldout_clean_196,clean,0.0,clean,roughness,4,max_local_density,UNKNOWN,global_pass_fraction,CLEAN_NUISANCE,False,52,51,3,2
heldout,heldout_clean_196,clean,0.0,clean,roughness,4,edge_aware,UNKNOWN,global_pass_fraction,CLEAN_NUISANCE,False,52,51,3,2
heldout,heldout_clean_196,clean,0.0,clean,roughness,4,aggressive,UNKNOWN,global_pass_fraction,CLEAN_NUISANCE,False,52,51,3,2
heldout,heldout_clean_196,clean,0.0,clean,roughness,4,balanced,UNKNOWN,global_pass_fraction,CLEAN_NUISANCE,False,52,51,3,2
heldout,heldout_clean_196,clean,0.0,clean,roughness,4,conservative,UNKNOWN,global_pass_fraction,CLEAN_NUISANCE,False,52,51,3,2
heldout,heldout_clean_197,clean,0.0,clean,roughness,5,global_baseline,PASS,spatial_certificate,CLEAN_NUISANCE,False,51,51,2,2
heldout,heldout_clean_197,clean,0.0,clean,roughness,5,tile,UNKNOWN,tile_density,CLEAN_NUISANCE,False,51,51,2,2
heldout,heldout_clean_197,clean,0.0,clean,roughness,5,multiscale,UNKNOWN,window_8_density,CLEAN_NUISANCE,False,51,51,2,2
heldout,heldout_clean_197,clean,0.0,clean,roughness,5,connected_component,PASS,spatial_certificate,CLEAN_NUISANCE,False,51,51,2,2
heldout,heldout_clean_197,clean,0.0,clean,roughness,5,max_local_density,UNKNOWN,window_4_density,CLEAN_NUISANCE,False,51,51,2,2
heldout,heldout_clean_197,clean,0.0,clean,roughness,5,edge_aware,PASS,spatial_certificate,CLEAN_NUISANCE,False,51,51,2,2
heldout,heldout_clean_197,clean,0.0,clean,roughness,5,aggressive,UNKNOWN,tile_density,CLEAN_NUISANCE,False,51,51,2,2
heldout,heldout_clean_197,clean,0.0,clean,roughness,5,balanced,PASS,spatial_certificate,CLEAN_NUISANCE,False,51,51,2,2
heldout,heldout_clean_197,clean,0.0,clean,roughness,5,conservative,PASS,spatial_certificate,CLEAN_NUISANCE,False,51,51,2,2
heldout,heldout_clean_198,clean,0.0,clean,roughness,6,global_baseline,UNKNOWN,global_pass_fraction,CLEAN_NUISANCE,False,52,51,3,3
heldout,heldout_clean_198,clean,0.0,clean,roughness,6,tile,UNKNOWN,global_pass_fraction,CLEAN_NUISANCE,False,52,51,3,3
heldout,heldout_clean_198,clean,0.0,clean,roughness,6,multiscale,UNKNOWN,global_pass_fraction,CLEAN_NUISANCE,False,52,51,3,3
heldout,heldout_clean_198,clean,0.0,clean,roughness,6,connected_component,UNKNOWN,global_pass_fraction,CLEAN_NUISANCE,False,52,51,3,3
heldout,heldout_clean_198,clean,0.0,clean,roughness,6,max_local_density,UNKNOWN,global_pass_fraction,CLEAN_NUISANCE,False,52,51,3,3
heldout,heldout_clean_198,clean,0.0,clean,roughness,6,edge_aware,UNKNOWN,global_pass_fraction,CLEAN_NUISANCE,False,52,51,3,3
heldout,heldout_clean_198,clean,0.0,clean,roughness,6,aggressive,UNKNOWN,global_pass_fraction,CLEAN_NUISANCE,False,52,51,3,3
heldout,heldout_clean_198,clean,0.0,clean,roughness,6,balanced,UNKNOWN,global_pass_fraction,CLEAN_NUISANCE,False,52,51,3,3
heldout,heldout_clean_198,clean,0.0,clean,roughness,6,conservative,UNKNOWN,global_pass_fraction,CLEAN_NUISANCE,False,52,51,3,3
heldout,heldout_clean_199,clean,0.0,clean,roughness,7,global_baseline,UNKNOWN,global_pass_fraction,CLEAN_NUISANCE,False,53,51,3,3
heldout,heldout_clean_199,clean,0.0,clean,roughness,7,tile,UNKNOWN,global_pass_fraction,CLEAN_NUISANCE,False,53,51,3,3
heldout,heldout_clean_199,clean,0.0,clean,roughness,7,multiscale,UNKNOWN,global_pass_fraction,CLEAN_NUISANCE,False,53,51,3,3
heldout,heldout_clean_199,clean,0.0,clean,roughness,7,connected_component,UNKNOWN,global_pass_fraction,CLEAN_NUISANCE,False,53,51,3,3
heldout,heldout_clean_199,clean,0.0,clean,roughness,7,max_local_density,UNKNOWN,global_pass_fraction,CLEAN_NUISANCE,False,53,51,3,3
heldout,heldout_clean_199,clean,0.0,clean,roughness,7,edge_aware,UNKNOWN,global_pass_fraction,CLEAN_NUISANCE,False,53,51,3,3
heldout,heldout_clean_199,clean,0.0,clean,roughness,7,aggressive,UNKNOWN,global_pass_fraction,CLEAN_NUISANCE,False,53,51,3,3
heldout,heldout_clean_199,clean,0.0,clean,roughness,7,balanced,UNKNOWN,global_pass_fraction,CLEAN_NUISANCE,False,53,51,3,3
heldout,heldout_clean_199,clean,0.0,clean,roughness,7,conservative,UNKNOWN,global_pass_fraction,CLEAN_NUISANCE,False,53,51,3,3
heldout,heldout_clean_200,clean,0.0,clean,roughness,8,global_baseline,PASS,spatial_certificate,CLEAN_NUISANCE,False,5,51,1,1
heldout,heldout_clean_200,clean,0.0,clean,roughness,8,tile,PASS,spatial_certificate,CLEAN_NUISANCE,False,5,51,1,1
heldout,heldout_clean_200,clean,0.0,clean,roughness,8,multiscale,PASS,spatial_certificate,CLEAN_NUISANCE,False,5,51,1,1
heldout,heldout_clean_200,clean,0.0,clean,roughness,8,connected_component,PASS,spatial_certificate,CLEAN_NUISANCE,False,5,51,1,1
heldout,heldout_clean_200,clean,0.0,clean,roughness,8,max_local_density,PASS,spatial_certificate,CLEAN_NUISANCE,False,5,51,1,1
heldout,heldout_clean_200,clean,0.0,clean,roughness,8,edge_aware,PASS,spatial_certificate,CLEAN_NUISANCE,False,5,51,1,1
heldout,heldout_clean_200,clean,0.0,clean,roughness,8,aggressive,UNKNOWN,window_4_density,CLEAN_NUISANCE,False,5,51,1,1
heldout,heldout_clean_200,clean,0.0,clean,roughness,8,balanced,PASS,spatial_certificate,CLEAN_NUISANCE,False,5,51,1,1
heldout,heldout_clean_200,clean,0.0,clean,roughness,8,conservative,PASS,spatial_certificate,CLEAN_NUISANCE,False,5,51,1,1
heldout,heldout_clean_201,clean,0.0,clean,roughness,9,global_baseline,PASS,spatial_certificate,CLEAN_NUISANCE,False,51,51,3,3
heldout,heldout_clean_201,clean,0.0,clean,roughness,9,tile,PASS,spatial_certificate,CLEAN_NUISANCE,False,51,51,3,3
heldout,heldout_clean_201,clean,0.0,clean,roughness,9,multiscale,UNKNOWN,window_16_density,CLEAN_NUISANCE,False,51,51,3,3
heldout,heldout_clean_201,clean,0.0,clean,roughness,9,connected_component,PASS,spatial_certificate,CLEAN_NUISANCE,False,51,51,3,3
heldout,heldout_clean_201,clean,0.0,clean,roughness,9,max_local_density,UNKNOWN,window_4_density,CLEAN_NUISANCE,False,51,51,3,3
heldout,heldout_clean_201,clean,0.0,clean,roughness,9,edge_aware,PASS,spatial_certificate,CLEAN_NUISANCE,False,51,51,3,3
heldout,heldout_clean_201,clean,0.0,clean,roughness,9,aggressive,UNKNOWN,window_4_density,CLEAN_NUISANCE,False,51,51,3,3
heldout,heldout_clean_201,clean,0.0,clean,roughness,9,balanced,PASS,spatial_certificate,CLEAN_NUISANCE,False,51,51,3,3
heldout,heldout_clean_201,clean,0.0,clean,roughness,9,conservative,PASS,spatial_certificate,CLEAN_NUISANCE,False,51,51,3,3
heldout,heldout_clean_202,clean,0.0,clean,roughness,10,global_baseline,PASS,spatial_certificate,CLEAN_NUISANCE,False,51,51,3,3
heldout,heldout_clean_202,clean,0.0,clean,roughness,10,tile,UNKNOWN,tile_density,CLEAN_NUISANCE,False,51,51,3,3
heldout,heldout_clean_202,clean,0.0,clean,roughness,10,multiscale,UNKNOWN,window_8_density,CLEAN_NUISANCE,False,51,51,3,3
heldout,heldout_clean_202,clean,0.0,clean,roughness,10,connected_component,PASS,spatial_certificate,CLEAN_NUISANCE,False,51,51,3,3
heldout,heldout_clean_202,clean,0.0,clean,roughness,10,max_local_density,UNKNOWN,window_4_density,CLEAN_NUISANCE,False,51,51,3,3
heldout,heldout_clean_202,clean,0.0,clean,roughness,10,edge_aware,PASS,spatial_certificate,CLEAN_NUISANCE,False,51,51,3,3
heldout,heldout_clean_202,clean,0.0,clean,roughness,10,aggressive,UNKNOWN,tile_density,CLEAN_NUISANCE,False,51,51,3,3
heldout,heldout_clean_202,clean,0.0,clean,roughness,10,balanced,UNKNOWN,window_16_density,CLEAN_NUISANCE,False,51,51,3,3
heldout,heldout_clean_202,clean,0.0,clean,roughness,10,conservative,PASS,spatial_certificate,CLEAN_NUISANCE,False,51,51,3,3
heldout,heldout_clean_203,clean,0.0,clean,roughness,11,global_baseline,UNKNOWN,global_pass_fraction,CLEAN_NUISANCE,False,53,51,3,3
heldout,heldout_clean_203,clean,0.0,clean,roughness,11,tile,UNKNOWN,global_pass_fraction,CLEAN_NUISANCE,False,53,51,3,3
heldout,heldout_clean_203,clean,0.0,clean,roughness,11,multiscale,UNKNOWN,global_pass_fraction,CLEAN_NUISANCE,False,53,51,3,3
heldout,heldout_clean_203,clean,0.0,clean,roughness,11,connected_component,UNKNOWN,global_pass_fraction,CLEAN_NUISANCE,False,53,51,3,3
heldout,heldout_clean_203,clean,0.0,clean,roughness,11,max_local_density,UNKNOWN,global_pass_fraction,CLEAN_NUISANCE,False,53,51,3,3
heldout,heldout_clean_203,clean,0.0,clean,roughness,11,edge_aware,UNKNOWN,global_pass_fraction,CLEAN_NUISANCE,False,53,51,3,3
heldout,heldout_clean_203,clean,0.0,clean,roughness,11,aggressive,UNKNOWN,global_pass_fraction,CLEAN_NUISANCE,False,53,51,3,3
heldout,heldout_clean_203,clean,0.0,clean,roughness,11,balanced,UNKNOWN,global_pass_fraction,CLEAN_NUISANCE,False,53,51,3,3
heldout,heldout_clean_203,clean,0.0,clean,roughness,11,conservative,UNKNOWN,global_pass_fraction,CLEAN_NUISANCE,False,53,51,3,3
heldout,heldout_clean_204,clean,0.0,clean,roughness,12,global_baseline,PASS,spatial_certificate,CLEAN_NUISANCE,False,1,51,1,1
heldout,heldout_clean_204,clean,0.0,clean,roughness,12,tile,PASS,spatial_certificate,CLEAN_NUISANCE,False,1,51,1,1
heldout,heldout_clean_204,clean,0.0,clean,roughness,12,multiscale,PASS,spatial_certificate,CLEAN_NUISANCE,False,1,51,1,1
heldout,heldout_clean_204,clean,0.0,clean,roughness,12,connected_component,PASS,spatial_certificate,CLEAN_NUISANCE,False,1,51,1,1
heldout,heldout_clean_204,clean,0.0,clean,roughness,12,max_local_density,PASS,spatial_certificate,CLEAN_NUISANCE,False,1,51,1,1
heldout,heldout_clean_204,clean,0.0,clean,roughness,12,edge_aware,PASS,spatial_certificate,CLEAN_NUISANCE,False,1,51,1,1
heldout,heldout_clean_204,clean,0.0,clean,roughness,12,aggressive,PASS,spatial_certificate,CLEAN_NUISANCE,False,1,51,1,1
heldout,heldout_clean_204,clean,0.0,clean,roughness,12,balanced,PASS,spatial_certificate,CLEAN_NUISANCE,False,1,51,1,1
heldout,heldout_clean_204,clean,0.0,clean,roughness,12,conservative,PASS,spatial_certificate,CLEAN_NUISANCE,False,1,51,1,1
heldout,heldout_clean_205,clean,0.0,clean,roughness,13,global_baseline,PASS,spatial_certificate,CLEAN_NUISANCE,False,3,51,1,1
heldout,heldout_clean_205,clean,0.0,clean,roughness,13,tile,PASS,spatial_certificate,CLEAN_NUISANCE,False,3,51,1,1
heldout,heldout_clean_205,clean,0.0,clean,roughness,13,multiscale,PASS,spatial_certificate,CLEAN_NUISANCE,False,3,51,1,1
heldout,heldout_clean_205,clean,0.0,clean,roughness,13,connected_component,PASS,spatial_certificate,CLEAN_NUISANCE,False,3,51,1,1
heldout,heldout_clean_205,clean,0.0,clean,roughness,13,max_local_density,PASS,spatial_certificate,CLEAN_NUISANCE,False,3,51,1,1
heldout,heldout_clean_205,clean,0.0,clean,roughness,13,edge_aware,PASS,spatial_certificate,CLEAN_NUISANCE,False,3,51,1,1
heldout,heldout_clean_205,clean,0.0,clean,roughness,13,aggressive,PASS,spatial_certificate,CLEAN_NUISANCE,False,3,51,1,1
heldout,heldout_clean_205,clean,0.0,clean,roughness,13,balanced,PASS,spatial_certificate,CLEAN_NUISANCE,False,3,51,1,1
heldout,heldout_clean_205,clean,0.0,clean,roughness,13,conservative,PASS,spatial_certificate,CLEAN_NUISANCE,False,3,51,1,1
heldout,heldout_clean_206,clean,0.0,clean,roughness,14,global_baseline,PASS,spatial_certificate,CLEAN_NUISANCE,False,51,51,3,2
heldout,heldout_clean_206,clean,0.0,clean,roughness,14,tile,PASS,spatial_certificate,CLEAN_NUISANCE,False,51,51,3,2
heldout,heldout_clean_206,clean,0.0,clean,roughness,14,multiscale,UNKNOWN,window_8_density,CLEAN_NUISANCE,False,51,51,3,2
heldout,heldout_clean_206,clean,0.0,clean,roughness,14,connected_component,PASS,spatial_certificate,CLEAN_NUISANCE,False,51,51,3,2
heldout,heldout_clean_206,clean,0.0,clean,roughness,14,max_local_density,UNKNOWN,window_4_density,CLEAN_NUISANCE,False,51,51,3,2
heldout,heldout_clean_206,clean,0.0,clean,roughness,14,edge_aware,PASS,spatial_certificate,CLEAN_NUISANCE,False,51,51,3,2
heldout,heldout_clean_206,clean,0.0,clean,roughness,14,aggressive,UNKNOWN,tile_density,CLEAN_NUISANCE,False,51,51,3,2
heldout,heldout_clean_206,clean,0.0,clean,roughness,14,balanced,PASS,spatial_certificate,CLEAN_NUISANCE,False,51,51,3,2
heldout,heldout_clean_206,clean,0.0,clean,roughness,14,conservative,PASS,spatial_certificate,CLEAN_NUISANCE,False,51,51,3,2
heldout,heldout_clean_207,clean,0.0,clean,roughness,15,global_baseline,PASS,spatial_certificate,CLEAN_NUISANCE,False,51,51,4,3
heldout,heldout_clean_207,clean,0.0,clean,roughness,15,tile,PASS,spatial_certificate,CLEAN_NUISANCE,False,51,51,4,3
heldout,heldout_clean_207,clean,0.0,clean,roughness,15,multiscale,UNKNOWN,window_4_density,CLEAN_NUISANCE,False,51,51,4,3
heldout,heldout_clean_207,clean,0.0,clean,roughness,15,connected_component,PASS,spatial_certificate,CLEAN_NUISANCE,False,51,51,4,3
heldout,heldout_clean_207,clean,0.0,clean,roughness,15,max_local_density,UNKNOWN,window_4_density,CLEAN_NUISANCE,False,51,51,4,3
heldout,heldout_clean_207,clean,0.0,clean,roughness,15,edge_aware,PASS,spatial_certificate,CLEAN_NUISANCE,False,51,51,4,3
heldout,heldout_clean_207,clean,0.0,clean,roughness,15,aggressive,UNKNOWN,tile_density,CLEAN_NUISANCE,False,51,51,4,3
heldout,heldout_clean_207,clean,0.0,clean,roughness,15,balanced,PASS,spatial_certificate,CLEAN_NUISANCE,False,51,51,4,3
heldout,heldout_clean_207,clean,0.0,clean,roughness,15,conservative,PASS,spatial_certificate,CLEAN_NUISANCE,False,51,51,4,3
heldout,heldout_clean_208,clean,0.0,clean,illumination_gradient,0,global_baseline,PASS,spatial_certificate,CLEAN_NUISANCE,False,1,1024,1,1
heldout,heldout_clean_208,clean,0.0,clean,illumination_gradient,0,tile,PASS,spatial_certificate,CLEAN_NUISANCE,False,1,1024,1,1
heldout,heldout_clean_208,clean,0.0,clean,illumination_gradient,0,multiscale,PASS,spatial_certificate,CLEAN_NUISANCE,False,1,1024,1,1
heldout,heldout_clean_208,clean,0.0,clean,illumination_gradient,0,connected_component,PASS,spatial_certificate,CLEAN_NUISANCE,False,1,1024,1,1
heldout,heldout_clean_208,clean,0.0,clean,illumination_gradient,0,max_local_density,PASS,spatial_certificate,CLEAN_NUISANCE,False,1,1024,1,1
heldout,heldout_clean_208,clean,0.0,clean,illumination_gradient,0,edge_aware,PASS,spatial_certificate,CLEAN_NUISANCE,False,1,1024,1,1
heldout,heldout_clean_208,clean,0.0,clean,illumination_gradient,0,aggressive,PASS,spatial_certificate,CLEAN_NUISANCE,False,1,1024,1,1
heldout,heldout_clean_208,clean,0.0,clean,illumination_gradient,0,balanced,PASS,spatial_certificate,CLEAN_NUISANCE,False,1,1024,1,1
heldout,heldout_clean_208,clean,0.0,clean,illumination_gradient,0,conservative,PASS,spatial_certificate,CLEAN_NUISANCE,False,1,1024,1,1
heldout,heldout_clean_209,clean,0.0,clean,illumination_gradient,1,global_baseline,PASS,spatial_certificate,CLEAN_NUISANCE,False,0,1024,0,0
heldout,heldout_clean_209,clean,0.0,clean,illumination_gradient,1,tile,PASS,spatial_certificate,CLEAN_NUISANCE,False,0,1024,0,0
heldout,heldout_clean_209,clean,0.0,clean,illumination_gradient,1,multiscale,PASS,spatial_certificate,CLEAN_NUISANCE,False,0,1024,0,0
heldout,heldout_clean_209,clean,0.0,clean,illumination_gradient,1,connected_component,PASS,spatial_certificate,CLEAN_NUISANCE,False,0,1024,0,0
heldout,heldout_clean_209,clean,0.0,clean,illumination_gradient,1,max_local_density,PASS,spatial_certificate,CLEAN_NUISANCE,False,0,1024,0,0
heldout,heldout_clean_209,clean,0.0,clean,illumination_gradient,1,edge_aware,PASS,spatial_certificate,CLEAN_NUISANCE,False,0,1024,0,0
heldout,heldout_clean_209,clean,0.0,clean,illumination_gradient,1,aggressive,PASS,spatial_certificate,CLEAN_NUISANCE,False,0,1024,0,0
heldout,heldout_clean_209,clean,0.0,clean,illumination_gradient,1,balanced,PASS,spatial_certificate,CLEAN_NUISANCE,False,0,1024,0,0
heldout,heldout_clean_209,clean,0.0,clean,illumination_gradient,1,conservative,PASS,spatial_certificate,CLEAN_NUISANCE,False,0,1024,0,0
heldout,heldout_clean_210,clean,0.0,clean,illumination_gradient,2,global_baseline,PASS,spatial_certificate,CLEAN_NUISANCE,False,0,1024,0,0
heldout,heldout_clean_210,clean,0.0,clean,illumination_gradient,2,tile,PASS,spatial_certificate,CLEAN_NUISANCE,False,0,1024,0,0
heldout,heldout_clean_210,clean,0.0,clean,illumination_gradient,2,multiscale,PASS,spatial_certificate,CLEAN_NUISANCE,False,0,1024,0,0
heldout,heldout_clean_210,clean,0.0,clean,illumination_gradient,2,connected_component,PASS,spatial_certificate,CLEAN_NUISANCE,False,0,1024,0,0
heldout,heldout_clean_210,clean,0.0,clean,illumination_gradient,2,max_local_density,PASS,spatial_certificate,CLEAN_NUISANCE,False,0,1024,0,0
heldout,heldout_clean_210,clean,0.0,clean,illumination_gradient,2,edge_aware,PASS,spatial_certificate,CLEAN_NUISANCE,False,0,1024,0,0
heldout,heldout_clean_210,clean,0.0,clean,illumination_gradient,2,aggressive,PASS,spatial_certificate,CLEAN_NUISANCE,False,0,1024,0,0
heldout,heldout_clean_210,clean,0.0,clean,illumination_gradient,2,balanced,PASS,spatial_certificate,CLEAN_NUISANCE,False,0,1024,0,0
heldout,heldout_clean_210,clean,0.0,clean,illumination_gradient,2,conservative,PASS,spatial_certificate,CLEAN_NUISANCE,False,0,1024,0,0
heldout,heldout_clean_211,clean,0.0,clean,illumination_gradient,3,global_baseline,PASS,spatial_certificate,CLEAN_NUISANCE,False,0,1024,0,0
heldout,heldout_clean_211,clean,0.0,clean,illumination_gradient,3,tile,PASS,spatial_certificate,CLEAN_NUISANCE,False,0,1024,0,0
heldout,heldout_clean_211,clean,0.0,clean,illumination_gradient,3,multiscale,PASS,spatial_certificate,CLEAN_NUISANCE,False,0,1024,0,0
heldout,heldout_clean_211,clean,0.0,clean,illumination_gradient,3,connected_component,PASS,spatial_certificate,CLEAN_NUISANCE,False,0,1024,0,0
heldout,heldout_clean_211,clean,0.0,clean,illumination_gradient,3,max_local_density,PASS,spatial_certificate,CLEAN_NUISANCE,False,0,1024,0,0
heldout,heldout_clean_211,clean,0.0,clean,illumination_gradient,3,edge_aware,PASS,spatial_certificate,CLEAN_NUISANCE,False,0,1024,0,0
heldout,heldout_clean_211,clean,0.0,clean,illumination_gradient,3,aggressive,PASS,spatial_certificate,CLEAN_NUISANCE,False,0,1024,0,0
heldout,heldout_clean_211,clean,0.0,clean,illumination_gradient,3,balanced,PASS,spatial_certificate,CLEAN_NUISANCE,False,0,1024,0,0
heldout,heldout_clean_211,clean,0.0,clean,illumination_gradient,3,conservative,PASS,spatial_certificate,CLEAN_NUISANCE,False,0,1024,0,0
heldout,heldout_clean_212,clean,0.0,clean,illumination_gradient,4,global_baseline,PASS,spatial_certificate,CLEAN_NUISANCE,False,2,1024,1,1
heldout,heldout_clean_212,clean,0.0,clean,illumination_gradient,4,tile,PASS,spatial_certificate,CLEAN_NUISANCE,False,2,1024,1,1
heldout,heldout_clean_212,clean,0.0,clean,illumination_gradient,4,multiscale,PASS,spatial_certificate,CLEAN_NUISANCE,False,2,1024,1,1
heldout,heldout_clean_212,clean,0.0,clean,illumination_gradient,4,connected_component,PASS,spatial_certificate,CLEAN_NUISANCE,False,2,1024,1,1
heldout,heldout_clean_212,clean,0.0,clean,illumination_gradient,4,max_local_density,PASS,spatial_certificate,CLEAN_NUISANCE,False,2,1024,1,1
heldout,heldout_clean_212,clean,0.0,clean,illumination_gradient,4,edge_aware,PASS,spatial_certificate,CLEAN_NUISANCE,False,2,1024,1,1
heldout,heldout_clean_212,clean,0.0,clean,illumination_gradient,4,aggressive,PASS,spatial_certificate,CLEAN_NUISANCE,False,2,1024,1,1
heldout,heldout_clean_212,clean,0.0,clean,illumination_gradient,4,balanced,PASS,spatial_certificate,CLEAN_NUISANCE,False,2,1024,1,1
heldout,heldout_clean_212,clean,0.0,clean,illumination_gradient,4,conservative,PASS,spatial_certificate,CLEAN_NUISANCE,False,2,1024,1,1
heldout,heldout_clean_213,clean,0.0,clean,illumination_gradient,5,global_baseline,PASS,spatial_certificate,CLEAN_NUISANCE,False,1,1024,1,1
heldout,heldout_clean_213,clean,0.0,clean,illumination_gradient,5,tile,PASS,spatial_certificate,CLEAN_NUISANCE,False,1,1024,1,1
heldout,heldout_clean_213,clean,0.0,clean,illumination_gradient,5,multiscale,PASS,spatial_certificate,CLEAN_NUISANCE,False,1,1024,1,1
heldout,heldout_clean_213,clean,0.0,clean,illumination_gradient,5,connected_component,PASS,spatial_certificate,CLEAN_NUISANCE,False,1,1024,1,1
heldout,heldout_clean_213,clean,0.0,clean,illumination_gradient,5,max_local_density,PASS,spatial_certificate,CLEAN_NUISANCE,False,1,1024,1,1
heldout,heldout_clean_213,clean,0.0,clean,illumination_gradient,5,edge_aware,PASS,spatial_certificate,CLEAN_NUISANCE,False,1,1024,1,1
heldout,heldout_clean_213,clean,0.0,clean,illumination_gradient,5,aggressive,PASS,spatial_certificate,CLEAN_NUISANCE,False,1,1024,1,1
heldout,heldout_clean_213,clean,0.0,clean,illumination_gradient,5,balanced,PASS,spatial_certificate,CLEAN_NUISANCE,False,1,1024,1,1
heldout,heldout_clean_213,clean,0.0,clean,illumination_gradient,5,conservative,PASS,spatial_certificate,CLEAN_NUISANCE,False,1,1024,1,1
heldout,heldout_clean_214,clean,0.0,clean,illumination_gradient,6,global_baseline,PASS,spatial_certificate,CLEAN_NUISANCE,False,0,1024,0,0
heldout,heldout_clean_214,clean,0.0,clean,illumination_gradient,6,tile,PASS,spatial_certificate,CLEAN_NUISANCE,False,0,1024,0,0
heldout,heldout_clean_214,clean,0.0,clean,illumination_gradient,6,multiscale,PASS,spatial_certificate,CLEAN_NUISANCE,False,0,1024,0,0
heldout,heldout_clean_214,clean,0.0,clean,illumination_gradient,6,connected_component,PASS,spatial_certificate,CLEAN_NUISANCE,False,0,1024,0,0
heldout,heldout_clean_214,clean,0.0,clean,illumination_gradient,6,max_local_density,PASS,spatial_certificate,CLEAN_NUISANCE,False,0,1024,0,0
heldout,heldout_clean_214,clean,0.0,clean,illumination_gradient,6,edge_aware,PASS,spatial_certificate,CLEAN_NUISANCE,False,0,1024,0,0
heldout,heldout_clean_214,clean,0.0,clean,illumination_gradient,6,aggressive,PASS,spatial_certificate,CLEAN_NUISANCE,False,0,1024,0,0
heldout,heldout_clean_214,clean,0.0,clean,illumination_gradient,6,balanced,PASS,spatial_certificate,CLEAN_NUISANCE,False,0,1024,0,0
heldout,heldout_clean_214,clean,0.0,clean,illumination_gradient,6,conservative,PASS,spatial_certificate,CLEAN_NUISANCE,False,0,1024,0,0
heldout,heldout_clean_215,clean,0.0,clean,illumination_gradient,7,global_baseline,PASS,spatial_certificate,CLEAN_NUISANCE,False,3,1024,1,1
heldout,heldout_clean_215,clean,0.0,clean,illumination_gradient,7,tile,PASS,spatial_certificate,CLEAN_NUISANCE,False,3,1024,1,1
heldout,heldout_clean_215,clean,0.0,clean,illumination_gradient,7,multiscale,PASS,spatial_certificate,CLEAN_NUISANCE,False,3,1024,1,1
heldout,heldout_clean_215,clean,0.0,clean,illumination_gradient,7,connected_component,PASS,spatial_certificate,CLEAN_NUISANCE,False,3,1024,1,1
heldout,heldout_clean_215,clean,0.0,clean,illumination_gradient,7,max_local_density,PASS,spatial_certificate,CLEAN_NUISANCE,False,3,1024,1,1
heldout,heldout_clean_215,clean,0.0,clean,illumination_gradient,7,edge_aware,PASS,spatial_certificate,CLEAN_NUISANCE,False,3,1024,1,1
heldout,heldout_clean_215,clean,0.0,clean,illumination_gradient,7,aggressive,PASS,spatial_certificate,CLEAN_NUISANCE,False,3,1024,1,1
heldout,heldout_clean_215,clean,0.0,clean,illumination_gradient,7,balanced,PASS,spatial_certificate,CLEAN_NUISANCE,False,3,1024,1,1
heldout,heldout_clean_215,clean,0.0,clean,illumination_gradient,7,conservative,PASS,spatial_certificate,CLEAN_NUISANCE,False,3,1024,1,1
heldout,heldout_clean_216,clean,0.0,clean,illumination_gradient,8,global_baseline,PASS,spatial_certificate,CLEAN_NUISANCE,False,1,1024,1,1
heldout,heldout_clean_216,clean,0.0,clean,illumination_gradient,8,tile,PASS,spatial_certificate,CLEAN_NUISANCE,False,1,1024,1,1
heldout,heldout_clean_216,clean,0.0,clean,illumination_gradient,8,multiscale,PASS,spatial_certificate,CLEAN_NUISANCE,False,1,1024,1,1
heldout,heldout_clean_216,clean,0.0,clean,illumination_gradient,8,connected_component,PASS,spatial_certificate,CLEAN_NUISANCE,False,1,1024,1,1
heldout,heldout_clean_216,clean,0.0,clean,illumination_gradient,8,max_local_density,PASS,spatial_certificate,CLEAN_NUISANCE,False,1,1024,1,1
heldout,heldout_clean_216,clean,0.0,clean,illumination_gradient,8,edge_aware,PASS,spatial_certificate,CLEAN_NUISANCE,False,1,1024,1,1
heldout,heldout_clean_216,clean,0.0,clean,illumination_gradient,8,aggressive,PASS,spatial_certificate,CLEAN_NUISANCE,False,1,1024,1,1
heldout,heldout_clean_216,clean,0.0,clean,illumination_gradient,8,balanced,PASS,spatial_certificate,CLEAN_NUISANCE,False,1,1024,1,1
heldout,heldout_clean_216,clean,0.0,clean,illumination_gradient,8,conservative,PASS,spatial_certificate,CLEAN_NUISANCE,False,1,1024,1,1
heldout,heldout_clean_217,clean,0.0,clean,illumination_gradient,9,global_baseline,PASS,spatial_certificate,CLEAN_NUISANCE,False,0,1024,0,0
heldout,heldout_clean_217,clean,0.0,clean,illumination_gradient,9,tile,PASS,spatial_certificate,CLEAN_NUISANCE,False,0,1024,0,0
heldout,heldout_clean_217,clean,0.0,clean,illumination_gradient,9,multiscale,PASS,spatial_certificate,CLEAN_NUISANCE,False,0,1024,0,0
heldout,heldout_clean_217,clean,0.0,clean,illumination_gradient,9,connected_component,PASS,spatial_certificate,CLEAN_NUISANCE,False,0,1024,0,0
heldout,heldout_clean_217,clean,0.0,clean,illumination_gradient,9,max_local_density,PASS,spatial_certificate,CLEAN_NUISANCE,False,0,1024,0,0
heldout,heldout_clean_217,clean,0.0,clean,illumination_gradient,9,edge_aware,PASS,spatial_certificate,CLEAN_NUISANCE,False,0,1024,0,0
heldout,heldout_clean_217,clean,0.0,clean,illumination_gradient,9,aggressive,PASS,spatial_certificate,CLEAN_NUISANCE,False,0,1024,0,0
heldout,heldout_clean_217,clean,0.0,clean,illumination_gradient,9,balanced,PASS,spatial_certificate,CLEAN_NUISANCE,False,0,1024,0,0
heldout,heldout_clean_217,clean,0.0,clean,illumination_gradient,9,conservative,PASS,spatial_certificate,CLEAN_NUISANCE,False,0,1024,0,0
heldout,heldout_clean_218,clean,0.0,clean,illumination_gradient,10,global_baseline,PASS,spatial_certificate,CLEAN_NUISANCE,False,0,1024,0,0
heldout,heldout_clean_218,clean,0.0,clean,illumination_gradient,10,tile,PASS,spatial_certificate,CLEAN_NUISANCE,False,0,1024,0,0
heldout,heldout_clean_218,clean,0.0,clean,illumination_gradient,10,multiscale,PASS,spatial_certificate,CLEAN_NUISANCE,False,0,1024,0,0
heldout,heldout_clean_218,clean,0.0,clean,illumination_gradient,10,connected_component,PASS,spatial_certificate,CLEAN_NUISANCE,False,0,1024,0,0
heldout,heldout_clean_218,clean,0.0,clean,illumination_gradient,10,max_local_density,PASS,spatial_certificate,CLEAN_NUISANCE,False,0,1024,0,0
heldout,heldout_clean_218,clean,0.0,clean,illumination_gradient,10,edge_aware,PASS,spatial_certificate,CLEAN_NUISANCE,False,0,1024,0,0
heldout,heldout_clean_218,clean,0.0,clean,illumination_gradient,10,aggressive,PASS,spatial_certificate,CLEAN_NUISANCE,False,0,1024,0,0
heldout,heldout_clean_218,clean,0.0,clean,illumination_gradient,10,balanced,PASS,spatial_certificate,CLEAN_NUISANCE,False,0,1024,0,0
heldout,heldout_clean_218,clean,0.0,clean,illumination_gradient,10,conservative,PASS,spatial_certificate,CLEAN_NUISANCE,False,0,1024,0,0
heldout,heldout_clean_219,clean,0.0,clean,illumination_gradient,11,global_baseline,PASS,spatial_certificate,CLEAN_NUISANCE,False,2,1024,1,1
heldout,heldout_clean_219,clean,0.0,clean,illumination_gradient,11,tile,PASS,spatial_certificate,CLEAN_NUISANCE,False,2,1024,1,1
heldout,heldout_clean_219,clean,0.0,clean,illumination_gradient,11,multiscale,PASS,spatial_certificate,CLEAN_NUISANCE,False,2,1024,1,1
heldout,heldout_clean_219,clean,0.0,clean,illumination_gradient,11,connected_component,PASS,spatial_certificate,CLEAN_NUISANCE,False,2,1024,1,1
heldout,heldout_clean_219,clean,0.0,clean,illumination_gradient,11,max_local_density,PASS,spatial_certificate,CLEAN_NUISANCE,False,2,1024,1,1
heldout,heldout_clean_219,clean,0.0,clean,illumination_gradient,11,edge_aware,PASS,spatial_certificate,CLEAN_NUISANCE,False,2,1024,1,1
heldout,heldout_clean_219,clean,0.0,clean,illumination_gradient,11,aggressive,PASS,spatial_certificate,CLEAN_NUISANCE,False,2,1024,1,1
heldout,heldout_clean_219,clean,0.0,clean,illumination_gradient,11,balanced,PASS,spatial_certificate,CLEAN_NUISANCE,False,2,1024,1,1
heldout,heldout_clean_219,clean,0.0,clean,illumination_gradient,11,conservative,PASS,spatial_certificate,CLEAN_NUISANCE,False,2,1024,1,1
heldout,heldout_clean_220,clean,0.0,clean,illumination_gradient,12,global_baseline,PASS,spatial_certificate,CLEAN_NUISANCE,False,0,1024,0,0
heldout,heldout_clean_220,clean,0.0,clean,illumination_gradient,12,tile,PASS,spatial_certificate,CLEAN_NUISANCE,False,0,1024,0,0
heldout,heldout_clean_220,clean,0.0,clean,illumination_gradient,12,multiscale,PASS,spatial_certificate,CLEAN_NUISANCE,False,0,1024,0,0
heldout,heldout_clean_220,clean,0.0,clean,illumination_gradient,12,connected_component,PASS,spatial_certificate,CLEAN_NUISANCE,False,0,1024,0,0
heldout,heldout_clean_220,clean,0.0,clean,illumination_gradient,12,max_local_density,PASS,spatial_certificate,CLEAN_NUISANCE,False,0,1024,0,0
heldout,heldout_clean_220,clean,0.0,clean,illumination_gradient,12,edge_aware,PASS,spatial_certificate,CLEAN_NUISANCE,False,0,1024,0,0
heldout,heldout_clean_220,clean,0.0,clean,illumination_gradient,12,aggressive,PASS,spatial_certificate,CLEAN_NUISANCE,False,0,1024,0,0
heldout,heldout_clean_220,clean,0.0,clean,illumination_gradient,12,balanced,PASS,spatial_certificate,CLEAN_NUISANCE,False,0,1024,0,0
heldout,heldout_clean_220,clean,0.0,clean,illumination_gradient,12,conservative,PASS,spatial_certificate,CLEAN_NUISANCE,False,0,1024,0,0
heldout,heldout_clean_221,clean,0.0,clean,illumination_gradient,13,global_baseline,PASS,spatial_certificate,CLEAN_NUISANCE,False,1,1024,1,1
heldout,heldout_clean_221,clean,0.0,clean,illumination_gradient,13,tile,PASS,spatial_certificate,CLEAN_NUISANCE,False,1,1024,1,1
heldout,heldout_clean_221,clean,0.0,clean,illumination_gradient,13,multiscale,PASS,spatial_certificate,CLEAN_NUISANCE,False,1,1024,1,1
heldout,heldout_clean_221,clean,0.0,clean,illumination_gradient,13,connected_component,PASS,spatial_certificate,CLEAN_NUISANCE,False,1,1024,1,1
heldout,heldout_clean_221,clean,0.0,clean,illumination_gradient,13,max_local_density,PASS,spatial_certificate,CLEAN_NUISANCE,False,1,1024,1,1
heldout,heldout_clean_221,clean,0.0,clean,illumination_gradient,13,edge_aware,PASS,spatial_certificate,CLEAN_NUISANCE,False,1,1024,1,1
heldout,heldout_clean_221,clean,0.0,clean,illumination_gradient,13,aggressive,PASS,spatial_certificate,CLEAN_NUISANCE,False,1,1024,1,1
heldout,heldout_clean_221,clean,0.0,clean,illumination_gradient,13,balanced,PASS,spatial_certificate,CLEAN_NUISANCE,False,1,1024,1,1
heldout,heldout_clean_221,clean,0.0,clean,illumination_gradient,13,conservative,PASS,spatial_certificate,CLEAN_NUISANCE,False,1,1024,1,1
heldout,heldout_clean_222,clean,0.0,clean,illumination_gradient,14,global_baseline,PASS,spatial_certificate,CLEAN_NUISANCE,False,1,1024,1,1
heldout,heldout_clean_222,clean,0.0,clean,illumination_gradient,14,tile,PASS,spatial_certificate,CLEAN_NUISANCE,False,1,1024,1,1
heldout,heldout_clean_222,clean,0.0,clean,illumination_gradient,14,multiscale,PASS,spatial_certificate,CLEAN_NUISANCE,False,1,1024,1,1
heldout,heldout_clean_222,clean,0.0,clean,illumination_gradient,14,connected_component,PASS,spatial_certificate,CLEAN_NUISANCE,False,1,1024,1,1
heldout,heldout_clean_222,clean,0.0,clean,illumination_gradient,14,max_local_density,PASS,spatial_certificate,CLEAN_NUISANCE,False,1,1024,1,1
heldout,heldout_clean_222,clean,0.0,clean,illumination_gradient,14,edge_aware,PASS,spatial_certificate,CLEAN_NUISANCE,False,1,1024,1,1
heldout,heldout_clean_222,clean,0.0,clean,illumination_gradient,14,aggressive,PASS,spatial_certificate,CLEAN_NUISANCE,False,1,1024,1,1
heldout,heldout_clean_222,clean,0.0,clean,illumination_gradient,14,balanced,PASS,spatial_certificate,CLEAN_NUISANCE,False,1,1024,1,1
heldout,heldout_clean_222,clean,0.0,clean,illumination_gradient,14,conservative,PASS,spatial_certificate,CLEAN_NUISANCE,False,1,1024,1,1
heldout,heldout_clean_223,clean,0.0,clean,illumination_gradient,15,global_baseline,PASS,spatial_certificate,CLEAN_NUISANCE,False,0,1024,0,0
heldout,heldout_clean_223,clean,0.0,clean,illumination_gradient,15,tile,PASS,spatial_certificate,CLEAN_NUISANCE,False,0,1024,0,0
heldout,heldout_clean_223,clean,0.0,clean,illumination_gradient,15,multiscale,PASS,spatial_certificate,CLEAN_NUISANCE,False,0,1024,0,0
heldout,heldout_clean_223,clean,0.0,clean,illumination_gradient,15,connected_component,PASS,spatial_certificate,CLEAN_NUISANCE,False,0,1024,0,0
heldout,heldout_clean_223,clean,0.0,clean,illumination_gradient,15,max_local_density,PASS,spatial_certificate,CLEAN_NUISANCE,False,0,1024,0,0
heldout,heldout_clean_223,clean,0.0,clean,illumination_gradient,15,edge_aware,PASS,spatial_certificate,CLEAN_NUISANCE,False,0,1024,0,0
heldout,heldout_clean_223,clean,0.0,clean,illumination_gradient,15,aggressive,PASS,spatial_certificate,CLEAN_NUISANCE,False,0,1024,0,0
heldout,heldout_clean_223,clean,0.0,clean,illumination_gradient,15,balanced,PASS,spatial_certificate,CLEAN_NUISANCE,False,0,1024,0,0
heldout,heldout_clean_223,clean,0.0,clean,illumination_gradient,15,conservative,PASS,spatial_certificate,CLEAN_NUISANCE,False,0,1024,0,0
heldout,heldout_clean_224,clean,0.0,clean,edge_artifact,0,global_baseline,PASS,spatial_certificate,CLEAN_NUISANCE,False,13,12,12,5
heldout,heldout_clean_224,clean,0.0,clean,edge_artifact,0,tile,UNKNOWN,tile_density,CLEAN_NUISANCE,False,13,12,12,5
heldout,heldout_clean_224,clean,0.0,clean,edge_artifact,0,multiscale,UNKNOWN,window_4_density,CLEAN_NUISANCE,False,13,12,12,5
heldout,heldout_clean_224,clean,0.0,clean,edge_artifact,0,connected_component,UNKNOWN,component_area,CLEAN_NUISANCE,False,13,12,12,5
heldout,heldout_clean_224,clean,0.0,clean,edge_artifact,0,max_local_density,UNKNOWN,window_4_density,CLEAN_NUISANCE,False,13,12,12,5
heldout,heldout_clean_224,clean,0.0,clean,edge_artifact,0,edge_aware,PASS,spatial_certificate,CLEAN_NUISANCE,False,13,12,12,5
heldout,heldout_clean_224,clean,0.0,clean,edge_artifact,0,aggressive,UNKNOWN,tile_density,CLEAN_NUISANCE,False,13,12,12,5
heldout,heldout_clean_224,clean,0.0,clean,edge_artifact,0,balanced,PASS,spatial_certificate,CLEAN_NUISANCE,False,13,12,12,5
heldout,heldout_clean_224,clean,0.0,clean,edge_artifact,0,conservative,PASS,spatial_certificate,CLEAN_NUISANCE,False,13,12,12,5
heldout,heldout_clean_225,clean,0.0,clean,edge_artifact,1,global_baseline,PASS,spatial_certificate,CLEAN_NUISANCE,False,14,12,12,5
heldout,heldout_clean_225,clean,0.0,clean,edge_artifact,1,tile,UNKNOWN,tile_density,CLEAN_NUISANCE,False,14,12,12,5
heldout,heldout_clean_225,clean,0.0,clean,edge_artifact,1,multiscale,UNKNOWN,window_4_density,CLEAN_NUISANCE,False,14,12,12,5
heldout,heldout_clean_225,clean,0.0,clean,edge_artifact,1,connected_component,UNKNOWN,component_area,CLEAN_NUISANCE,False,14,12,12,5
heldout,heldout_clean_225,clean,0.0,clean,edge_artifact,1,max_local_density,UNKNOWN,window_4_density,CLEAN_NUISANCE,False,14,12,12,5
heldout,heldout_clean_225,clean,0.0,clean,edge_artifact,1,edge_aware,PASS,spatial_certificate,CLEAN_NUISANCE,False,14,12,12,5
heldout,heldout_clean_225,clean,0.0,clean,edge_artifact,1,aggressive,UNKNOWN,tile_density,CLEAN_NUISANCE,False,14,12,12,5
heldout,heldout_clean_225,clean,0.0,clean,edge_artifact,1,balanced,PASS,spatial_certificate,CLEAN_NUISANCE,False,14,12,12,5
heldout,heldout_clean_225,clean,0.0,clean,edge_artifact,1,conservative,PASS,spatial_certificate,CLEAN_NUISANCE,False,14,12,12,5
heldout,heldout_clean_226,clean,0.0,clean,edge_artifact,2,global_baseline,PASS,spatial_certificate,CLEAN_NUISANCE,False,12,12,12,5
heldout,heldout_clean_226,clean,0.0,clean,edge_artifact,2,tile,UNKNOWN,tile_density,CLEAN_NUISANCE,False,12,12,12,5
heldout,heldout_clean_226,clean,0.0,clean,edge_artifact,2,multiscale,UNKNOWN,window_4_density,CLEAN_NUISANCE,False,12,12,12,5
heldout,heldout_clean_226,clean,0.0,clean,edge_artifact,2,connected_component,UNKNOWN,component_area,CLEAN_NUISANCE,False,12,12,12,5
heldout,heldout_clean_226,clean,0.0,clean,edge_artifact,2,max_local_density,UNKNOWN,window_4_density,CLEAN_NUISANCE,False,12,12,12,5
heldout,heldout_clean_226,clean,0.0,clean,edge_artifact,2,edge_aware,PASS,spatial_certificate,CLEAN_NUISANCE,False,12,12,12,5
heldout,heldout_clean_226,clean,0.0,clean,edge_artifact,2,aggressive,UNKNOWN,tile_density,CLEAN_NUISANCE,False,12,12,12,5
heldout,heldout_clean_226,clean,0.0,clean,edge_artifact,2,balanced,PASS,spatial_certificate,CLEAN_NUISANCE,False,12,12,12,5
heldout,heldout_clean_226,clean,0.0,clean,edge_artifact,2,conservative,PASS,spatial_certificate,CLEAN_NUISANCE,False,12,12,12,5
heldout,heldout_clean_227,clean,0.0,clean,edge_artifact,3,global_baseline,PASS,spatial_certificate,CLEAN_NUISANCE,False,12,12,12,5
heldout,heldout_clean_227,clean,0.0,clean,edge_artifact,3,tile,UNKNOWN,tile_density,CLEAN_NUISANCE,False,12,12,12,5
heldout,heldout_clean_227,clean,0.0,clean,edge_artifact,3,multiscale,UNKNOWN,window_4_density,CLEAN_NUISANCE,False,12,12,12,5
heldout,heldout_clean_227,clean,0.0,clean,edge_artifact,3,connected_component,UNKNOWN,component_area,CLEAN_NUISANCE,False,12,12,12,5
heldout,heldout_clean_227,clean,0.0,clean,edge_artifact,3,max_local_density,UNKNOWN,window_4_density,CLEAN_NUISANCE,False,12,12,12,5
heldout,heldout_clean_227,clean,0.0,clean,edge_artifact,3,edge_aware,PASS,spatial_certificate,CLEAN_NUISANCE,False,12,12,12,5
heldout,heldout_clean_227,clean,0.0,clean,edge_artifact,3,aggressive,UNKNOWN,tile_density,CLEAN_NUISANCE,False,12,12,12,5
heldout,heldout_clean_227,clean,0.0,clean,edge_artifact,3,balanced,PASS,spatial_certificate,CLEAN_NUISANCE,False,12,12,12,5
heldout,heldout_clean_227,clean,0.0,clean,edge_artifact,3,conservative,PASS,spatial_certificate,CLEAN_NUISANCE,False,12,12,12,5
heldout,heldout_clean_228,clean,0.0,clean,edge_artifact,4,global_baseline,PASS,spatial_certificate,CLEAN_NUISANCE,False,12,12,12,5
heldout,heldout_clean_228,clean,0.0,clean,edge_artifact,4,tile,UNKNOWN,tile_density,CLEAN_NUISANCE,False,12,12,12,5
heldout,heldout_clean_228,clean,0.0,clean,edge_artifact,4,multiscale,UNKNOWN,window_4_density,CLEAN_NUISANCE,False,12,12,12,5
heldout,heldout_clean_228,clean,0.0,clean,edge_artifact,4,connected_component,UNKNOWN,component_area,CLEAN_NUISANCE,False,12,12,12,5
heldout,heldout_clean_228,clean,0.0,clean,edge_artifact,4,max_local_density,UNKNOWN,window_4_density,CLEAN_NUISANCE,False,12,12,12,5
heldout,heldout_clean_228,clean,0.0,clean,edge_artifact,4,edge_aware,PASS,spatial_certificate,CLEAN_NUISANCE,False,12,12,12,5
heldout,heldout_clean_228,clean,0.0,clean,edge_artifact,4,aggressive,UNKNOWN,tile_density,CLEAN_NUISANCE,False,12,12,12,5
heldout,heldout_clean_228,clean,0.0,clean,edge_artifact,4,balanced,PASS,spatial_certificate,CLEAN_NUISANCE,False,12,12,12,5
heldout,heldout_clean_228,clean,0.0,clean,edge_artifact,4,conservative,PASS,spatial_certificate,CLEAN_NUISANCE,False,12,12,12,5
heldout,heldout_clean_229,clean,0.0,clean,edge_artifact,5,global_baseline,PASS,spatial_certificate,CLEAN_NUISANCE,False,13,12,12,5
heldout,heldout_clean_229,clean,0.0,clean,edge_artifact,5,tile,UNKNOWN,tile_density,CLEAN_NUISANCE,False,13,12,12,5
heldout,heldout_clean_229,clean,0.0,clean,edge_artifact,5,multiscale,UNKNOWN,window_4_density,CLEAN_NUISANCE,False,13,12,12,5
heldout,heldout_clean_229,clean,0.0,clean,edge_artifact,5,connected_component,UNKNOWN,component_area,CLEAN_NUISANCE,False,13,12,12,5
heldout,heldout_clean_229,clean,0.0,clean,edge_artifact,5,max_local_density,UNKNOWN,window_4_density,CLEAN_NUISANCE,False,13,12,12,5
heldout,heldout_clean_229,clean,0.0,clean,edge_artifact,5,edge_aware,PASS,spatial_certificate,CLEAN_NUISANCE,False,13,12,12,5
heldout,heldout_clean_229,clean,0.0,clean,edge_artifact,5,aggressive,UNKNOWN,tile_density,CLEAN_NUISANCE,False,13,12,12,5
heldout,heldout_clean_229,clean,0.0,clean,edge_artifact,5,balanced,PASS,spatial_certificate,CLEAN_NUISANCE,False,13,12,12,5
heldout,heldout_clean_229,clean,0.0,clean,edge_artifact,5,conservative,PASS,spatial_certificate,CLEAN_NUISANCE,False,13,12,12,5
heldout,heldout_clean_230,clean,0.0,clean,edge_artifact,6,global_baseline,PASS,spatial_certificate,CLEAN_NUISANCE,False,13,12,12,5
heldout,heldout_clean_230,clean,0.0,clean,edge_artifact,6,tile,UNKNOWN,tile_density,CLEAN_NUISANCE,False,13,12,12,5
heldout,heldout_clean_230,clean,0.0,clean,edge_artifact,6,multiscale,UNKNOWN,window_4_density,CLEAN_NUISANCE,False,13,12,12,5
heldout,heldout_clean_230,clean,0.0,clean,edge_artifact,6,connected_component,UNKNOWN,component_area,CLEAN_NUISANCE,False,13,12,12,5
heldout,heldout_clean_230,clean,0.0,clean,edge_artifact,6,max_local_density,UNKNOWN,window_4_density,CLEAN_NUISANCE,False,13,12,12,5
heldout,heldout_clean_230,clean,0.0,clean,edge_artifact,6,edge_aware,PASS,spatial_certificate,CLEAN_NUISANCE,False,13,12,12,5
heldout,heldout_clean_230,clean,0.0,clean,edge_artifact,6,aggressive,UNKNOWN,tile_density,CLEAN_NUISANCE,False,13,12,12,5
heldout,heldout_clean_230,clean,0.0,clean,edge_artifact,6,balanced,PASS,spatial_certificate,CLEAN_NUISANCE,False,13,12,12,5
heldout,heldout_clean_230,clean,0.0,clean,edge_artifact,6,conservative,PASS,spatial_certificate,CLEAN_NUISANCE,False,13,12,12,5
heldout,heldout_clean_231,clean,0.0,clean,edge_artifact,7,global_baseline,PASS,spatial_certificate,CLEAN_NUISANCE,False,12,12,12,5
heldout,heldout_clean_231,clean,0.0,clean,edge_artifact,7,tile,PASS,spatial_certificate,CLEAN_NUISANCE,False,12,12,12,5
heldout,heldout_clean_231,clean,0.0,clean,edge_artifact,7,multiscale,UNKNOWN,window_4_density,CLEAN_NUISANCE,False,12,12,12,5
heldout,heldout_clean_231,clean,0.0,clean,edge_artifact,7,connected_component,UNKNOWN,component_area,CLEAN_NUISANCE,False,12,12,12,5
heldout,heldout_clean_231,clean,0.0,clean,edge_artifact,7,max_local_density,UNKNOWN,window_4_density,CLEAN_NUISANCE,False,12,12,12,5
heldout,heldout_clean_231,clean,0.0,clean,edge_artifact,7,edge_aware,PASS,spatial_certificate,CLEAN_NUISANCE,False,12,12,12,5
heldout,heldout_clean_231,clean,0.0,clean,edge_artifact,7,aggressive,UNKNOWN,tile_density,CLEAN_NUISANCE,False,12,12,12,5
heldout,heldout_clean_231,clean,0.0,clean,edge_artifact,7,balanced,PASS,spatial_certificate,CLEAN_NUISANCE,False,12,12,12,5
heldout,heldout_clean_231,clean,0.0,clean,edge_artifact,7,conservative,PASS,spatial_certificate,CLEAN_NUISANCE,False,12,12,12,5
heldout,heldout_clean_232,clean,0.0,clean,edge_artifact,8,global_baseline,PASS,spatial_certificate,CLEAN_NUISANCE,False,3,12,1,1
heldout,heldout_clean_232,clean,0.0,clean,edge_artifact,8,tile,PASS,spatial_certificate,CLEAN_NUISANCE,False,3,12,1,1
heldout,heldout_clean_232,clean,0.0,clean,edge_artifact,8,multiscale,PASS,spatial_certificate,CLEAN_NUISANCE,False,3,12,1,1
heldout,heldout_clean_232,clean,0.0,clean,edge_artifact,8,connected_component,PASS,spatial_certificate,CLEAN_NUISANCE,False,3,12,1,1
heldout,heldout_clean_232,clean,0.0,clean,edge_artifact,8,max_local_density,PASS,spatial_certificate,CLEAN_NUISANCE,False,3,12,1,1
heldout,heldout_clean_232,clean,0.0,clean,edge_artifact,8,edge_aware,PASS,spatial_certificate,CLEAN_NUISANCE,False,3,12,1,1
heldout,heldout_clean_232,clean,0.0,clean,edge_artifact,8,aggressive,PASS,spatial_certificate,CLEAN_NUISANCE,False,3,12,1,1
heldout,heldout_clean_232,clean,0.0,clean,edge_artifact,8,balanced,PASS,spatial_certificate,CLEAN_NUISANCE,False,3,12,1,1
heldout,heldout_clean_232,clean,0.0,clean,edge_artifact,8,conservative,PASS,spatial_certificate,CLEAN_NUISANCE,False,3,12,1,1
heldout,heldout_clean_233,clean,0.0,clean,edge_artifact,9,global_baseline,PASS,spatial_certificate,CLEAN_NUISANCE,False,12,12,12,5
heldout,heldout_clean_233,clean,0.0,clean,edge_artifact,9,tile,UNKNOWN,tile_density,CLEAN_NUISANCE,False,12,12,12,5
heldout,heldout_clean_233,clean,0.0,clean,edge_artifact,9,multiscale,UNKNOWN,window_4_density,CLEAN_NUISANCE,False,12,12,12,5
heldout,heldout_clean_233,clean,0.0,clean,edge_artifact,9,connected_component,UNKNOWN,component_area,CLEAN_NUISANCE,False,12,12,12,5
heldout,heldout_clean_233,clean,0.0,clean,edge_artifact,9,max_local_density,UNKNOWN,window_4_density,CLEAN_NUISANCE,False,12,12,12,5
heldout,heldout_clean_233,clean,0.0,clean,edge_artifact,9,edge_aware,PASS,spatial_certificate,CLEAN_NUISANCE,False,12,12,12,5
heldout,heldout_clean_233,clean,0.0,clean,edge_artifact,9,aggressive,UNKNOWN,tile_density,CLEAN_NUISANCE,False,12,12,12,5
heldout,heldout_clean_233,clean,0.0,clean,edge_artifact,9,balanced,PASS,spatial_certificate,CLEAN_NUISANCE,False,12,12,12,5
heldout,heldout_clean_233,clean,0.0,clean,edge_artifact,9,conservative,PASS,spatial_certificate,CLEAN_NUISANCE,False,12,12,12,5
heldout,heldout_clean_234,clean,0.0,clean,edge_artifact,10,global_baseline,PASS,spatial_certificate,CLEAN_NUISANCE,False,2,12,1,1
heldout,heldout_clean_234,clean,0.0,clean,edge_artifact,10,tile,PASS,spatial_certificate,CLEAN_NUISANCE,False,2,12,1,1
heldout,heldout_clean_234,clean,0.0,clean,edge_artifact,10,multiscale,PASS,spatial_certificate,CLEAN_NUISANCE,False,2,12,1,1
heldout,heldout_clean_234,clean,0.0,clean,edge_artifact,10,connected_component,PASS,spatial_certificate,CLEAN_NUISANCE,False,2,12,1,1
heldout,heldout_clean_234,clean,0.0,clean,edge_artifact,10,max_local_density,PASS,spatial_certificate,CLEAN_NUISANCE,False,2,12,1,1
heldout,heldout_clean_234,clean,0.0,clean,edge_artifact,10,edge_aware,PASS,spatial_certificate,CLEAN_NUISANCE,False,2,12,1,1
heldout,heldout_clean_234,clean,0.0,clean,edge_artifact,10,aggressive,PASS,spatial_certificate,CLEAN_NUISANCE,False,2,12,1,1
heldout,heldout_clean_234,clean,0.0,clean,edge_artifact,10,balanced,PASS,spatial_certificate,CLEAN_NUISANCE,False,2,12,1,1
heldout,heldout_clean_234,clean,0.0,clean,edge_artifact,10,conservative,PASS,spatial_certificate,CLEAN_NUISANCE,False,2,12,1,1
heldout,heldout_clean_235,clean,0.0,clean,edge_artifact,11,global_baseline,PASS,spatial_certificate,CLEAN_NUISANCE,False,13,12,12,5
heldout,heldout_clean_235,clean,0.0,clean,edge_artifact,11,tile,UNKNOWN,tile_density,CLEAN_NUISANCE,False,13,12,12,5
heldout,heldout_clean_235,clean,0.0,clean,edge_artifact,11,multiscale,UNKNOWN,window_4_density,CLEAN_NUISANCE,False,13,12,12,5
heldout,heldout_clean_235,clean,0.0,clean,edge_artifact,11,connected_component,UNKNOWN,component_area,CLEAN_NUISANCE,False,13,12,12,5
heldout,heldout_clean_235,clean,0.0,clean,edge_artifact,11,max_local_density,UNKNOWN,window_4_density,CLEAN_NUISANCE,False,13,12,12,5
heldout,heldout_clean_235,clean,0.0,clean,edge_artifact,11,edge_aware,PASS,spatial_certificate,CLEAN_NUISANCE,False,13,12,12,5
heldout,heldout_clean_235,clean,0.0,clean,edge_artifact,11,aggressive,UNKNOWN,tile_density,CLEAN_NUISANCE,False,13,12,12,5
heldout,heldout_clean_235,clean,0.0,clean,edge_artifact,11,balanced,PASS,spatial_certificate,CLEAN_NUISANCE,False,13,12,12,5
heldout,heldout_clean_235,clean,0.0,clean,edge_artifact,11,conservative,PASS,spatial_certificate,CLEAN_NUISANCE,False,13,12,12,5
heldout,heldout_clean_236,clean,0.0,clean,edge_artifact,12,global_baseline,PASS,spatial_certificate,CLEAN_NUISANCE,False,0,12,0,0
heldout,heldout_clean_236,clean,0.0,clean,edge_artifact,12,tile,PASS,spatial_certificate,CLEAN_NUISANCE,False,0,12,0,0
heldout,heldout_clean_236,clean,0.0,clean,edge_artifact,12,multiscale,PASS,spatial_certificate,CLEAN_NUISANCE,False,0,12,0,0
heldout,heldout_clean_236,clean,0.0,clean,edge_artifact,12,connected_component,PASS,spatial_certificate,CLEAN_NUISANCE,False,0,12,0,0
heldout,heldout_clean_236,clean,0.0,clean,edge_artifact,12,max_local_density,PASS,spatial_certificate,CLEAN_NUISANCE,False,0,12,0,0
heldout,heldout_clean_236,clean,0.0,clean,edge_artifact,12,edge_aware,PASS,spatial_certificate,CLEAN_NUISANCE,False,0,12,0,0
heldout,heldout_clean_236,clean,0.0,clean,edge_artifact,12,aggressive,PASS,spatial_certificate,CLEAN_NUISANCE,False,0,12,0,0
heldout,heldout_clean_236,clean,0.0,clean,edge_artifact,12,balanced,PASS,spatial_certificate,CLEAN_NUISANCE,False,0,12,0,0
heldout,heldout_clean_236,clean,0.0,clean,edge_artifact,12,conservative,PASS,spatial_certificate,CLEAN_NUISANCE,False,0,12,0,0
heldout,heldout_clean_237,clean,0.0,clean,edge_artifact,13,global_baseline,PASS,spatial_certificate,CLEAN_NUISANCE,False,1,12,1,1
heldout,heldout_clean_237,clean,0.0,clean,edge_artifact,13,tile,PASS,spatial_certificate,CLEAN_NUISANCE,False,1,12,1,1
heldout,heldout_clean_237,clean,0.0,clean,edge_artifact,13,multiscale,PASS,spatial_certificate,CLEAN_NUISANCE,False,1,12,1,1
heldout,heldout_clean_237,clean,0.0,clean,edge_artifact,13,connected_component,PASS,spatial_certificate,CLEAN_NUISANCE,False,1,12,1,1
heldout,heldout_clean_237,clean,0.0,clean,edge_artifact,13,max_local_density,PASS,spatial_certificate,CLEAN_NUISANCE,False,1,12,1,1
heldout,heldout_clean_237,clean,0.0,clean,edge_artifact,13,edge_aware,PASS,spatial_certificate,CLEAN_NUISANCE,False,1,12,1,1
heldout,heldout_clean_237,clean,0.0,clean,edge_artifact,13,aggressive,PASS,spatial_certificate,CLEAN_NUISANCE,False,1,12,1,1
heldout,heldout_clean_237,clean,0.0,clean,edge_artifact,13,balanced,PASS,spatial_certificate,CLEAN_NUISANCE,False,1,12,1,1
heldout,heldout_clean_237,clean,0.0,clean,edge_artifact,13,conservative,PASS,spatial_certificate,CLEAN_NUISANCE,False,1,12,1,1
heldout,heldout_clean_238,clean,0.0,clean,edge_artifact,14,global_baseline,PASS,spatial_certificate,CLEAN_NUISANCE,False,13,12,12,5
heldout,heldout_clean_238,clean,0.0,clean,edge_artifact,14,tile,UNKNOWN,tile_density,CLEAN_NUISANCE,False,13,12,12,5
heldout,heldout_clean_238,clean,0.0,clean,edge_artifact,14,multiscale,UNKNOWN,window_4_density,CLEAN_NUISANCE,False,13,12,12,5
heldout,heldout_clean_238,clean,0.0,clean,edge_artifact,14,connected_component,UNKNOWN,component_area,CLEAN_NUISANCE,False,13,12,12,5
heldout,heldout_clean_238,clean,0.0,clean,edge_artifact,14,max_local_density,UNKNOWN,window_4_density,CLEAN_NUISANCE,False,13,12,12,5
heldout,heldout_clean_238,clean,0.0,clean,edge_artifact,14,edge_aware,PASS,spatial_certificate,CLEAN_NUISANCE,False,13,12,12,5
heldout,heldout_clean_238,clean,0.0,clean,edge_artifact,14,aggressive,UNKNOWN,tile_density,CLEAN_NUISANCE,False,13,12,12,5
heldout,heldout_clean_238,clean,0.0,clean,edge_artifact,14,balanced,PASS,spatial_certificate,CLEAN_NUISANCE,False,13,12,12,5
heldout,heldout_clean_238,clean,0.0,clean,edge_artifact,14,conservative,PASS,spatial_certificate,CLEAN_NUISANCE,False,13,12,12,5
heldout,heldout_clean_239,clean,0.0,clean,edge_artifact,15,global_baseline,PASS,spatial_certificate,CLEAN_NUISANCE,False,12,12,12,5
heldout,heldout_clean_239,clean,0.0,clean,edge_artifact,15,tile,UNKNOWN,tile_density,CLEAN_NUISANCE,False,12,12,12,5
heldout,heldout_clean_239,clean,0.0,clean,edge_artifact,15,multiscale,UNKNOWN,window_4_density,CLEAN_NUISANCE,False,12,12,12,5
heldout,heldout_clean_239,clean,0.0,clean,edge_artifact,15,connected_component,UNKNOWN,component_area,CLEAN_NUISANCE,False,12,12,12,5
heldout,heldout_clean_239,clean,0.0,clean,edge_artifact,15,max_local_density,UNKNOWN,window_4_density,CLEAN_NUISANCE,False,12,12,12,5
heldout,heldout_clean_239,clean,0.0,clean,edge_artifact,15,edge_aware,PASS,spatial_certificate,CLEAN_NUISANCE,False,12,12,12,5
heldout,heldout_clean_239,clean,0.0,clean,edge_artifact,15,aggressive,UNKNOWN,tile_density,CLEAN_NUISANCE,False,12,12,12,5
heldout,heldout_clean_239,clean,0.0,clean,edge_artifact,15,balanced,PASS,spatial_certificate,CLEAN_NUISANCE,False,12,12,12,5
heldout,heldout_clean_239,clean,0.0,clean,edge_artifact,15,conservative,PASS,spatial_certificate,CLEAN_NUISANCE,False,12,12,12,5
heldout,heldout_clean_240,clean,0.0,clean,registration_noise,0,global_baseline,PASS,spatial_certificate,CLEAN_NUISANCE,False,2,1024,1,1
heldout,heldout_clean_240,clean,0.0,clean,registration_noise,0,tile,PASS,spatial_certificate,CLEAN_NUISANCE,False,2,1024,1,1
heldout,heldout_clean_240,clean,0.0,clean,registration_noise,0,multiscale,PASS,spatial_certificate,CLEAN_NUISANCE,False,2,1024,1,1
heldout,heldout_clean_240,clean,0.0,clean,registration_noise,0,connected_component,PASS,spatial_certificate,CLEAN_NUISANCE,False,2,1024,1,1
heldout,heldout_clean_240,clean,0.0,clean,registration_noise,0,max_local_density,PASS,spatial_certificate,CLEAN_NUISANCE,False,2,1024,1,1
heldout,heldout_clean_240,clean,0.0,clean,registration_noise,0,edge_aware,PASS,spatial_certificate,CLEAN_NUISANCE,False,2,1024,1,1
heldout,heldout_clean_240,clean,0.0,clean,registration_noise,0,aggressive,PASS,spatial_certificate,CLEAN_NUISANCE,False,2,1024,1,1
heldout,heldout_clean_240,clean,0.0,clean,registration_noise,0,balanced,PASS,spatial_certificate,CLEAN_NUISANCE,False,2,1024,1,1
heldout,heldout_clean_240,clean,0.0,clean,registration_noise,0,conservative,PASS,spatial_certificate,CLEAN_NUISANCE,False,2,1024,1,1
heldout,heldout_clean_241,clean,0.0,clean,registration_noise,1,global_baseline,PASS,spatial_certificate,CLEAN_NUISANCE,False,2,1024,1,1
heldout,heldout_clean_241,clean,0.0,clean,registration_noise,1,tile,PASS,spatial_certificate,CLEAN_NUISANCE,False,2,1024,1,1
heldout,heldout_clean_241,clean,0.0,clean,registration_noise,1,multiscale,PASS,spatial_certificate,CLEAN_NUISANCE,False,2,1024,1,1
heldout,heldout_clean_241,clean,0.0,clean,registration_noise,1,connected_component,PASS,spatial_certificate,CLEAN_NUISANCE,False,2,1024,1,1
heldout,heldout_clean_241,clean,0.0,clean,registration_noise,1,max_local_density,PASS,spatial_certificate,CLEAN_NUISANCE,False,2,1024,1,1
heldout,heldout_clean_241,clean,0.0,clean,registration_noise,1,edge_aware,PASS,spatial_certificate,CLEAN_NUISANCE,False,2,1024,1,1
heldout,heldout_clean_241,clean,0.0,clean,registration_noise,1,aggressive,PASS,spatial_certificate,CLEAN_NUISANCE,False,2,1024,1,1
heldout,heldout_clean_241,clean,0.0,clean,registration_noise,1,balanced,PASS,spatial_certificate,CLEAN_NUISANCE,False,2,1024,1,1
heldout,heldout_clean_241,clean,0.0,clean,registration_noise,1,conservative,PASS,spatial_certificate,CLEAN_NUISANCE,False,2,1024,1,1
heldout,heldout_clean_242,clean,0.0,clean,registration_noise,2,global_baseline,PASS,spatial_certificate,CLEAN_NUISANCE,False,1,1024,1,1
heldout,heldout_clean_242,clean,0.0,clean,registration_noise,2,tile,PASS,spatial_certificate,CLEAN_NUISANCE,False,1,1024,1,1
heldout,heldout_clean_242,clean,0.0,clean,registration_noise,2,multiscale,PASS,spatial_certificate,CLEAN_NUISANCE,False,1,1024,1,1
heldout,heldout_clean_242,clean,0.0,clean,registration_noise,2,connected_component,PASS,spatial_certificate,CLEAN_NUISANCE,False,1,1024,1,1
heldout,heldout_clean_242,clean,0.0,clean,registration_noise,2,max_local_density,PASS,spatial_certificate,CLEAN_NUISANCE,False,1,1024,1,1
heldout,heldout_clean_242,clean,0.0,clean,registration_noise,2,edge_aware,PASS,spatial_certificate,CLEAN_NUISANCE,False,1,1024,1,1
heldout,heldout_clean_242,clean,0.0,clean,registration_noise,2,aggressive,PASS,spatial_certificate,CLEAN_NUISANCE,False,1,1024,1,1
heldout,heldout_clean_242,clean,0.0,clean,registration_noise,2,balanced,PASS,spatial_certificate,CLEAN_NUISANCE,False,1,1024,1,1
heldout,heldout_clean_242,clean,0.0,clean,registration_noise,2,conservative,PASS,spatial_certificate,CLEAN_NUISANCE,False,1,1024,1,1
heldout,heldout_clean_243,clean,0.0,clean,registration_noise,3,global_baseline,PASS,spatial_certificate,CLEAN_NUISANCE,False,3,1024,1,1
heldout,heldout_clean_243,clean,0.0,clean,registration_noise,3,tile,PASS,spatial_certificate,CLEAN_NUISANCE,False,3,1024,1,1
heldout,heldout_clean_243,clean,0.0,clean,registration_noise,3,multiscale,PASS,spatial_certificate,CLEAN_NUISANCE,False,3,1024,1,1
heldout,heldout_clean_243,clean,0.0,clean,registration_noise,3,connected_component,PASS,spatial_certificate,CLEAN_NUISANCE,False,3,1024,1,1
heldout,heldout_clean_243,clean,0.0,clean,registration_noise,3,max_local_density,PASS,spatial_certificate,CLEAN_NUISANCE,False,3,1024,1,1
heldout,heldout_clean_243,clean,0.0,clean,registration_noise,3,edge_aware,PASS,spatial_certificate,CLEAN_NUISANCE,False,3,1024,1,1
heldout,heldout_clean_243,clean,0.0,clean,registration_noise,3,aggressive,PASS,spatial_certificate,CLEAN_NUISANCE,False,3,1024,1,1
heldout,heldout_clean_243,clean,0.0,clean,registration_noise,3,balanced,PASS,spatial_certificate,CLEAN_NUISANCE,False,3,1024,1,1
heldout,heldout_clean_243,clean,0.0,clean,registration_noise,3,conservative,PASS,spatial_certificate,CLEAN_NUISANCE,False,3,1024,1,1
heldout,heldout_clean_244,clean,0.0,clean,registration_noise,4,global_baseline,PASS,spatial_certificate,CLEAN_NUISANCE,False,3,1024,1,1
heldout,heldout_clean_244,clean,0.0,clean,registration_noise,4,tile,PASS,spatial_certificate,CLEAN_NUISANCE,False,3,1024,1,1
heldout,heldout_clean_244,clean,0.0,clean,registration_noise,4,multiscale,PASS,spatial_certificate,CLEAN_NUISANCE,False,3,1024,1,1
heldout,heldout_clean_244,clean,0.0,clean,registration_noise,4,connected_component,PASS,spatial_certificate,CLEAN_NUISANCE,False,3,1024,1,1
heldout,heldout_clean_244,clean,0.0,clean,registration_noise,4,max_local_density,PASS,spatial_certificate,CLEAN_NUISANCE,False,3,1024,1,1
heldout,heldout_clean_244,clean,0.0,clean,registration_noise,4,edge_aware,PASS,spatial_certificate,CLEAN_NUISANCE,False,3,1024,1,1
heldout,heldout_clean_244,clean,0.0,clean,registration_noise,4,aggressive,UNKNOWN,window_4_density,CLEAN_NUISANCE,False,3,1024,1,1
heldout,heldout_clean_244,clean,0.0,clean,registration_noise,4,balanced,PASS,spatial_certificate,CLEAN_NUISANCE,False,3,1024,1,1
heldout,heldout_clean_244,clean,0.0,clean,registration_noise,4,conservative,PASS,spatial_certificate,CLEAN_NUISANCE,False,3,1024,1,1
heldout,heldout_clean_245,clean,0.0,clean,registration_noise,5,global_baseline,PASS,spatial_certificate,CLEAN_NUISANCE,False,2,1024,1,1
heldout,heldout_clean_245,clean,0.0,clean,registration_noise,5,tile,PASS,spatial_certificate,CLEAN_NUISANCE,False,2,1024,1,1
heldout,heldout_clean_245,clean,0.0,clean,registration_noise,5,multiscale,PASS,spatial_certificate,CLEAN_NUISANCE,False,2,1024,1,1
heldout,heldout_clean_245,clean,0.0,clean,registration_noise,5,connected_component,PASS,spatial_certificate,CLEAN_NUISANCE,False,2,1024,1,1
heldout,heldout_clean_245,clean,0.0,clean,registration_noise,5,max_local_density,PASS,spatial_certificate,CLEAN_NUISANCE,False,2,1024,1,1
heldout,heldout_clean_245,clean,0.0,clean,registration_noise,5,edge_aware,PASS,spatial_certificate,CLEAN_NUISANCE,False,2,1024,1,1
heldout,heldout_clean_245,clean,0.0,clean,registration_noise,5,aggressive,PASS,spatial_certificate,CLEAN_NUISANCE,False,2,1024,1,1
heldout,heldout_clean_245,clean,0.0,clean,registration_noise,5,balanced,PASS,spatial_certificate,CLEAN_NUISANCE,False,2,1024,1,1
heldout,heldout_clean_245,clean,0.0,clean,registration_noise,5,conservative,PASS,spatial_certificate,CLEAN_NUISANCE,False,2,1024,1,1
heldout,heldout_clean_246,clean,0.0,clean,registration_noise,6,global_baseline,PASS,spatial_certificate,CLEAN_NUISANCE,False,0,1024,0,0
heldout,heldout_clean_246,clean,0.0,clean,registration_noise,6,tile,PASS,spatial_certificate,CLEAN_NUISANCE,False,0,1024,0,0
heldout,heldout_clean_246,clean,0.0,clean,registration_noise,6,multiscale,PASS,spatial_certificate,CLEAN_NUISANCE,False,0,1024,0,0
heldout,heldout_clean_246,clean,0.0,clean,registration_noise,6,connected_component,PASS,spatial_certificate,CLEAN_NUISANCE,False,0,1024,0,0
heldout,heldout_clean_246,clean,0.0,clean,registration_noise,6,max_local_density,PASS,spatial_certificate,CLEAN_NUISANCE,False,0,1024,0,0
heldout,heldout_clean_246,clean,0.0,clean,registration_noise,6,edge_aware,PASS,spatial_certificate,CLEAN_NUISANCE,False,0,1024,0,0
heldout,heldout_clean_246,clean,0.0,clean,registration_noise,6,aggressive,PASS,spatial_certificate,CLEAN_NUISANCE,False,0,1024,0,0
heldout,heldout_clean_246,clean,0.0,clean,registration_noise,6,balanced,PASS,spatial_certificate,CLEAN_NUISANCE,False,0,1024,0,0
heldout,heldout_clean_246,clean,0.0,clean,registration_noise,6,conservative,PASS,spatial_certificate,CLEAN_NUISANCE,False,0,1024,0,0
heldout,heldout_clean_247,clean,0.0,clean,registration_noise,7,global_baseline,PASS,spatial_certificate,CLEAN_NUISANCE,False,0,1024,0,0
heldout,heldout_clean_247,clean,0.0,clean,registration_noise,7,tile,PASS,spatial_certificate,CLEAN_NUISANCE,False,0,1024,0,0
heldout,heldout_clean_247,clean,0.0,clean,registration_noise,7,multiscale,PASS,spatial_certificate,CLEAN_NUISANCE,False,0,1024,0,0
heldout,heldout_clean_247,clean,0.0,clean,registration_noise,7,connected_component,PASS,spatial_certificate,CLEAN_NUISANCE,False,0,1024,0,0
heldout,heldout_clean_247,clean,0.0,clean,registration_noise,7,max_local_density,PASS,spatial_certificate,CLEAN_NUISANCE,False,0,1024,0,0
heldout,heldout_clean_247,clean,0.0,clean,registration_noise,7,edge_aware,PASS,spatial_certificate,CLEAN_NUISANCE,False,0,1024,0,0
heldout,heldout_clean_247,clean,0.0,clean,registration_noise,7,aggressive,PASS,spatial_certificate,CLEAN_NUISANCE,False,0,1024,0,0
heldout,heldout_clean_247,clean,0.0,clean,registration_noise,7,balanced,PASS,spatial_certificate,CLEAN_NUISANCE,False,0,1024,0,0
heldout,heldout_clean_247,clean,0.0,clean,registration_noise,7,conservative,PASS,spatial_certificate,CLEAN_NUISANCE,False,0,1024,0,0
heldout,heldout_clean_248,clean,0.0,clean,registration_noise,8,global_baseline,PASS,spatial_certificate,CLEAN_NUISANCE,False,2,1024,1,1
heldout,heldout_clean_248,clean,0.0,clean,registration_noise,8,tile,PASS,spatial_certificate,CLEAN_NUISANCE,False,2,1024,1,1
heldout,heldout_clean_248,clean,0.0,clean,registration_noise,8,multiscale,PASS,spatial_certificate,CLEAN_NUISANCE,False,2,1024,1,1
heldout,heldout_clean_248,clean,0.0,clean,registration_noise,8,connected_component,PASS,spatial_certificate,CLEAN_NUISANCE,False,2,1024,1,1
heldout,heldout_clean_248,clean,0.0,clean,registration_noise,8,max_local_density,PASS,spatial_certificate,CLEAN_NUISANCE,False,2,1024,1,1
heldout,heldout_clean_248,clean,0.0,clean,registration_noise,8,edge_aware,PASS,spatial_certificate,CLEAN_NUISANCE,False,2,1024,1,1
heldout,heldout_clean_248,clean,0.0,clean,registration_noise,8,aggressive,PASS,spatial_certificate,CLEAN_NUISANCE,False,2,1024,1,1
heldout,heldout_clean_248,clean,0.0,clean,registration_noise,8,balanced,PASS,spatial_certificate,CLEAN_NUISANCE,False,2,1024,1,1
heldout,heldout_clean_248,clean,0.0,clean,registration_noise,8,conservative,PASS,spatial_certificate,CLEAN_NUISANCE,False,2,1024,1,1
heldout,heldout_clean_249,clean,0.0,clean,registration_noise,9,global_baseline,PASS,spatial_certificate,CLEAN_NUISANCE,False,1,1024,1,1
heldout,heldout_clean_249,clean,0.0,clean,registration_noise,9,tile,PASS,spatial_certificate,CLEAN_NUISANCE,False,1,1024,1,1
heldout,heldout_clean_249,clean,0.0,clean,registration_noise,9,multiscale,PASS,spatial_certificate,CLEAN_NUISANCE,False,1,1024,1,1
heldout,heldout_clean_249,clean,0.0,clean,registration_noise,9,connected_component,PASS,spatial_certificate,CLEAN_NUISANCE,False,1,1024,1,1
heldout,heldout_clean_249,clean,0.0,clean,registration_noise,9,max_local_density,PASS,spatial_certificate,CLEAN_NUISANCE,False,1,1024,1,1
heldout,heldout_clean_249,clean,0.0,clean,registration_noise,9,edge_aware,PASS,spatial_certificate,CLEAN_NUISANCE,False,1,1024,1,1
heldout,heldout_clean_249,clean,0.0,clean,registration_noise,9,aggressive,PASS,spatial_certificate,CLEAN_NUISANCE,False,1,1024,1,1
heldout,heldout_clean_249,clean,0.0,clean,registration_noise,9,balanced,PASS,spatial_certificate,CLEAN_NUISANCE,False,1,1024,1,1
heldout,heldout_clean_249,clean,0.0,clean,registration_noise,9,conservative,PASS,spatial_certificate,CLEAN_NUISANCE,False,1,1024,1,1
heldout,heldout_clean_250,clean,0.0,clean,registration_noise,10,global_baseline,PASS,spatial_certificate,CLEAN_NUISANCE,False,2,1024,1,1
heldout,heldout_clean_250,clean,0.0,clean,registration_noise,10,tile,PASS,spatial_certificate,CLEAN_NUISANCE,False,2,1024,1,1
heldout,heldout_clean_250,clean,0.0,clean,registration_noise,10,multiscale,PASS,spatial_certificate,CLEAN_NUISANCE,False,2,1024,1,1
heldout,heldout_clean_250,clean,0.0,clean,registration_noise,10,connected_component,PASS,spatial_certificate,CLEAN_NUISANCE,False,2,1024,1,1
heldout,heldout_clean_250,clean,0.0,clean,registration_noise,10,max_local_density,PASS,spatial_certificate,CLEAN_NUISANCE,False,2,1024,1,1
heldout,heldout_clean_250,clean,0.0,clean,registration_noise,10,edge_aware,PASS,spatial_certificate,CLEAN_NUISANCE,False,2,1024,1,1
heldout,heldout_clean_250,clean,0.0,clean,registration_noise,10,aggressive,PASS,spatial_certificate,CLEAN_NUISANCE,False,2,1024,1,1
heldout,heldout_clean_250,clean,0.0,clean,registration_noise,10,balanced,PASS,spatial_certificate,CLEAN_NUISANCE,False,2,1024,1,1
heldout,heldout_clean_250,clean,0.0,clean,registration_noise,10,conservative,PASS,spatial_certificate,CLEAN_NUISANCE,False,2,1024,1,1
heldout,heldout_clean_251,clean,0.0,clean,registration_noise,11,global_baseline,PASS,spatial_certificate,CLEAN_NUISANCE,False,0,1024,0,0
heldout,heldout_clean_251,clean,0.0,clean,registration_noise,11,tile,PASS,spatial_certificate,CLEAN_NUISANCE,False,0,1024,0,0
heldout,heldout_clean_251,clean,0.0,clean,registration_noise,11,multiscale,PASS,spatial_certificate,CLEAN_NUISANCE,False,0,1024,0,0
heldout,heldout_clean_251,clean,0.0,clean,registration_noise,11,connected_component,PASS,spatial_certificate,CLEAN_NUISANCE,False,0,1024,0,0
heldout,heldout_clean_251,clean,0.0,clean,registration_noise,11,max_local_density,PASS,spatial_certificate,CLEAN_NUISANCE,False,0,1024,0,0
heldout,heldout_clean_251,clean,0.0,clean,registration_noise,11,edge_aware,PASS,spatial_certificate,CLEAN_NUISANCE,False,0,1024,0,0
heldout,heldout_clean_251,clean,0.0,clean,registration_noise,11,aggressive,PASS,spatial_certificate,CLEAN_NUISANCE,False,0,1024,0,0
heldout,heldout_clean_251,clean,0.0,clean,registration_noise,11,balanced,PASS,spatial_certificate,CLEAN_NUISANCE,False,0,1024,0,0
heldout,heldout_clean_251,clean,0.0,clean,registration_noise,11,conservative,PASS,spatial_certificate,CLEAN_NUISANCE,False,0,1024,0,0
heldout,heldout_clean_252,clean,0.0,clean,registration_noise,12,global_baseline,PASS,spatial_certificate,CLEAN_NUISANCE,False,0,1024,0,0
heldout,heldout_clean_252,clean,0.0,clean,registration_noise,12,tile,PASS,spatial_certificate,CLEAN_NUISANCE,False,0,1024,0,0
heldout,heldout_clean_252,clean,0.0,clean,registration_noise,12,multiscale,PASS,spatial_certificate,CLEAN_NUISANCE,False,0,1024,0,0
heldout,heldout_clean_252,clean,0.0,clean,registration_noise,12,connected_component,PASS,spatial_certificate,CLEAN_NUISANCE,False,0,1024,0,0
heldout,heldout_clean_252,clean,0.0,clean,registration_noise,12,max_local_density,PASS,spatial_certificate,CLEAN_NUISANCE,False,0,1024,0,0
heldout,heldout_clean_252,clean,0.0,clean,registration_noise,12,edge_aware,PASS,spatial_certificate,CLEAN_NUISANCE,False,0,1024,0,0
heldout,heldout_clean_252,clean,0.0,clean,registration_noise,12,aggressive,PASS,spatial_certificate,CLEAN_NUISANCE,False,0,1024,0,0
heldout,heldout_clean_252,clean,0.0,clean,registration_noise,12,balanced,PASS,spatial_certificate,CLEAN_NUISANCE,False,0,1024,0,0
heldout,heldout_clean_252,clean,0.0,clean,registration_noise,12,conservative,PASS,spatial_certificate,CLEAN_NUISANCE,False,0,1024,0,0
heldout,heldout_clean_253,clean,0.0,clean,registration_noise,13,global_baseline,PASS,spatial_certificate,CLEAN_NUISANCE,False,0,1024,0,0
heldout,heldout_clean_253,clean,0.0,clean,registration_noise,13,tile,PASS,spatial_certificate,CLEAN_NUISANCE,False,0,1024,0,0
heldout,heldout_clean_253,clean,0.0,clean,registration_noise,13,multiscale,PASS,spatial_certificate,CLEAN_NUISANCE,False,0,1024,0,0
heldout,heldout_clean_253,clean,0.0,clean,registration_noise,13,connected_component,PASS,spatial_certificate,CLEAN_NUISANCE,False,0,1024,0,0
heldout,heldout_clean_253,clean,0.0,clean,registration_noise,13,max_local_density,PASS,spatial_certificate,CLEAN_NUISANCE,False,0,1024,0,0
heldout,heldout_clean_253,clean,0.0,clean,registration_noise,13,edge_aware,PASS,spatial_certificate,CLEAN_NUISANCE,False,0,1024,0,0
heldout,heldout_clean_253,clean,0.0,clean,registration_noise,13,aggressive,PASS,spatial_certificate,CLEAN_NUISANCE,False,0,1024,0,0
heldout,heldout_clean_253,clean,0.0,clean,registration_noise,13,balanced,PASS,spatial_certificate,CLEAN_NUISANCE,False,0,1024,0,0
heldout,heldout_clean_253,clean,0.0,clean,registration_noise,13,conservative,PASS,spatial_certificate,CLEAN_NUISANCE,False,0,1024,0,0
heldout,heldout_clean_254,clean,0.0,clean,registration_noise,14,global_baseline,PASS,spatial_certificate,CLEAN_NUISANCE,False,0,1024,0,0
heldout,heldout_clean_254,clean,0.0,clean,registration_noise,14,tile,PASS,spatial_certificate,CLEAN_NUISANCE,False,0,1024,0,0
heldout,heldout_clean_254,clean,0.0,clean,registration_noise,14,multiscale,PASS,spatial_certificate,CLEAN_NUISANCE,False,0,1024,0,0
heldout,heldout_clean_254,clean,0.0,clean,registration_noise,14,connected_component,PASS,spatial_certificate,CLEAN_NUISANCE,False,0,1024,0,0
heldout,heldout_clean_254,clean,0.0,clean,registration_noise,14,max_local_density,PASS,spatial_certificate,CLEAN_NUISANCE,False,0,1024,0,0
heldout,heldout_clean_254,clean,0.0,clean,registration_noise,14,edge_aware,PASS,spatial_certificate,CLEAN_NUISANCE,False,0,1024,0,0
heldout,heldout_clean_254,clean,0.0,clean,registration_noise,14,aggressive,PASS,spatial_certificate,CLEAN_NUISANCE,False,0,1024,0,0
heldout,heldout_clean_254,clean,0.0,clean,registration_noise,14,balanced,PASS,spatial_certificate,CLEAN_NUISANCE,False,0,1024,0,0
heldout,heldout_clean_254,clean,0.0,clean,registration_noise,14,conservative,PASS,spatial_certificate,CLEAN_NUISANCE,False,0,1024,0,0
heldout,heldout_clean_255,clean,0.0,clean,registration_noise,15,global_baseline,PASS,spatial_certificate,CLEAN_NUISANCE,False,0,1024,0,0
heldout,heldout_clean_255,clean,0.0,clean,registration_noise,15,tile,PASS,spatial_certificate,CLEAN_NUISANCE,False,0,1024,0,0
heldout,heldout_clean_255,clean,0.0,clean,registration_noise,15,multiscale,PASS,spatial_certificate,CLEAN_NUISANCE,False,0,1024,0,0
heldout,heldout_clean_255,clean,0.0,clean,registration_noise,15,connected_component,PASS,spatial_certificate,CLEAN_NUISANCE,False,0,1024,0,0
heldout,heldout_clean_255,clean,0.0,clean,registration_noise,15,max_local_density,PASS,spatial_certificate,CLEAN_NUISANCE,False,0,1024,0,0
heldout,heldout_clean_255,clean,0.0,clean,registration_noise,15,edge_aware,PASS,spatial_certificate,CLEAN_NUISANCE,False,0,1024,0,0
heldout,heldout_clean_255,clean,0.0,clean,registration_noise,15,aggressive,PASS,spatial_certificate,CLEAN_NUISANCE,False,0,1024,0,0
heldout,heldout_clean_255,clean,0.0,clean,registration_noise,15,balanced,PASS,spatial_certificate,CLEAN_NUISANCE,False,0,1024,0,0
heldout,heldout_clean_255,clean,0.0,clean,registration_noise,15,conservative,PASS,spatial_certificate,CLEAN_NUISANCE,False,0,1024,0,0
